subreddit,date,argument,internet,ve,food,bot,comey,kucinich,republican,maybe,romney,rules,states,cruz,better,ban,ideas,url,live,voter,money,officer,action,nin,police,information,paul,result,israel,russian,users,article,case,nas,thing,healthcare,voting,new,candidates,government,used,shutdown,contact,don,moderators,know,removal,media,iran,issue,oh,good,reform,russia,way,support,democratic,attack,yeah,marriage,people,pay,ryan,great,point,fake,refugees,donald,trying,carson,votes,wage,dnc,jews,aren,man,nazis,gay,insurance,cop,user,country,believe,comment,public,debt,election,talking,make,reddit,control,wall,moore,makes,ni,nsa,compose,liberal,income,obamacare,idea,big,nurl,mccain,taxes,religious,biden,life,hamas,republicans,congress,law,mitt,just,post,private,constitution,option,troll,message,questions,gun,years,white,pretty,ron,think,bp,minimum,understand,black,torture,poor,santorum,accusations,real,stupid,war,corporations,company,love,need,today,politics,hate,fbi,nif,thought,oil,getting,doesn,fucking,question,mosque,civil,saying,care,agree,tsa,rich,spending,use,won,laws,women,fact,rights,cheney,obama,assange,stimulus,zimmerman,market,news,weapons,didn,really,banks,day,job,world,performed,supporters,wrong,read,gt,ll,cost,delegates,glenn,says,old,business,hope,long,stop,id,best,state,rush,emails,video,personal,tax,shill,making,actually,plan,tea,rubio,wikileaks,shit,beck,say,did,lot,true,doing,literally,win,clinton,isn,voters,lost,probably,let,subreddit.1,guns,lol,companies,federal,guy,year,kill,sure,ows,democrats,military,left,god,syria,yes,president,little,cuts,american,report,party,does,look,bernie,time,work,far,nthe,person,political,palin,sopa,joe,union,tell,reason,evidence,vote,problem,general,movement,mean,removed,right,concerns,come,hillary,said,weiner,free,gop,voted,discussion,campaign,jobs,investigation,security,sanders,cops,power,going,nazi,aca,house,candidate,racist,primary,street,fox,america,exactly,bush,feel,got,like,religion,trump,want,change,health,water,comments,bad,thanks,reminder,iraq,debate,protest,unions,regarding,automatically,school,things,economy,fuck,total
classical_liberals,2017-05-26,3.0,,5.0,,33.0,,1.0,,,,,5.0,6.0,,,11.0,,,,5.0,4.0,4.0,,2.0,20.0,1.0,1.0,1.0,,,,13.0,,,2.0,1.0,,2.0,10.0,5.0,3.0,1.0,,,1.0,6.0,,1.0,,1.0,1.0,,,,,9.0,,1.0,2.0,,,,5.0,11.0,3.0,2.0,6.0,1.0,,,,11.0,,2.0,,3.0,4.0,,,,,1.0,,2.0,,2.0,,2.0,4.0,2.0,,,,1.0,4.0,1.0,,6.0,,,6.0,2.0,1.0,,4.0,1.0,7.0,2.0,,25.0,,,,1.0,3.0,,3.0,,7.0,1.0,2.0,,1.0,,,3.0,,,1.0,3.0,3.0,,,14.0,5.0,,,7.0,1.0,,17.0,2.0,1.0,15.0,1.0,,1.0,2.0,,5.0,1.0,1.0,2.0,,3.0,,,1.0,2.0,6.0,,,,4.0,5.0,2.0,,,4.0,1.0,,1.0,,9.0,12.0,1.0,4.0,,1.0,,,,,2.0,2.0,12.0,7.0,2.0,,,11.0,,,,5.0,,5.0,2.0,1.0,,9.0,12.0,10.0,,,4.0,7.0,3.0,1.0,4.0,7.0,,,,,,,,,1.0,1.0,,2.0,3.0,5.0,,3.0,1.0,2.0,,,1.0,3.0,2.0,,,,,8.0,,,,,1.0,,,,8.0,2.0,,4.0,,,,5.0,,,38.0,2.0,12.0,,3.0,2.0,,1.0,1.0,3.0,2.0,,3.0,,3.0,,8.0,,19.0,,5.0,1.0,4.0,3.0,9.0,,17.0,,,,13.0,,3.0,13.0,3.0,8.0,3.0,,2.0,,,1.0,1.0,16.0,3.0,,,5.0,2.0,,,2.0,,4.0,16.0,1.0,,10.0,4.0,9.0,7.0,1.0,1.0,24.0,157.0
classical_liberals,2017-05-27,1.0,,1.0,,1.0,,,,,,,,,,,,,,,,,,,,2.0,,2.0,,,,,,,,,,,,2.0,,,,,,,,,,,,1.0,,1.0,,,,,,,,,,,,,,,1.0,,,,,,1.0,,,1.0,,,,,,,,,,,,,,,,,,1.0,,,1.0,,,,,1.0,,1.0,,,,,4.0,,,,1.0,,,,,1.0,,,,,,,,,,,,,,,1.0,,,,1.0,,,1.0,,,1.0,,,,,,,,,,,,,,1.0,,2.0,,,,,,1.0,,,,,,,,,1.0,,1.0,,,,,,,,1.0,1.0,,,,,,,,,1.0,,,,,,1.0,1.0,,,,,1.0,1.0,,,,,,,,,,,,,,,1.0,,,,,,,,,,,,,,,,,,,,1.0,,,,,,,,,,,,,,,1.0,,1.0,,,,,,,,,,,,1.0,,,,1.0,,2.0,,2.0,,,,,,,,,,,,,1.0,,1.0,1.0,,,,,1.0,,,,,,,,,,1.0,1.0,,,,,2.0,,,,,14.0
classical_liberals,2017-05-28,,,1.0,,5.0,,,,,,,5.0,1.0,,,13.0,,,,6.0,3.0,,,,6.0,,1.0,,1.0,,,2.0,,,2.0,,,3.0,4.0,2.0,3.0,1.0,,,,2.0,,,,,,,,6.0,,3.0,,,2.0,,,,2.0,,1.0,,,2.0,,,,3.0,,15.0,,1.0,1.0,,,,,1.0,,8.0,,,,1.0,1.0,3.0,,,,8.0,1.0,2.0,,1.0,1.0,,,,1.0,,2.0,,2.0,1.0,,5.0,,,,,,1.0,,,2.0,,3.0,,,,,2.0,,1.0,,,,,,7.0,,,,1.0,,,16.0,,1.0,8.0,,,,,1.0,2.0,5.0,,1.0,,2.0,,,1.0,,1.0,1.0,,,1.0,,,,,,,,,,3.0,4.0,1.0,,,,,1.0,,,2.0,3.0,1.0,2.0,,,,,,,,1.0,,,,1.0,,5.0,6.0,5.0,,,,1.0,4.0,1.0,,,,,,,,,1.0,,,1.0,,2.0,,1.0,,,,4.0,,,,1.0,1.0,2.0,,,,4.0,2.0,1.0,,,3.0,,,,4.0,2.0,,1.0,,1.0,1.0,,,,11.0,,1.0,,2.0,,,1.0,,2.0,,,,,3.0,,,,29.0,,2.0,,1.0,,1.0,,3.0,,,,6.0,,4.0,,6.0,8.0,,,,,,2.0,,1.0,,,,,1.0,,,6.0,,3.0,3.0,2.0,,,,,5.0,,,,130.0
classical_liberals,2017-05-29,,,2.0,,6.0,,,,,,,3.0,,,,1.0,,,,2.0,,,1.0,,2.0,,2.0,,1.0,,1.0,1.0,,,,,,1.0,,1.0,3.0,,,,,,,,,,,,,6.0,,7.0,,,,,,,,5.0,1.0,1.0,1.0,,,,,,,3.0,,1.0,2.0,,,,,,,,,,,1.0,3.0,1.0,,,,2.0,,,,2.0,,,,,2.0,,,,,,,5.0,,,,,,,,,1.0,,1.0,,,,,4.0,,,,,1.0,,,1.0,3.0,,,6.0,,,3.0,,,4.0,,,,,,,3.0,1.0,,,3.0,,,,1.0,1.0,1.0,,,,1.0,5.0,,,1.0,1.0,,,,2.0,,2.0,,,1.0,,,,,1.0,2.0,1.0,,,,,,,,,1.0,,,,,,1.0,1.0,2.0,,,,1.0,3.0,2.0,,2.0,,,,,,,,,,,,,,,,1.0,,3.0,,,1.0,1.0,1.0,,,,,1.0,,,,,,,,,,,,,,,1.0,4.0,,,5.0,,6.0,,,,,,,,1.0,,,,3.0,,2.0,,12.0,,1.0,,3.0,,4.0,,1.0,,1.0,,6.0,,,,,3.0,,,,,,2.0,1.0,2.0,,,,,1.0,1.0,,1.0,,1.0,5.0,,,1.0,1.0,1.0,9.0,,3.0,,52.0
classical_liberals,2017-05-30,,1.0,4.0,,5.0,,,,,,,2.0,3.0,,,3.0,,,,1.0,1.0,,,,1.0,,2.0,,1.0,,,2.0,,,1.0,,,,2.0,1.0,3.0,,,,,,,,,2.0,,,1.0,2.0,,6.0,,1.0,1.0,,,,,4.0,1.0,,,2.0,,,,1.0,,3.0,,,2.0,,,,,,,,,,,,2.0,2.0,,,,2.0,1.0,,,,1.0,,2.0,,1.0,,1.0,1.0,,,,,,,,,,,,,,,4.0,,,,,2.0,,2.0,,,,,,5.0,2.0,,,2.0,,,7.0,1.0,,6.0,,,,2.0,,,,,,,1.0,,,,1.0,,1.0,,,,,2.0,,,2.0,,,,,5.0,4.0,1.0,2.0,,,,,,,1.0,2.0,2.0,,,,,,2.0,,,,,,,2.0,,,2.0,3.0,,,,,1.0,,,1.0,,,,,,,,,,,,,,,,1.0,,,,,,,2.0,,,,,2.0,,,,,,,,,2.0,,,,,,,3.0,,,3.0,1.0,2.0,,,,,,,,,,,,4.0,,,,9.0,,3.0,,,1.0,4.0,,1.0,,,,4.0,,1.0,2.0,1.0,2.0,,,1.0,,,1.0,,2.0,,,,,1.0,,,,,,2.0,1.0,,,,,5.0,,1.0,5.0,37.0
classical_liberals,2017-05-31,,,7.0,,15.0,,1.0,,,,,2.0,3.0,,,2.0,,,,2.0,2.0,1.0,,2.0,3.0,,2.0,,,,1.0,1.0,,,3.0,,,2.0,1.0,1.0,3.0,,,,,3.0,,,2.0,1.0,,,,1.0,,8.0,,1.0,3.0,,1.0,,2.0,6.0,1.0,,4.0,6.0,,,,6.0,,1.0,,,4.0,,,,,,,,,1.0,1.0,,,,,,,2.0,,,,3.0,,,3.0,1.0,,,1.0,5.0,,,,8.0,,,,,1.0,,4.0,1.0,,,1.0,,,,,,,,,,,,,2.0,,,,1.0,1.0,,11.0,,,2.0,,,,1.0,,,4.0,,,,,,,1.0,1.0,1.0,,2.0,,1.0,3.0,,,,1.0,1.0,,,,,3.0,2.0,1.0,,1.0,,,,,2.0,1.0,10.0,2.0,1.0,,,,,,,1.0,,,,1.0,,4.0,10.0,3.0,2.0,,,5.0,1.0,2.0,,,,,,,1.0,,,,1.0,1.0,1.0,,2.0,1.0,,3.0,1.0,,,,1.0,2.0,3.0,1.0,,,,4.0,,,,1.0,,,,,1.0,2.0,1.0,,,1.0,2.0,3.0,,,11.0,1.0,4.0,,9.0,1.0,,1.0,,1.0,,,,,,,1.0,,12.0,1.0,3.0,,4.0,2.0,,,2.0,,1.0,,5.0,,,3.0,3.0,7.0,1.0,,,,,3.0,1.0,5.0,,,,,3.0,,,2.0,,4.0,6.0,1.0,,,1.0,4.0,4.0,,,8.0,83.0
classical_liberals,2017-06-01,,,2.0,,8.0,,,,,,,,3.0,,,,,,,,1.0,,,,1.0,,3.0,,,,,,,,2.0,,,,1.0,2.0,2.0,,,,,1.0,,,3.0,,2.0,,1.0,,,2.0,,,,,,,3.0,3.0,,,,2.0,,,,1.0,,2.0,,,3.0,,1.0,,,1.0,,,,,,1.0,3.0,1.0,,,,,,,,1.0,,,1.0,3.0,,,2.0,1.0,,,,5.0,,,,1.0,,,1.0,,,1.0,1.0,,,,,,,,1.0,1.0,,,,,1.0,,,,,,2.0,,,1.0,,,1.0,,,,2.0,,,,1.0,,,,1.0,2.0,,2.0,,,,1.0,,,,,,,,3.0,1.0,1.0,,,,,,,,1.0,,5.0,,2.0,,,1.0,,,,,,,,,,1.0,1.0,5.0,,,1.0,,1.0,2.0,,,,,,,,,,,,1.0,,1.0,1.0,,3.0,,,,,,,4.0,,,,,,1.0,,,,,,,1.0,,1.0,,,,,1.0,,1.0,,,6.0,,3.0,,3.0,,,,,,,,,,2.0,,,,7.0,,,,2.0,,,,4.0,,,,4.0,,,1.0,2.0,2.0,,,1.0,,,3.0,,4.0,,,,,,,,,,,8.0,,,1.0,,1.0,2.0,,,4.0,26.0
classical_liberals,2017-06-02,,,,,4.0,,,,,,,1.0,3.0,,,2.0,,,,1.0,1.0,,,1.0,1.0,1.0,4.0,,1.0,,,1.0,,,1.0,,,,3.0,,,,,,,,,,,,6.0,,,,,1.0,1.0,,,,,,,,,,,2.0,,,,,,1.0,,1.0,1.0,,,1.0,,,,,,,,1.0,,,,,,,1.0,,,2.0,,,1.0,,1.0,,,,1.0,,,6.0,4.0,,,,,,,,,,1.0,,,,2.0,,,,,1.0,1.0,,,2.0,1.0,,,,,,5.0,,,6.0,,,,1.0,1.0,3.0,1.0,,1.0,1.0,1.0,,,,,3.0,,,,2.0,,,,,,1.0,,,,2.0,1.0,1.0,,,1.0,,,,,1.0,,2.0,1.0,,,,,,,,,,,,,,,2.0,,,,,2.0,2.0,1.0,,1.0,,,,,,,1.0,,,1.0,,3.0,,,,,,,,,,,4.0,1.0,,,,1.0,,,,,,,,,2.0,,1.0,,,,,1.0,,,7.0,,2.0,,,,,,,1.0,,,,,,,,,8.0,,1.0,,2.0,,1.0,,3.0,,1.0,,3.0,,1.0,,,4.0,,,,,,,,3.0,,,,,,,,,,2.0,2.0,,,,3.0,3.0,,,,3.0,30.0
classical_liberals,2017-06-03,,,,,6.0,,,,,,,1.0,,,,4.0,,1.0,,1.0,1.0,1.0,,1.0,4.0,,2.0,,1.0,,3.0,,,,,,,,1.0,2.0,,,,,,3.0,,,,1.0,2.0,,,,,2.0,,,,,,,,1.0,2.0,,3.0,1.0,,,,4.0,,1.0,,,,,,2.0,,,,,,,,1.0,,,,,,1.0,,1.0,,,,,1.0,,,,1.0,,,,,1.0,,,,,,1.0,,,,,,,,,,2.0,,1.0,,,2.0,,,2.0,,,,,,,7.0,,,3.0,1.0,,1.0,,1.0,,,,,,1.0,,,1.0,,1.0,,,,,,,,,1.0,,,1.0,,1.0,1.0,,1.0,,,,,,,,,3.0,1.0,,,,,,,,1.0,,,4.0,,,1.0,,3.0,1.0,,,1.0,1.0,3.0,,1.0,,,,,,,,,1.0,1.0,,1.0,,,,1.0,,,,,,2.0,,,,,,1.0,,1.0,,,,,1.0,,,,,,,1.0,,1.0,,,4.0,,1.0,,2.0,,,,,,,,,,,,1.0,,6.0,,,,2.0,,1.0,,4.0,,1.0,,2.0,,,2.0,,1.0,,1.0,,,,1.0,,2.0,,,,,,1.0,2.0,,,,4.0,3.0,,4.0,,1.0,2.0,,,5.0,39.0
classical_liberals,2017-06-04,,,1.0,,5.0,,,,,,,,1.0,,,2.0,,,,,2.0,,,1.0,2.0,,,,,,,,,,2.0,,,,1.0,,2.0,,,,,,,1.0,,,,,,2.0,,3.0,,,,,,,,2.0,,,,,,,,1.0,,1.0,,,1.0,,,,,,,1.0,,,,,,1.0,,,,2.0,2.0,1.0,,1.0,,,,,,,,,,,,4.0,,,,,,,,,1.0,,,,1.0,,,,,,,2.0,,,,,,,,,,,3.0,,,1.0,,,,,,1.0,,,,,1.0,,,,,,,1.0,,,1.0,,,,,,,,,1.0,,1.0,1.0,,,,,,,,,4.0,,1.0,,,,,,,,,,,,1.0,1.0,1.0,1.0,1.0,,,,1.0,,,,,,,,,,,,,,,,1.0,,,1.0,,,,,,,,,,,,1.0,,,,,,,,,3.0,,,,,,,,,,4.0,1.0,1.0,,3.0,,,,,,,,,,1.0,,,,3.0,,1.0,,,,,,2.0,,1.0,,3.0,1.0,1.0,,,1.0,1.0,,,,,,,2.0,,,,,1.0,,,1.0,,,2.0,1.0,,2.0,,2.0,,,,3.0,13.0
classical_liberals,2017-06-05,1.0,,,,1.0,,,,,,,3.0,,,,,,,,2.0,,,,1.0,1.0,,,,,,,,,,,,,,,,,1.0,,,,2.0,,,,,,,,,,,,,1.0,,,,1.0,2.0,,2.0,,,,,,,,1.0,,3.0,1.0,,,,,,,,,1.0,,,1.0,1.0,,,,,,1.0,,,,,,,,,,,,,,3.0,,,,,,,,,1.0,,,,,,,,,,,,1.0,,,1.0,,,,,,,1.0,,,,,,,,,,,,1.0,,1.0,,,,,1.0,,,,,,1.0,,,,,,,,,,1.0,1.0,,,,,,,,,1.0,,,,,,,,,,,,,,,1.0,,,,,,,,,,,,,,,,,,,,,,,,2.0,,,,1.0,,,,1.0,,,,,,,,,,1.0,,,,,3.0,,,,,,,,,,2.0,,1.0,,1.0,1.0,1.0,,,,,,,,1.0,,2.0,,2.0,,,,,,,,,,,,1.0,,,1.0,,2.0,,,,,,,,2.0,,,,,,,,,,,2.0,,,,,1.0,1.0,,,1.0,13.0
classical_liberals,2017-06-06,,,2.0,,3.0,,,,,,,,1.0,,,2.0,,,,,,,,,2.0,,,,,,,2.0,1.0,,,,,,,,,1.0,,,,,,,,,,,,,,1.0,,,,,,,2.0,2.0,,,,1.0,,,,1.0,,,,,,,,,1.0,,,,,1.0,,1.0,,1.0,,1.0,,,,,,1.0,,,1.0,,,,,,,,,3.0,,,,,,,,,1.0,,1.0,,,,,,1.0,,,,,,,,1.0,,,,,,2.0,,,,,,1.0,,,1.0,1.0,,,,2.0,,,,,,,,,,,,,,,,,,,1.0,,,,,,,,,,,1.0,2.0,2.0,,,,,1.0,,,2.0,,,,,,,1.0,,,,,,,,,,,,,,,,,,,,1.0,,,,,1.0,,1.0,,,,,,1.0,,1.0,,1.0,,1.0,,1.0,,,,,4.0,,,,,,,1.0,,,5.0,,2.0,,,,1.0,1.0,,2.0,,,,,,,,,4.0,,,,1.0,,,,,,,,,,2.0,,1.0,,,,,,,1.0,1.0,2.0,,,,,,,,,,2.0,,,1.0,,4.0,,,,1.0,1.0,18.0
classical_liberals,2017-06-07,,,1.0,,2.0,,,,,,,,,,,1.0,,,,,,,,,1.0,,,,,,,,,,2.0,,,,,1.0,,,,,,,,,,,,,,,,,,,,,,,,,1.0,,,,,,,1.0,,,,,,,,,,,,,,1.0,,,,,,1.0,,,,,,1.0,2.0,,1.0,,,,,1.0,,,,,,,,,,1.0,,,,,,,,,,,,,1.0,,,,,1.0,,,,,,,,,,,,,,,,1.0,,,,,,,,,,1.0,,,,,1.0,1.0,,,,,,1.0,,1.0,,,,,,,,,,,2.0,1.0,2.0,,,,,,,,,,,2.0,,,,,1.0,,,,1.0,1.0,1.0,,,,,,,,,,,,1.0,,,,,,,,,,,,,,,,,,,,,,,,,,,,,,,,,,,,,2.0,,,,,,,,,,1.0,,,,,,,,1.0,,1.0,,1.0,,1.0,,,,,,1.0,,1.0,,,,,,,,,,,1.0,,,,,,,,,,2.0,2.0,,,2.0,1.0,,,,1.0,1.0,19.0
classical_liberals,2017-06-08,,,,,,,,,,,,,,,,,,,,,,,,,,,,,,,,,,,,,,,,,,,,,,,,,,,,,,,,,,,,,,,,1.0,,,,,,,,,,,,,1.0,,,,,,,,,,,,,1.0,,,,,,,,1.0,,,,,,,,,,,,,,,,,,,,,,,,,,,,,,,,,,,,,,,,,,,1.0,,,1.0,,,,,,,2.0,,,,,,,,,,,,,,,,,,,,,,,,,,,,1.0,,,,,,,,2.0,,,,,,,,,,,,,,,,1.0,,,,1.0,,,,,,,,,,,,,,,,,1.0,,,1.0,,,,,1.0,,,,,,,1.0,,,,,,,,,,,,,,,,1.0,,,1.0,,,,,,,,,,,,,,,,,,1.0,,1.0,,,,,,,,,,1.0,,,,,,,,,,,,,,,,,,,,,,,1.0,1.0,,,,,,,,,,4.0
classical_liberals,2017-06-09,,,1.0,,,,,,,,,,,,,,,,,,,,,,,,,,,,,,,,,,,,,,,,,,,,,,,,,,,,,1.0,,,,,,,,,,,,,,,,,,,,,,,,,,,,,,,,,,,,,,,,,,,,,,,,,,,,,,1.0,,,,,,1.0,,,,,,,,,,,,,,,,,,,,,,1.0,,,1.0,,,,,,,,,,,,,,,,,,,,,,,,1.0,,,,,,,,,,1.0,,,,,,,,,,,,,,,,,,,,,,,,,,,,,,,,1.0,,,,,,,,,,,,,,,,,,,,,,,,,,,,,,,,,,,,,,,,,,,,,,,,,,,,,1.0,,,,,,,,,,,,,,,,,,,,,,,,1.0,,,,,,,,,,,,,,,,,,,,,,,,,,,,,,,,,,,,,,3.0
classical_liberals,2017-06-10,,,1.0,,,,,,,,,,,,,,,,,,,,,,1.0,,2.0,1.0,,,,1.0,,,,,,,2.0,,2.0,,,,,,,,,,,,,,,,,,,,,,,1.0,,,,,,,,,,1.0,,,2.0,,1.0,,,,,,,,,,,,,,,,,,,,,,,,,,,,,,,2.0,,,,,,,,,,,,,,,,,,,2.0,,,,,,,,,,,,,,,1.0,,,,,,,,,,,,,,,,2.0,,,,,,,,,,,,,1.0,,,,,,,,,,,,,3.0,1.0,,,,,,,,,,,,,,1.0,,,,,,1.0,,,,,,,,,,,,,,,,,,,,,,1.0,,,2.0,,2.0,,,,,,,,,1.0,,,,,,,,,,,,1.0,,,2.0,,,,,,,,,,,,,,,,,,,,1.0,,1.0,,1.0,,,,,,,,,,,,,,,,,,,,,,,,,,,,,,3.0,1.0,,3.0,,1.0,,,,1.0,14.0
classical_liberals,2017-06-11,,,,,,,,,,,,,,,,,,,,,,,,,,,,,,,,,,,,,,,,,,,,,,,,,,,,,,,,,,,,,,,,,,,,,,,,,,,,,,,,,,,,,,,,,,,,,,,,,,,,,,,,,,,,,,,,,,,,,,,,,,,,,,,,,,,,,,,,,,,,,,,,,,,,,,,,,,,,,,,,,,,,,,,,,,,,,,,,,,,,,,,,,,,,,,,,,,,,,,,,,,,,,,,,,,,,,,,,,,,,,,,,,,,,,,,,,,,,,,,,,,,,,,,,,,,,,,,,,,,,,,,,,,,,,,,,,,,,,,,,,,,,,,,,,,,,,,,,,,,,,,,,,,,,,,,,,,,,,,,,,,1.0
classical_liberals,2017-06-12,,,1.0,,1.0,,,,,,,2.0,2.0,,,3.0,,,,,,,,,1.0,,,,,,2.0,,,,,,,,2.0,1.0,,,,,,,,,,,,,,,,,,,,,,,,2.0,,,,1.0,,,,,,,,,2.0,,2.0,,,,,,,,,5.0,1.0,1.0,,,,,,,,2.0,,,,,1.0,,,1.0,,,,,,,,,,,,,1.0,,,,,,,1.0,,,,,1.0,,,,,,,2.0,,,3.0,,1.0,5.0,1.0,,1.0,,,,1.0,,,,,,,,,1.0,,,,,,1.0,,,3.0,,,,,,,,,,,,1.0,,,,,,,,,,,,,,1.0,,,1.0,1.0,,1.0,,2.0,,,,,1.0,,,,,,,,,,,,,,,,,,,,,,,,,1.0,,,,,,,,,,,,,,,1.0,,,,,,,1.0,,,3.0,,1.0,,,,,1.0,,,,,,,1.0,,,,5.0,,,,,,,,2.0,,,,2.0,,,,2.0,2.0,,,,3.0,,,3.0,1.0,1.0,,,,,,,,,,3.0,,,1.0,1.0,,1.0,,1.0,1.0,13.0
classical_liberals,2017-06-13,,,1.0,1.0,2.0,,,,,,,,,,,1.0,,,,,,,,,1.0,,1.0,,,,1.0,,,,,,,,,,,,,,,,,,,,,,,,,1.0,,,,,,,,,,,,,,,,,,1.0,,,1.0,,,,,,,,,,,2.0,,,,,,,,1.0,,,,,,,,,,,,,,1.0,,,,,,,,,,,2.0,,,,,,,,,,,,,2.0,,,,,,,2.0,,2.0,1.0,,,1.0,,,,,,,,,,,,,,,,,,,,,,,,,,,,,,,1.0,,,,,,,,2.0,,,,,,,,,,,,,1.0,,1.0,,,,,,1.0,1.0,,,,,,,,,,,,,,,,,,,,,1.0,,,1.0,,,,,,,,,,,,,,,,,,,,,,,,,,3.0,,,,1.0,,,,,,1.0,,,,,,,,2.0,,2.0,,1.0,,,,2.0,,,,,,,1.0,,,,,,2.0,,,1.0,2.0,,,,,,,,,,,1.0,1.0,,,,1.0,,,,1.0,16.0
classical_liberals,2017-06-14,,,,,1.0,,,,,,,,,,,1.0,,,,,,,,,2.0,,,1.0,,,,,,,,,,,5.0,,1.0,,,,,,,,1.0,,,,,,,2.0,,,,,,,,,,,,,,,,,,1.0,,,,,,,,,,1.0,,,,,,,,,,1.0,,,,1.0,,,,,,,,,,,,,,,,,,,1.0,,,,,,,,,,,,2.0,1.0,,,,,1.0,,,,,,5.0,,,2.0,,,,,,,,,,,,,,,,,,,,,1.0,,,,,,,,1.0,,,,,,,,,,,,,1.0,,,,,,,,,,,,,,,1.0,,,,,,,,,,,,,,,,,,,,2.0,,,,,,,,1.0,,,,1.0,,,,,,,,,,,1.0,,,,,,,,,,,1.0,,,2.0,,1.0,,,,,,,,,,,1.0,,,,,1.0,,,,,,,,1.0,,,,1.0,,,,2.0,1.0,,,,,,1.0,,,,,,,1.0,,,,,,,,,7.0,1.0,,1.0,,,,27.0
classical_liberals,2017-06-15,,,,,,,,,,,,,,,,,,,,,,,,,,,,,,,,,,,,,,,,,,,,,,1.0,,,,,,,,,,2.0,,,,,,,,2.0,,,,,,,,,,,,,,,,1.0,,,,,,,,,,,,,,,,,,,,,,,,,,,,,,,,,,,1.0,,,,,,,,,,,,,,,,,,,,,,,1.0,,,,,,,,,,,,,,,,,,,,,,,,,,,1.0,,,,,,,,,,,1.0,,,,,,,,,,,,,,,,,,,,,,,,,,,1.0,1.0,,,,,,,,,,,,,,,,,,,,1.0,,,,,,,,,1.0,,,,,,1.0,,,,,,,,,,,,,,,,,,,1.0,,,,,,,,,,,,,,,,,,,,,,,,,,1.0,,,,1.0,,,,,,,,,,,,,,,,,,,,,,,,1.0,,,,,,,,,,8.0
classical_liberals,2017-06-16,,,,,5.0,,,,,,,,,,,1.0,,,,,,,,,3.0,,,,,,,,,,1.0,,,,,1.0,,,,,,2.0,,,,1.0,,,,,,2.0,,,,,,,,2.0,,,1.0,,,,,2.0,,,,,1.0,,,1.0,,,,,,,,2.0,1.0,1.0,,,,1.0,1.0,,,1.0,,,1.0,,,,,,,,,2.0,,,,1.0,,2.0,,,,,,,,,,,,,3.0,,1.0,,,,,,,1.0,,,5.0,,,3.0,,,,,1.0,1.0,2.0,,,,,,,1.0,,,,,,,,,,,,,,,,,,,,,,,,,,,,,,,,,,,,,,,,,,,1.0,1.0,1.0,,,,2.0,,,,,,,,,,,,,1.0,,,,,,,,,,,,,,1.0,,,,,,,,,,,,,,1.0,,,,,,,,,,3.0,,1.0,,1.0,,,,,1.0,,,,,2.0,,,,2.0,,1.0,,,1.0,1.0,,1.0,,,,1.0,,,,1.0,,,,,1.0,,1.0,,,,,,,3.0,1.0,,2.0,,,2.0,,,2.0,2.0,,,,,2.0,25.0
classical_liberals,2017-06-17,,,,,2.0,,,,,,,,,,1.0,,,,,,,1.0,,,,,,,1.0,,,,,,,,,,,,,,,,,,,,,,1.0,,1.0,,,1.0,,,,,,,,,1.0,,,,,,,,,,,,,,,,,,,,,,,,,,,,,,,,,,,,,,,,,,,,,1.0,,,,1.0,,,1.0,,,,,,,,,,,,,,,,,,,,,,,,,,,,,,,,,,,,,,,,,,,1.0,,,,1.0,,1.0,,,,,,,,,,,,,,,,,,,,1.0,1.0,,,,1.0,,,,,,,,,,,,,,,,,2.0,,,,,,,,,,,,,,,,,,,,,,,,1.0,,,,,,,1.0,,,,,,,,,1.0,,,,,,,1.0,,,,,,,,,,1.0,,1.0,,,,,,,,,1.0,,,,,,1.0,,,,,,,,1.0,1.0,,1.0,,,1.0,,,,,,,,,,1.0,,,,,,,,,,1.0,,1.0,,,1.0,11.0
classical_liberals,2017-06-18,,,,,5.0,,,,,,,,,,,2.0,,,,3.0,1.0,,,,1.0,,,1.0,,,,2.0,,,1.0,,,,9.0,1.0,,,,,,4.0,,,,1.0,,,,1.0,,1.0,,,,,,,1.0,,2.0,,,1.0,,,,,,2.0,,,,,,,,,,,,,,,1.0,,,,,1.0,2.0,,,1.0,,,,,,,1.0,,,,,1.0,,,,,1.0,,1.0,,2.0,,1.0,,,,,,,,,,,,,,1.0,,,,,,7.0,,,,,,,,,,,,,,,,,,,,,,,,,,,,2.0,,,,,3.0,1.0,,,,,,,,,,,1.0,2.0,,,,,,,,,,,,,,1.0,2.0,,,,,,,,,,,,,,1.0,,,,,2.0,,,1.0,,,,,1.0,,,,,2.0,,,,,1.0,,,,,,,1.0,,,2.0,1.0,,,2.0,,1.0,,,4.0,,,,1.0,,,,,,,,,,,,,,6.0,,1.0,,,,2.0,,2.0,,,,3.0,,,,,1.0,2.0,,1.0,,,,,,,,,,,,,,,,,,,1.0,,2.0,1.0,,,,21.0
classical_liberals,2017-06-19,,,,,1.0,,,,,,,,,,,,,,,,1.0,,,,,,,1.0,,,,,,,,,,,,1.0,,,,,,,,,,,,,,,,2.0,,,,,,,,,1.0,,,,,,,,,1.0,,,,,1.0,,,,,,,,,,,,,,,,,,,,,,1.0,,,,,,,,,,,,,,,,,,,,,,,,,,,,1.0,,,,,,,,,,,,,,,,,,,,,,,,,,,,,,,,,,,,,,,,1.0,,,,,1.0,,,,,,,,,,,,1.0,,,,,,,,,,,,,,,,,1.0,,,,,,,,,,,,,,,,,,,,,,,,,,,,,,,,,,,,,,,,,,,,,,,1.0,,,,,,,,,,,,,,,,,,,,,,,,,,,,,,1.0,,,,,,,,,,,,,,,,,,,,,,,,,,,,,1.0,,,,,,,,1.0,2.0,,,,14.0
classical_liberals,2017-06-20,,,,,4.0,,,,,,,1.0,,,,,,4.0,,1.0,1.0,,,,1.0,,,,,,,,,,1.0,,,,1.0,,2.0,,,,,1.0,,,,,,,,,,2.0,,,,,,,,5.0,,,1.0,1.0,,1.0,,,,1.0,,,,,,2.0,,2.0,,,,,,,,1.0,,,,1.0,2.0,,,,,,1.0,,,,2.0,,,,,1.0,,,,2.0,,,,,,,2.0,,,,,1.0,,1.0,,1.0,,,,,,,,,,,3.0,1.0,1.0,1.0,,,,,,,,,2.0,,1.0,,,,1.0,4.0,,,,,,1.0,,,1.0,1.0,,,1.0,3.0,,,,,,,1.0,,,2.0,,2.0,,,,1.0,1.0,,,,,,,1.0,,,,1.0,1.0,1.0,,1.0,,2.0,1.0,,1.0,,,,,1.0,,,,6.0,,,,,,,,,,,,1.0,,3.0,,,,,6.0,,,,,1.0,,,,,,,,,,1.0,,,,4.0,,,,,,,,,,,,,,3.0,,,,6.0,,,,,,,,,,,,5.0,,,,1.0,7.0,2.0,,1.0,,3.0,1.0,,,,,,,,1.0,1.0,2.0,,,3.0,1.0,,1.0,1.0,,1.0,,,1.0,27.0
classical_liberals,2017-06-21,,,4.0,,9.0,,2.0,,,,,1.0,4.0,,,4.0,,2.0,,2.0,4.0,1.0,,,2.0,,,,,,,1.0,,,2.0,,,1.0,3.0,1.0,2.0,,,,,1.0,,,,2.0,1.0,,,,,6.0,,,2.0,,,,,3.0,1.0,,6.0,,,1.0,,3.0,,2.0,,,5.0,,,3.0,,1.0,,2.0,,,,,1.0,1.0,,,,1.0,2.0,1.0,,2.0,,,2.0,,,,1.0,1.0,,,,3.0,,,,,1.0,1.0,1.0,,3.0,,,,,,,,,5.0,,,,,,1.0,3.0,,,,,,9.0,,1.0,5.0,1.0,,,,,1.0,1.0,,,,1.0,,,,1.0,5.0,,,,2.0,4.0,,1.0,,1.0,,,1.0,,1.0,2.0,2.0,1.0,,,,,,,1.0,,5.0,1.0,2.0,,,,,,1.0,1.0,,,1.0,,,,1.0,4.0,1.0,,,2.0,7.0,2.0,,1.0,,,,,1.0,,,,2.0,3.0,,1.0,1.0,1.0,,,,2.0,,2.0,,,2.0,,,1.0,,,,,,1.0,1.0,1.0,,,1.0,2.0,,1.0,,,1.0,4.0,,,7.0,,3.0,,3.0,,1.0,,,1.0,,,,,2.0,,,,13.0,,3.0,1.0,,,2.0,,3.0,,2.0,,4.0,1.0,2.0,1.0,2.0,3.0,,,,,,1.0,1.0,,,,,,,3.0,1.0,,,1.0,4.0,1.0,1.0,3.0,2.0,1.0,5.0,1.0,,6.0,63.0
classical_liberals,2017-06-22,6.0,1.0,26.0,,116.0,,1.0,,1.0,,,16.0,14.0,,1.0,36.0,1.0,10.0,,14.0,9.0,2.0,,10.0,35.0,2.0,1.0,1.0,2.0,,1.0,12.0,4.0,,17.0,1.0,,1.0,13.0,20.0,9.0,4.0,,,,19.0,,,4.0,29.0,,,4.0,2.0,,44.0,2.0,1.0,3.0,,2.0,3.0,10.0,56.0,7.0,8.0,19.0,20.0,,5.0,,32.0,2.0,17.0,,2.0,16.0,,5.0,21.0,3.0,7.0,,6.0,1.0,8.0,3.0,9.0,19.0,41.0,,2.0,,10.0,13.0,12.0,1.0,14.0,,,19.0,13.0,13.0,,16.0,20.0,,2.0,,32.0,7.0,,,3.0,,4.0,5.0,,13.0,2.0,11.0,,6.0,,4.0,18.0,,9.0,29.0,1.0,4.0,1.0,,8.0,12.0,,,3.0,1.0,,79.0,1.0,5.0,25.0,6.0,,,17.0,17.0,11.0,14.0,2.0,8.0,1.0,9.0,1.0,,17.0,15.0,25.0,,6.0,,7.0,9.0,3.0,7.0,1.0,3.0,5.0,,2.0,7.0,28.0,27.0,3.0,11.0,2.0,1.0,,1.0,,,7.0,2.0,39.0,15.0,23.0,3.0,3.0,2.0,3.0,,1.0,8.0,3.0,,4.0,4.0,3.0,2.0,29.0,31.0,9.0,,,23.0,28.0,14.0,3.0,5.0,,,,2.0,7.0,,5.0,3.0,11.0,15.0,,,16.0,7.0,,3.0,4.0,8.0,,2.0,5.0,15.0,56.0,3.0,,3.0,,13.0,2.0,5.0,,12.0,7.0,1.0,2.0,,19.0,4.0,7.0,16.0,,1.0,6.0,29.0,,2.0,123.0,6.0,31.0,,31.0,3.0,,4.0,,4.0,4.0,1.0,3.0,,24.0,,14.0,3.0,131.0,2.0,27.0,25.0,4.0,1.0,14.0,,22.0,,,1.0,29.0,4.0,5.0,14.0,12.0,17.0,4.0,3.0,5.0,1.0,,15.0,5.0,1.0,4.0,,,9.0,35.0,1.0,14.0,14.0,1.0,,31.0,17.0,1.0,14.0,17.0,10.0,50.0,3.0,4.0,46.0,677.0
classical_liberals,2017-06-23,,,5.0,,11.0,,,,,,,10.0,1.0,,,5.0,2.0,1.0,,2.0,,,,2.0,5.0,,7.0,,1.0,,,1.0,1.0,,3.0,,,1.0,5.0,1.0,,3.0,,,1.0,3.0,,,,1.0,1.0,,,1.0,1.0,2.0,,,1.0,,,1.0,3.0,6.0,1.0,5.0,2.0,5.0,,,,5.0,,7.0,,11.0,6.0,,2.0,5.0,,,,6.0,,,1.0,2.0,1.0,3.0,,,,,6.0,1.0,1.0,5.0,,,2.0,,,,,,,,,10.0,,,,,,2.0,,3.0,3.0,,,,,,,3.0,,1.0,1.0,,2.0,,,8.0,1.0,,2.0,1.0,,,12.0,,3.0,10.0,1.0,,1.0,1.0,,1.0,3.0,,,,2.0,,,1.0,,4.0,1.0,,,,2.0,1.0,2.0,,2.0,,,,,5.0,3.0,1.0,3.0,,,,,,,1.0,3.0,7.0,1.0,,1.0,,6.0,3.0,,,2.0,,,2.0,1.0,,7.0,4.0,4.0,,,,3.0,1.0,1.0,,2.0,,,,,,,,,,,1.0,,1.0,10.0,,1.0,,2.0,,,1.0,2.0,3.0,2.0,,1.0,,3.0,,,,,3.0,,,,10.0,2.0,,,,,,6.0,1.0,,10.0,,2.0,,4.0,,1.0,,,3.0,3.0,,,,2.0,,10.0,,19.0,,3.0,,5.0,,5.0,,3.0,,3.0,,10.0,,4.0,2.0,1.0,,1.0,,,,,,2.0,8.0,,,,1.0,1.0,,,1.0,,2.0,6.0,1.0,1.0,3.0,,4.0,9.0,2.0,,4.0,64.0
classical_liberals,2017-06-24,,,3.0,,6.0,,,,,,,4.0,2.0,,,4.0,,,,2.0,4.0,1.0,1.0,,7.0,,,1.0,,,,,1.0,,1.0,,,,,,1.0,,,,,3.0,,,2.0,2.0,,,1.0,,,7.0,1.0,,2.0,,,,2.0,13.0,3.0,,,1.0,,,,,,1.0,,,1.0,,1.0,,,1.0,,11.0,,,,,1.0,3.0,,,,6.0,,,,2.0,,,1.0,,1.0,,,1.0,,,,5.0,,,,,,1.0,,1.0,,,2.0,,,,,,,6.0,2.0,,,,,,,,,,,,12.0,,4.0,1.0,,,1.0,3.0,1.0,,2.0,,1.0,,,,,3.0,,1.0,3.0,,,,,,,,1.0,,,,1.0,3.0,3.0,,2.0,1.0,,,,,,1.0,,9.0,,,1.0,,1.0,,,,,,,,,,2.0,2.0,2.0,,,1.0,3.0,2.0,1.0,,1.0,,,,2.0,1.0,2.0,,,,,,,,1.0,,,,4.0,,,1.0,3.0,,1.0,,,,5.0,,1.0,,,1.0,,1.0,,1.0,,3.0,,,1.0,,8.0,,,15.0,,4.0,,4.0,,,,,1.0,,,,,2.0,,1.0,,13.0,,1.0,1.0,,,1.0,,6.0,,1.0,,7.0,,1.0,,2.0,9.0,,5.0,,,,,,4.0,,,,,,,,,,1.0,6.0,1.0,,4.0,5.0,2.0,5.0,,1.0,2.0,71.0
classical_liberals,2017-06-25,,,3.0,,18.0,,,,,,,4.0,1.0,,2.0,9.0,,1.0,,,1.0,,,1.0,2.0,,1.0,1.0,,,,,,,3.0,,,,1.0,1.0,4.0,,,,,3.0,,,1.0,3.0,,,3.0,,,6.0,,,,,,1.0,2.0,7.0,2.0,1.0,6.0,1.0,,,,3.0,,2.0,,,1.0,,1.0,1.0,,2.0,,4.0,,,,1.0,,2.0,,1.0,,5.0,2.0,1.0,,4.0,,,3.0,1.0,,,2.0,4.0,,,,2.0,1.0,,1.0,5.0,,2.0,1.0,,2.0,2.0,2.0,,,,,1.0,,1.0,4.0,,1.0,,,2.0,1.0,,,,1.0,,14.0,,,4.0,,,,3.0,,2.0,4.0,,3.0,,1.0,,,1.0,4.0,1.0,,2.0,,1.0,4.0,2.0,1.0,,,,,1.0,3.0,6.0,,2.0,1.0,,,,1.0,,,2.0,,12.0,1.0,2.0,1.0,,1.0,,,1.0,,,,2.0,1.0,,,3.0,9.0,1.0,,,5.0,6.0,6.0,,,,,,,3.0,,,,1.0,2.0,,,3.0,,,,,1.0,,,1.0,4.0,4.0,,,,,4.0,,2.0,,,6.0,,1.0,,7.0,2.0,2.0,1.0,1.0,,5.0,7.0,,,7.0,1.0,7.0,,7.0,1.0,,,,,1.0,,,,1.0,,3.0,,19.0,,6.0,1.0,1.0,,,,,,,,8.0,,1.0,1.0,,5.0,,,,,,2.0,,2.0,1.0,,,1.0,2.0,2.0,1.0,2.0,,,6.0,,,1.0,3.0,2.0,9.0,,,2.0,55.0
classical_liberals,2017-06-26,,,2.0,,7.0,,,,,,,1.0,4.0,,,6.0,,,,1.0,,,,5.0,3.0,,5.0,,,,,3.0,1.0,1.0,3.0,,,,4.0,2.0,1.0,,,,1.0,1.0,,,,2.0,3.0,,,,,4.0,,,,,,,2.0,5.0,1.0,,1.0,3.0,,,,1.0,,1.0,,,4.0,,1.0,3.0,,3.0,,,,1.0,1.0,,1.0,,,1.0,,4.0,,,,,,,2.0,,,,3.0,2.0,,,,4.0,,,,,,2.0,,,1.0,,5.0,,,,,2.0,,,,,,,,1.0,1.0,,,2.0,,,13.0,,3.0,4.0,,,,,1.0,,1.0,,,,2.0,,,,1.0,1.0,,,,,1.0,1.0,1.0,,1.0,,,,,2.0,1.0,2.0,2.0,,,,,,,,,10.0,4.0,1.0,1.0,,2.0,,,,1.0,,,,1.0,,1.0,2.0,8.0,2.0,,,5.0,1.0,,,,,,,,,,,,,3.0,,2.0,2.0,,,,,1.0,,,1.0,,2.0,,,1.0,,2.0,,,,,2.0,,,,2.0,1.0,,1.0,,,3.0,,,,12.0,,6.0,,2.0,1.0,,,,1.0,,,,,4.0,,,,11.0,,3.0,,4.0,,4.0,,1.0,,1.0,,5.0,,,,2.0,4.0,1.0,,1.0,,,,,1.0,,,,1.0,,,,1.0,,1.0,1.0,,,1.0,1.0,2.0,2.0,,,2.0,42.0
classical_liberals,2017-06-27,1.0,,1.0,,2.0,,,,,,,4.0,1.0,,,2.0,,,,1.0,2.0,,,1.0,1.0,,,,1.0,,1.0,1.0,,,,,,,1.0,,3.0,2.0,,,,3.0,,,,,,,,,,1.0,,,,,,,,1.0,,,1.0,,,,,2.0,,2.0,,2.0,,,,2.0,,,,1.0,,,,,1.0,,,,1.0,1.0,1.0,,,2.0,,,,,,,,,,,,4.0,,,,,1.0,2.0,3.0,,,,1.0,,,,,,,,,,1.0,,,,,,,2.0,,,5.0,,1.0,2.0,,,,,,,,,,,,,,,,1.0,,,,1.0,,,,,2.0,,,,,1.0,1.0,1.0,2.0,,3.0,,1.0,,,1.0,,2.0,1.0,1.0,,,,,,,1.0,,,,,,1.0,1.0,2.0,,,,,,1.0,,1.0,,,,,,,,,,,,1.0,,4.0,,,,1.0,,,,2.0,1.0,,,,,3.0,,,,,,,,,1.0,,,2.0,,,,2.0,,1.0,6.0,,4.0,,2.0,,,,,1.0,1.0,,,,,,2.0,,6.0,,1.0,2.0,1.0,1.0,2.0,,1.0,,,,2.0,,1.0,,1.0,,,,1.0,,,,1.0,3.0,,,,,,,,,,,5.0,,,,,1.0,2.0,,,1.0,27.0
classical_liberals,2017-06-28,,,,,11.0,,,,,,,,,,,3.0,,,,,1.0,,,1.0,,,1.0,,,,,2.0,,,,,,,2.0,,1.0,,,,,,,,,,,,,,,5.0,,1.0,,,,,,5.0,1.0,,2.0,1.0,,,,1.0,,,,,,1.0,1.0,,,1.0,,,,,,2.0,,2.0,,,,,,1.0,,3.0,,,1.0,2.0,,,,,,,,5.0,,,,,,1.0,2.0,,1.0,,1.0,,,,,,,,,,,,,1.0,1.0,,1.0,,1.0,,4.0,,2.0,1.0,,,,,,,1.0,,,,,,,1.0,1.0,1.0,,,,1.0,,3.0,1.0,,,,,,,,2.0,1.0,,,,,,,,1.0,1.0,3.0,2.0,,,,3.0,,,,,,,,,,,3.0,6.0,,,,1.0,1.0,2.0,1.0,1.0,,,,,,,,,,,,,,,,,,,,,,,3.0,,,,,1.0,,,,,2.0,,,,1.0,,,1.0,,1.0,,4.0,,,6.0,,4.0,,1.0,,,,,,3.0,,,,2.0,,1.0,,4.0,1.0,4.0,,,,,,2.0,,,1.0,3.0,,1.0,,1.0,,,,,,,,1.0,1.0,,,,,1.0,,,1.0,,,2.0,2.0,,,1.0,1.0,3.0,,2.0,1.0,39.0
classical_liberals,2017-06-29,,,,,6.0,,,,,,,1.0,1.0,,,1.0,,,,,,,,1.0,,,,,,,,,,1.0,,,,1.0,,1.0,1.0,1.0,,,1.0,1.0,,,,,,,,,,3.0,,,,,,,1.0,2.0,,,1.0,1.0,,,,,,2.0,,1.0,1.0,,,,,,,1.0,,,,2.0,2.0,,,,,1.0,,,,,,,,,,,,,,,,4.0,,,,,,1.0,,,1.0,,2.0,1.0,,,,,,1.0,1.0,,1.0,,,2.0,1.0,,,1.0,,,2.0,,1.0,1.0,,,,,,,1.0,,,,,,,,,,,,,,,,,,,,,,1.0,,,,2.0,,,,,,,1.0,1.0,1.0,1.0,,1.0,,1.0,,,,1.0,,1.0,,,,2.0,1.0,,1.0,,,,,1.0,,1.0,,,,,,,,,,,,,,1.0,,,,,,,,,,,,,,2.0,,,,,1.0,,,,2.0,,,,,1.0,,1.0,,,2.0,,1.0,,,,1.0,,,1.0,,,,,1.0,,1.0,,3.0,,,,1.0,,2.0,,1.0,,,,1.0,,,,,1.0,,,,1.0,,,1.0,1.0,,,,1.0,1.0,,1.0,2.0,,,2.0,2.0,,,,1.0,,,,3.0,15.0
classical_liberals,2017-06-30,,,,,1.0,,,,,,,,,,,,,,,,,,,,,,,,,,,,,,,,,,,1.0,,,,,,,,,,,,,,,,,,,,,,,,,,,,,,,,,,1.0,,,,,,,,,,,,,,,,,,,,,,,,,,,,,,,,1.0,,,,,,,,,,,,,,,,,,,,,,,,,,,,,,,,,,,,,,,,,,,,,,1.0,,,,,,,,,,,,,,,,,,,,,,,,,,,,,,,,,,,,,,,,,,,,,,,,,,,,,,,,,,,,,,,,,,,,,,,,,,,,,,,,,,,,,,,,,,,,,,,,,,,,,,,,,,,,,,,,,,,,,,,,,,,,,,,,,,,,1.0,,,,,,,,,,,,,,,,,,,,,,,,,,,,,1.0,,,,,,,,1.0,5.0
classical_liberals,2017-07-01,,,3.0,,8.0,,,,,,,,2.0,,,1.0,,2.0,,,,,,1.0,2.0,,,,,,1.0,3.0,,,,,,,1.0,2.0,1.0,1.0,,,,2.0,,,,1.0,,,,,,1.0,,,,,,,,1.0,,,2.0,2.0,,1.0,,8.0,,,,,2.0,,,,,,,,,,,2.0,,2.0,,,1.0,,,,,2.0,,,2.0,,,,,,,,,1.0,1.0,,,1.0,,,,,,,2.0,,,,,,,,,,,,,,2.0,,,,,,6.0,,,3.0,2.0,,,1.0,,1.0,3.0,,,,2.0,,,1.0,,,,,,,1.0,,,,,,,,,,3.0,1.0,,,,,,,,1.0,,6.0,3.0,1.0,,,,,,,,,,,2.0,,,4.0,5.0,2.0,,,2.0,,2.0,1.0,1.0,,,,,1.0,,1.0,,2.0,2.0,,,1.0,,,,,,,,,2.0,,,,,,2.0,,,,1.0,,,,,,1.0,,,,,,1.0,,,5.0,,,,1.0,,1.0,,,,,,,,1.0,,,,7.0,,3.0,,,,1.0,,,,,,3.0,,1.0,5.0,2.0,2.0,,,,,,,,1.0,,,,,,,,3.0,,,2.0,2.0,,,1.0,2.0,,,,3.0,39.0
classical_liberals,2017-07-02,1.0,,,,3.0,,,,,,,,,,,,,,,1.0,,,,1.0,,,,,,,,,,,1.0,,,1.0,,1.0,,1.0,,,,,,,,1.0,,,,,,1.0,,,,,,,,2.0,1.0,,1.0,,,,,,,4.0,,1.0,,,,,,,,,,,,,,,,,,,,,,1.0,,,,,,,,,,,,3.0,,,,1.0,,,2.0,,1.0,,1.0,,1.0,,,,,,,,,,,,1.0,,,1.0,,,3.0,1.0,,3.0,,,,,,,,2.0,,,,,,,,,,,,,1.0,2.0,,,,,,,,1.0,3.0,,,,1.0,,,,,,,,1.0,,,,,,,,,,1.0,,,,,,,,,,,1.0,1.0,1.0,,,,,,,,,1.0,,2.0,,,3.0,2.0,,,,,,,,,,,,,,2.0,1.0,,,,,,,,,,,,,,,,,,2.0,,1.0,,,,1.0,,,1.0,,,,,,,4.0,,1.0,,1.0,,,,3.0,,1.0,,1.0,,1.0,1.0,2.0,,,2.0,,,1.0,,,1.0,,2.0,,,,,1.0,,1.0,1.0,,,3.0,,,,,,,,,2.0,23.0
classical_liberals,2017-07-03,,,1.0,,1.0,,,,,,,,,,,,,,,,,,,,1.0,,,,,,,,,,,,,,,,,,,,,,,,,,,,,,,1.0,,1.0,,,,,,1.0,,,,,,,,1.0,,,,,,,,,,,,,,,,,,,,,,,,,,1.0,,,,,,,,1.0,,1.0,,1.0,,,,,,,,,,1.0,,,1.0,,,,1.0,,,,,,,,,,,,,,3.0,1.0,,1.0,,,,,1.0,1.0,,,,,,,,,,,,,,,,1.0,,,1.0,,,1.0,,,1.0,,,,,,,,,,,3.0,2.0,,,,,,,,,,,,,,,1.0,2.0,,,,,,,1.0,,,,,,,,,,,,,,,,,,,,,,,,,,,,,1.0,,,,,,,,,,,,,,,,3.0,,,4.0,,1.0,,,,,,,,,,,,,,,,,,1.0,,,,4.0,,,,,,,,,1.0,,,,,,,,,,,,,,,,,,,,,1.0,,,,,1.0,,,,,14.0
classical_liberals,2017-07-04,,,1.0,,4.0,,,,,1.0,,,2.0,,,2.0,,,,1.0,,1.0,,,,,,,,,,,,,1.0,,,,1.0,3.0,,,,,,1.0,,,,,,,2.0,,,1.0,,,1.0,,,,,1.0,,,1.0,,,,,3.0,,1.0,,,,,,1.0,,,,,,,,,,1.0,,,,1.0,1.0,,,,,,,,,,,1.0,,,,2.0,,,,,,,,,2.0,,,,2.0,,,1.0,,,,,,,,,,,,,,,4.0,1.0,1.0,,,,,,,,,,,1.0,,,,,,1.0,,,,,,,,,,,,,,,2.0,1.0,,,,,,,,,,1.0,2.0,,,,,,,,,,,,,,,,,,,,,1.0,,1.0,,,,,,,,,,,,,,1.0,,1.0,,,,,,,,,,,,,1.0,,,,1.0,,1.0,,,1.0,,,1.0,,,,2.0,,,4.0,,3.0,,,,,,,,,,,,,,,,6.0,,1.0,,,,2.0,,,,,,,,,2.0,1.0,,,,,1.0,,,,1.0,,,,1.0,,,,,,,1.0,,,,1.0,,2.0,,,2.0,24.0
classical_liberals,2017-07-05,,,,,1.0,,,,,,,,,,,,1.0,,,1.0,1.0,,,,,,,,,,,,,,,,,,3.0,,,,,,,,,,,,,,,,,,,,,,,,,,,,1.0,,,,,,,,,,1.0,,,,,,,,,,,,,,,,,1.0,,,,1.0,,,,,,,,,,,,1.0,,,,,,,,,3.0,,,,,,,,,,,,,,,,,,,,,,3.0,,2.0,1.0,,,,,,,,,,,,,,,1.0,,,,,,,1.0,,,1.0,1.0,,,,,,,,,,,,,,,,1.0,,,,,,,,,,,,,,,,1.0,,,,,,,,,,,,,,,,,,,1.0,,,,,,,,,,,,,,,,1.0,,2.0,,,,,1.0,,1.0,,3.0,,,,,,,,,1.0,1.0,,1.0,,,,,,,,,,,,,,1.0,,1.0,,,,,,,,,,,,,,,,,,,,,,,,,1.0,,,,1.0,,1.0,,1.0,,,2.0,,,,,,,,,,11.0
classical_liberals,2017-07-06,,,,,3.0,,,,,,,,,,,1.0,,,,1.0,,,,,1.0,,,,,,,,1.0,,,,,,2.0,,,,,,,1.0,,,,,1.0,,,,,,,,,,,,1.0,1.0,,,,,,,,1.0,,1.0,,,,,,,,,,,,,,,1.0,,,,,2.0,,,,,,,,,,,,,,,,4.0,,,,,,,,,,,,,3.0,,,,,1.0,,,3.0,,,,,,,,,,1.0,,,,,,,,,,,,,,,,,,,1.0,,,,,,1.0,,,,,,,,,,,1.0,,,,,,,,,1.0,,,,,,,,,,,,1.0,,,,1.0,3.0,1.0,,,,1.0,,,,,,,,,,,,,,,,,3.0,,,2.0,,,,,1.0,,,,1.0,,1.0,1.0,,,,,,,,,,,,,1.0,,,,,4.0,,1.0,,,1.0,1.0,1.0,,,,,,,,,,,3.0,,,,,,1.0,,1.0,,,,,1.0,,1.0,1.0,1.0,,,,1.0,,,,,,,,,,,,,,,,,,1.0,,1.0,,,,2.0,22.0
classical_liberals,2017-07-07,1.0,,1.0,,5.0,,,,,,,3.0,1.0,,,2.0,2.0,,,1.0,1.0,,,2.0,6.0,,1.0,,,,,,,,,2.0,,,4.0,,1.0,,,,,,,,1.0,,,,,,,5.0,,,,,,,1.0,,,,5.0,,,,,1.0,,2.0,,,1.0,,,3.0,,1.0,,1.0,,,,1.0,1.0,,,1.0,,1.0,,1.0,,3.0,,,2.0,,,,1.0,,,2.0,,7.0,,,,,1.0,,2.0,,1.0,,1.0,,,,,,,,,1.0,2.0,,,1.0,,1.0,,2.0,,,4.0,1.0,1.0,3.0,,,,,,1.0,2.0,1.0,1.0,,3.0,,,1.0,,3.0,,,,,,1.0,,,,,,,,1.0,1.0,2.0,,,,,,,,,1.0,1.0,1.0,,,,,,,,2.0,,,,,,2.0,,1.0,2.0,,1.0,1.0,1.0,1.0,1.0,2.0,,,,,,,,,,,,,1.0,1.0,,1.0,1.0,,,,1.0,,1.0,2.0,,,,2.0,,,,,3.0,1.0,,,3.0,1.0,,1.0,,,,1.0,,,6.0,,4.0,,2.0,,1.0,1.0,,1.0,,,,,2.0,,1.0,,7.0,,1.0,1.0,2.0,,3.0,,,,,,4.0,2.0,1.0,2.0,1.0,2.0,,,,,,1.0,1.0,3.0,,,,,,,1.0,1.0,,2.0,2.0,3.0,,,,1.0,1.0,,,5.0,41.0
classical_liberals,2017-07-08,,,2.0,,2.0,,,,,,,,,,,2.0,,,,,,,,,2.0,,,,,,,2.0,,,,,,,1.0,2.0,1.0,,,,,1.0,,1.0,,,,,,,,1.0,,,1.0,,,2.0,,1.0,,,,,,,,1.0,,,,,,,,,,,,,,,,,,,,,,,,1.0,,1.0,,,,,,,,,,,,1.0,,,,,,1.0,,,,,1.0,,,,,,,,1.0,2.0,,,,,,,,,,,2.0,,,1.0,,,,1.0,,,1.0,,1.0,,,,,,,,,,,,,,,,1.0,,,,,1.0,1.0,,,,,,,,,,,,,1.0,,1.0,1.0,,,,,,,,,,,1.0,,,,1.0,,,2.0,,,,,,,,,,,,,,,,,,1.0,,,,,,1.0,1.0,,,,,1.0,,1.0,,1.0,,,,,,,,,,,,,,,4.0,,2.0,,,,,,,,,,,,2.0,,,,3.0,,,,,,1.0,,1.0,,,,1.0,,,1.0,,1.0,,,,,,3.0,,1.0,,,,,,,,1.0,,,,,1.0,,2.0,1.0,,,,3.0,13.0
classical_liberals,2017-07-09,1.0,,,,1.0,,,,,,,,,,,,,,,1.0,,,,,,,,,,,,,,,,,,,1.0,,1.0,,,,,,,,,,,,,,,,,,,,,1.0,,2.0,,,,,,,,3.0,,1.0,,,,,1.0,,,,,,,,,2.0,1.0,,,,,,,,,,,,,,,,,,,,,1.0,,,,1.0,,,,,,,,,,,,,,,2.0,,,,,,,,,,1.0,,,,,1.0,1.0,,,,1.0,,,,,,,,,,,,,,,,,1.0,1.0,,,,,1.0,,,1.0,,,,,,1.0,,,,,,,,,,,,,,,,,1.0,,,1.0,,,,,,,,,1.0,,,,,,,,,,1.0,,,,,,,,,,,,,,1.0,,,,,,,,,,,,,,,,,,,,,,,,2.0,,,,,,,,,,,,,,,,,,1.0,,1.0,,,,,,,,,,,,1.0,1.0,,,,,1.0,,,,,,,,,,,,,,,,,,,,,,2.0,,,1.0,11.0
classical_liberals,2017-07-10,,,,,4.0,,,,,,,,,,,5.0,,,,1.0,,,,,,,,,,,,1.0,,,,,,,,2.0,,,,,,,,,,,,,,,,1.0,,,,,,,,,,,,,,,,1.0,,,,,1.0,,,1.0,,,,,,,,1.0,,,,,,,,,,,,,1.0,1.0,,,1.0,,,,,3.0,,,,,,,1.0,,,,1.0,,,,,,,,,,,,,,,,,1.0,,,2.0,,1.0,1.0,,,,,,,,1.0,,,,,,,,,,,,2.0,,,1.0,,,,,,,1.0,,1.0,,,,,,,,1.0,,2.0,,,,,1.0,,,,,,,,,,,1.0,1.0,,,,,,1.0,,1.0,,,,,,,,,,,,,1.0,,,,,,,,,,1.0,,,,,,,,,,2.0,,,,1.0,,,,,1.0,,1.0,,,5.0,,,,,,,,,1.0,,,,,,,,,4.0,,1.0,2.0,,,,,1.0,,1.0,,,,1.0,,,1.0,,,,,,,1.0,,,,,,,,,,,,,,,1.0,1.0,,1.0,2.0,,5.0,15.0
classical_liberals,2017-07-11,,,,,3.0,,,,,,,,1.0,,,,,,,1.0,,,,,1.0,,,,,,,,,,,,,,4.0,,,,,,,1.0,,,,,,,,,,,,,1.0,,,1.0,,,,,,1.0,,,,2.0,,,,,,,,,,,,,,,,1.0,,,,,,,,,,,,,,,,,,,,1.0,,1.0,,,,,,,,,2.0,,1.0,,1.0,,,,,,1.0,,,,,1.0,,,,,,,1.0,,,1.0,2.0,,,,,,1.0,,,,,,,,,2.0,,,,,,,1.0,,,1.0,,,,1.0,,1.0,,,,,,,,,1.0,,,,,,1.0,,,,,,,,,,,,,,,,1.0,1.0,,,,,,,,1.0,,,,1.0,,,,,,,,,,,,,,,,,,,2.0,,,,,,,,,1.0,,,,,,,1.0,,,,1.0,1.0,,2.0,,,1.0,,,,,,,1.0,,,,,,,,2.0,,,,,,,,,,3.0,,,1.0,1.0,,,,,,,,,,,,,,,,,,1.0,,,1.0,,,2.0,,,3.0,15.0
classical_liberals,2017-07-12,,,1.0,,2.0,,,,,,,,,,,,,,,,1.0,,,,,,,,,,,,,,1.0,,,1.0,,,1.0,,,,,,,,,,,,,,,,,,,,,,,1.0,,,,1.0,,,,1.0,,,,,,,,1.0,,,,,,,,,,,1.0,,,,,,,1.0,,,,,,,,,,,,,,,,,,1.0,,,1.0,,,,,,,,1.0,,,,1.0,,,,,,,,,,2.0,,,1.0,,,,,,1.0,,,,,,,,,1.0,,,,,,1.0,,,,,,,,,1.0,1.0,,,,,,,,,,,,,,,,,,,,,,,,,,,,,,,,,,,,,,,,,,,,,,,,,1.0,,,,,,,,,,,,,,,,1.0,1.0,,,1.0,,,,,,,,,,,,,,1.0,,1.0,,1.0,,,,,,,,,,,,,,1.0,,,,,,,,,,,,,,1.0,1.0,,1.0,,,,,,,1.0,,,,,,,,,,,,,,,,,,1.0,,,1.0,10.0
classical_liberals,2017-07-13,,,,,,,,,,,,,,,,1.0,,,,,,,,,,,,,,,,,,,,,,,,,,,,,,,,,,,,,,,,,,,,,,,,,,,,,,,,,,,,,,,,,,,,,,,,,,,,,,,,,,,,,,,,,,,,,,,,,,,,,,,,,,,,,,,,,,,,,,,,,,,,,1.0,,,,,,,,,,,,,,,,,,,,,,,,,,,,,,,,,,,,,,,,,,,,1.0,,,,,,,,,,,,,,,,,,,,,,,,,,,,,,,,,,,,,,,,,,,,,,,,,,,,,,,,,,,,,,,,,,,,,,,,,,,,,,,,,,,,,,,,,,,,,,,,,,,,,,,,,,,,,,,,,,,1.0,,,,,,,,,,,,,,,,,,,,,,2.0
classical_liberals,2017-07-14,,,1.0,,,,,,,,,,,,,1.0,,,,,,,,1.0,,,,,,,,,,,,,,,1.0,,,,,,,,,,,,,,,,,1.0,,,,,,,,,,,,,,,,2.0,,,,,,,,1.0,,,,,,,,,,,,,,,,,,,,,,,,,,,,,,,,,,,,,,,,,,,,,,,,,,,,,,,,,,,,,1.0,,,,,,,,,,,,,,,,,,,,,,,,,,,,,,,,,1.0,,,,,,,,,,,,,,,,,,,,,,,,,,,,,,,,,,,1.0,,,,,,,,,,,,,,,,,,,,,,,,1.0,,,,,,,,,,1.0,,,,,,,,,,,,,,,,,,,1.0,,,,,,,,,,,,,,,,,,,,,,,,,,1.0,1.0,,,1.0,,,,,,,,,,,,,,,,,,,,,,,,,,,,,1.0,7.0
classical_liberals,2017-07-15,,,,,2.0,,,,,,,,,,,,,,,,,,,,,,,,,,,,,,,,,,1.0,1.0,,,,,,,,,,,,,,,,,,,,,,,,1.0,,,,,,,,,,,,,,,,,,,,1.0,,,,1.0,,,,,,,,,,,,,,,,,,,,,,1.0,,,,,,,,,,,,,1.0,,,,,,,,,,,,,,,,,,,,,,,,,,,,,,,,,,,,,,,,,,,,,,,,,,,,,,,,,,,,,,,,,,,,,,,,,,,1.0,,,,1.0,2.0,,,,,,,,,,,,,,,,,,,,,,1.0,,,,,,,,,1.0,,,,,,,,,,,,,,,,,,,,,,,,1.0,,,,,,,,,,,,,,,,,,1.0,,,,,,,,,,,,,,,,,1.0,,,,,1.0,,,,,,,,,,,1.0,,,,,,,,,,,,,4.0
classical_liberals,2017-07-16,1.0,,,,1.0,,,,,,,,,,,,,1.0,,,,,,1.0,,,,,,,,,,,,,,,,1.0,,1.0,,,,,,,,,,,,,,,,,,,,,1.0,,1.0,,1.0,,,,,,,1.0,,,,,,,,,,,,,,,,,,,,,,,,,,,1.0,,,,,,,,,1.0,,,,,,,1.0,,,,,,1.0,,,,,,,,,,,,,,,,,,1.0,,,,1.0,,,,,,,,,,,,,,,,,,,,,1.0,1.0,,,,,,,,,,,,,,,,,,,1.0,,,,,,,,,,,,1.0,,,,1.0,,,,,,,,1.0,,,,1.0,,,,,,,,,,,,,,,,,,,,,,,,,,,,,,,,,,,,,,,,,,,,1.0,,1.0,,,,,,,,,,,,1.0,,,,,,,1.0,,,,,1.0,,,,,,,1.0,,,,,,,,,,,,,,1.0,,,,2.0,,,,,,,1.0,,,1.0,,1.0,6.0
classical_liberals,2017-07-17,1.0,,2.0,,9.0,,,,,,,1.0,,,,1.0,,,,3.0,,,1.0,,,,,,,,1.0,,,,1.0,,,,1.0,2.0,,1.0,,,,1.0,,,,,,,,,,2.0,,,2.0,,,,1.0,8.0,,,1.0,4.0,,,,5.0,,,,,2.0,,,1.0,1.0,,,,,,,,2.0,2.0,,1.0,,,1.0,,,4.0,,,1.0,2.0,,,,1.0,,,,1.0,,,,,1.0,,,,1.0,3.0,1.0,,2.0,,,1.0,,1.0,,,,,,,,,,,,,7.0,2.0,,7.0,,,,,1.0,1.0,2.0,,,,,,,,,3.0,,,,,,2.0,,,,,,,,2.0,4.0,2.0,2.0,,,,,,,,,7.0,2.0,,,,,,,,,,,,1.0,,,,2.0,,,,1.0,,1.0,,,,,,,,,,,2.0,,,,3.0,,,,,,,1.0,,1.0,1.0,,,,,4.0,2.0,,,4.0,,,,,1.0,1.0,,,,,,2.0,,,6.0,1.0,4.0,,,,1.0,,,,,,,,2.0,,,,7.0,,,,,1.0,1.0,,1.0,,,,4.0,1.0,2.0,11.0,,3.0,,,,,,1.0,1.0,2.0,,,,1.0,,,,,,,3.0,1.0,,,,1.0,3.0,,,5.0,39.0
classical_liberals,2017-07-18,,,2.0,,8.0,,,,,,,,1.0,,,1.0,,,,1.0,1.0,,,,3.0,,,,,,,,,,,,,,,2.0,1.0,,,,,,,2.0,,,,,,,,2.0,,,1.0,,,,1.0,1.0,1.0,,3.0,2.0,,1.0,,2.0,,1.0,,,1.0,,,,,2.0,,,,,,,,1.0,,,,,2.0,,,1.0,,,2.0,,,,5.0,,,,,1.0,,,,,,,,,,1.0,1.0,,1.0,,,,,,,,1.0,,,2.0,1.0,,,,,,9.0,,,5.0,1.0,,,,,1.0,1.0,,,,,,,,,,,,,,,2.0,,,,,,,,1.0,3.0,1.0,2.0,,,,,,,,1.0,1.0,1.0,,,,,,,,2.0,,,1.0,,,1.0,,3.0,,,,,1.0,,2.0,,,,,,,,,,,,,,,,1.0,,1.0,,,,,,3.0,1.0,,,,,,,,1.0,,,,,,,1.0,1.0,,,,3.0,,,6.0,2.0,3.0,,1.0,,,,,,,,,,,,,,6.0,,,,1.0,,2.0,,2.0,,1.0,,,1.0,3.0,4.0,,1.0,,,,,,4.0,,2.0,,,,1.0,,,,1.0,,1.0,,,,1.0,1.0,1.0,1.0,,,3.0,26.0
classical_liberals,2017-07-19,,,,,9.0,,,,,1.0,,,,,,2.0,,,,,,,,1.0,,,,2.0,,,,,,,,,,,2.0,,1.0,,,,,,,,,,,,,,,,,,,,,,1.0,3.0,,,,3.0,,,,2.0,,1.0,,,1.0,,,1.0,1.0,,,,,,,1.0,1.0,,,1.0,,,,1.0,,3.0,,,,1.0,1.0,,,1.0,,,,1.0,,,,,,,,,,,,,1.0,,,,,,1.0,,,,,,,,,,,,3.0,1.0,1.0,2.0,,,,,1.0,,1.0,,,,,,,,,1.0,,,,,1.0,,,,,,,,,1.0,1.0,,1.0,,1.0,,,,,,1.0,,1.0,,,,1.0,,,,1.0,,,,,,,1.0,1.0,,,1.0,,2.0,,1.0,1.0,,,,,,,1.0,,,,,,,,,,,,,,,1.0,,1.0,,,,2.0,,,,1.0,1.0,,,,,,,,,,,1.0,,,5.0,,3.0,,,,,,,,,,,,1.0,,,1.0,2.0,,1.0,,,1.0,1.0,,1.0,,,,5.0,,,7.0,,1.0,,,,,,,,,,,,,,,,1.0,,,1.0,,,,1.0,1.0,1.0,,,3.0,16.0
classical_liberals,2017-07-20,,,,,3.0,,,,,1.0,,1.0,1.0,,,1.0,,,,,,,1.0,,,,,,,,,1.0,,,,,,,1.0,,,,,,,,,,,,,,,,,,,,,,,,,,,,,1.0,,,,2.0,,,,,,,,,,,,,,,,,,,,2.0,,1.0,,,,,,,,,1.0,,,,,1.0,,,,,,,,1.0,,,,,,,,,,,,,,,,,,,,,,,,,,,,1.0,,,,,,1.0,1.0,,,,1.0,,,,,1.0,,,,,,,,,,,,,,,,,1.0,,,,,,,,,,1.0,,,1.0,1.0,,,,,,,,,1.0,,1.0,1.0,,,,2.0,,,2.0,,,,,,,,,,,,,,,,,,,,,,,1.0,,,,,,,1.0,,,1.0,,,,,,,,,,,1.0,,,,3.0,,1.0,,,,,,,1.0,,,,,,,,,1.0,,,,,,,,1.0,,,,1.0,,2.0,2.0,,,,,,,,1.0,,,,,,,,,,1.0,,,,1.0,,,,,,,,1.0,9.0
classical_liberals,2017-07-21,1.0,,1.0,,2.0,,,,,,,,,,,,,,,,,,,,1.0,,,,,,,,,,,,,1.0,2.0,,,,,,,1.0,,,,,,,,,,,,,1.0,,,,,,,,1.0,1.0,,,,1.0,,1.0,,,,,,,,,,,,,,,,,,,,,,,,,,,,,,,,,,,,1.0,,,,,,,,,1.0,,,,,,,,,,,,,,,1.0,,,,,,,,,,,,,,,,,,,,,,,,,,,,,,,,,,,,,,,,,,,,,,,,,,,1.0,,,,,,,,,,,,,,,,,,,1.0,,,1.0,,1.0,1.0,1.0,,,,,,,,,,,,,,,,,,,,,,2.0,1.0,,,,,,,,,,,,,,1.0,,,,,,,,,,1.0,,,,,,,,,1.0,,,,,,,,,2.0,,,,,1.0,1.0,,,,,,1.0,1.0,,1.0,,,,,,,,,,,,,,,,,,,,,,,,,,,,,,1.0,6.0
classical_liberals,2017-07-22,1.0,,,,5.0,,,,,,,2.0,2.0,,,1.0,,,,1.0,1.0,,,,2.0,,3.0,,1.0,,,4.0,,,,,,,1.0,1.0,1.0,,,,,3.0,,3.0,,,1.0,,,,,1.0,,,1.0,,,,1.0,1.0,1.0,1.0,,,,,,3.0,,1.0,,3.0,,,,1.0,,,,3.0,,,1.0,,3.0,,,,,,,2.0,,4.0,,,1.0,,,,,,1.0,,,14.0,,,,,,,,,1.0,,2.0,,,,,1.0,,,,,,,1.0,5.0,1.0,,,,,,6.0,,,2.0,,,,,,1.0,1.0,,,,4.0,,1.0,1.0,,,,,,1.0,,1.0,1.0,,1.0,2.0,,,,,3.0,1.0,1.0,,,,,,,1.0,,1.0,2.0,,,,3.0,,,,,,1.0,,,,,2.0,1.0,,,,,1.0,,,,,,,,,,,1.0,,,,1.0,,3.0,,2.0,1.0,2.0,,,1.0,1.0,2.0,,,1.0,,3.0,,,,,,,,,1.0,,,1.0,,1.0,,6.0,,,7.0,,3.0,,,,,,,1.0,1.0,,,,1.0,,2.0,,7.0,,,,8.0,,1.0,,2.0,,,,7.0,,4.0,2.0,,3.0,1.0,,,,,,1.0,,,,,2.0,,,,2.0,,1.0,4.0,1.0,,1.0,,1.0,3.0,,,3.0,29.0
classical_liberals,2017-07-23,,,,,2.0,,,,,,,,,,,1.0,,,,,,,1.0,,,,,,1.0,,,,,,,,,,,,,,,,,,,,,,,,,,,,,,,,,,,1.0,,,,,,,,,,,,,,,,,,,,,,,,,,,,,,,,,,,,,,,,,,,,,,,1.0,,,,,,,,,,,,,,,,,,,,,,,,,,,,,,1.0,,,,,,,,,,,,,,,,,,,,,,,,,,,,,,,,,,1.0,,,,,,,,,,,,1.0,,,,,,,,,,,,,,,,,,,,,,,,,,,,,1.0,,,,,,,,,,,,,,,,,,,,,,,,,,,,,,,,,,1.0,,,,,,,,,,,,,,,,,,,,,,1.0,,,,1.0,,,,,,1.0,,,,,,,,,,,,,,,,,,,,,,,,,,1.0,,,,,,,,,1.0,1.0,,,,6.0
classical_liberals,2017-07-24,,,,,1.0,,,,,,,,,,,,,,,1.0,,,,,2.0,,,,,,,,,,,,,,1.0,,,,,,,,,,,,,,,,,,,,,,,,,,,,,,,,,,,,,,,,,,,,,,,,,,,,,,,,,,,,,,2.0,,,,,,,,,3.0,,,,,,,,,,,,,,,,,,,,,,,,,,,,,,,,,,,,,,,,,,,,,,,,,,,,,,,,,,,,,,,,,,,,,,,,,,,,,,,,,,,,,,,,,,,,,,,,,,,,,1.0,,,,,,,,,,,,,,,,,,,,,,,,,,,,,,,,,,,,,,,,,,,,1.0,,,,,,,,,,,,,,,,,,,,,1.0,,1.0,,,,,,,,,,1.0,,,,,,,,,,,,,,,,,,,,,,,,,,,,,,,,,1.0,7.0
classical_liberals,2017-07-25,,,4.0,1.0,10.0,,,,,1.0,,3.0,3.0,,,4.0,1.0,1.0,,2.0,1.0,2.0,,2.0,4.0,,1.0,,,,,5.0,,,,,,,3.0,2.0,,1.0,,,,,,,,,1.0,,,,,6.0,,,,,,,,2.0,2.0,2.0,4.0,3.0,,,,1.0,,3.0,,2.0,,,1.0,,,1.0,,,,,,2.0,1.0,,,1.0,,,1.0,1.0,,1.0,,,3.0,,,,,1.0,,,,5.0,,,,,,,,,,,1.0,,,,,,,,,,,,,2.0,3.0,,,3.0,,,8.0,,,4.0,,,1.0,,1.0,1.0,3.0,,,,,,,2.0,,3.0,,,,1.0,1.0,,1.0,,1.0,1.0,,,,1.0,3.0,1.0,3.0,,2.0,,,,,,1.0,4.0,,1.0,,,,,,,1.0,,,,2.0,,4.0,2.0,,,,,6.0,3.0,1.0,2.0,,,,1.0,,,,,1.0,,3.0,,1.0,1.0,5.0,2.0,,,1.0,,1.0,1.0,1.0,1.0,1.0,,,,,,,,,,1.0,,,7.0,1.0,,,,,,3.0,,2.0,6.0,,,,3.0,,1.0,,1.0,1.0,,,,,,,6.0,,14.0,,5.0,,,,1.0,,1.0,,,,2.0,,,,,1.0,1.0,,,,,,1.0,2.0,,,,1.0,,,,,,2.0,3.0,1.0,,2.0,,,4.0,,,3.0,45.0
classical_liberals,2017-07-26,,,1.0,,3.0,,,,,,,,,,,1.0,,,,,,,,,,,,,,,,1.0,,,,,,,,,1.0,,,,,,,,,,,,,,,2.0,,,,,,,1.0,2.0,,,,1.0,,,,1.0,,,,,,,1.0,1.0,,,,,,,,2.0,,,,,,,,,,,,,1.0,,,,,,,,,1.0,,,,,,,,,,,,,,,,,,,,,,,,,1.0,,,,,,2.0,,,,1.0,,,,1.0,,,,,,,,,1.0,,1.0,,,,,,,1.0,,,,,,,,,,1.0,,,,,,,,,,,,,,,,,,,,,,,,,1.0,,,,,,,1.0,,,,,,,,,,,,,,,,,,,,,,,,1.0,3.0,,,,,,,,,,,,,,1.0,,,,,,,,,,2.0,,,,,,,,,,,,,,,,1.0,,1.0,,,1.0,,,,,1.0,,,,,,,,,,,,,,,2.0,2.0,,,,,,,1.0,,,,,,,,,,,2.0,,,5.0,13.0
classical_liberals,2017-07-27,,,,,3.0,,,,,,,2.0,1.0,,,2.0,,,,1.0,,2.0,1.0,2.0,,,1.0,,,,,2.0,,1.0,2.0,,,2.0,1.0,1.0,,,,,,,,,2.0,,,,,,,1.0,,,,,,,1.0,4.0,,1.0,,,,,,1.0,,1.0,,1.0,,,3.0,2.0,,,,,,,,3.0,1.0,1.0,,,,3.0,1.0,,,,,,6.0,,1.0,,1.0,,,,,2.0,,,,,,1.0,,,,,1.0,,3.0,,,,,,,,,,,2.0,1.0,,,,,,3.0,,,2.0,1.0,,,,,,,,,,2.0,,,,,,,2.0,,,,1.0,,,1.0,,,,,6.0,1.0,1.0,,,1.0,,,,,3.0,2.0,2.0,,,,,2.0,,,,2.0,,1.0,,,,2.0,2.0,1.0,,,,2.0,,,,,,,,,,,,,,1.0,,1.0,2.0,2.0,,,,3.0,,,,,,,,,,,,,,,,,,,1.0,2.0,,1.0,,2.0,,1.0,,,2.0,,4.0,,1.0,,1.0,1.0,,2.0,2.0,,1.0,,,,3.0,,4.0,,1.0,,2.0,,,,3.0,,,,,,1.0,2.0,,2.0,,,,,,,1.0,2.0,,,,,,,,2.0,,1.0,2.0,1.0,1.0,,,2.0,1.0,,,4.0,10.0
classical_liberals,2017-07-28,,,1.0,,2.0,,,,,,,1.0,,,,1.0,,,,1.0,,,,,,,,,,,,,,,,,,,,,2.0,,,,,1.0,,,,,,,,,,,,,,,,,,2.0,,2.0,2.0,1.0,,,,,,1.0,,,1.0,,,,,,,,,,,,2.0,1.0,,,,,,,,,,,,,,,2.0,,,,,2.0,,,,1.0,,1.0,,,,,,,,,,,,,,,,,,,,,,,,,2.0,,1.0,1.0,,,,,,1.0,,,,,,,,,,,,,,,,2.0,,,,,,,,,,,1.0,,,,,,,1.0,,,,,,,,2.0,,,1.0,,,,,,,,,,,,,1.0,,,,,,,,,,2.0,,,1.0,,,,,,,,,,,,,,,,,,5.0,,,,,,,,,2.0,,,,,,,,,,1.0,,,,1.0,,,,,,,,,,,,,,,,,,,,,,,,,,1.0,,1.0,,,1.0,,,1.0,,,,,1.0,,,,,,,,,,,2.0,,3.0,,,,,,,,12.0
classical_liberals,2017-07-29,,,1.0,,,,,,,,,,,,,,,,,1.0,,,,,,,,,,,,,,,,,,,2.0,,,,,,,,,,,,,,,1.0,,,,,,,,,,1.0,,,,,,,,,,1.0,,,,,,,,,,,,,,,,,,,,,,,,2.0,,,,1.0,,,,,,,,1.0,,,,,1.0,,,,,,,,,,,,,,,,,,,,,,,,,,1.0,,,,,,,,,,,,,1.0,,,,,,,,,,,,,,,,,,,,2.0,,,,,1.0,,,,,,,1.0,,,,,,,,,,,,,,,1.0,,2.0,,,,,1.0,,,,,,,,,,,,,1.0,,,1.0,,,,,,,,,,,,,,,,,,,,,,,,,,,,,,,1.0,,,1.0,,,,,,,1.0,,,,,,,,,1.0,,,,,,,,,,,,,,,,,,,1.0,,,,,,1.0,,,,,,,,,,,,,,,,,,,1.0,,,,9.0
classical_liberals,2017-07-30,,,,,1.0,,,,,,,,1.0,,,1.0,,,,1.0,,,,1.0,1.0,,,,,,,2.0,,,,,,,1.0,,1.0,,,,,,,,,,,,,,,1.0,,,,,,,,,,,,2.0,,,,,,2.0,,,1.0,,,,,,,,,,,,,,,,,1.0,,,,1.0,,,,,,,,,,,,,,,,,,,,,,,1.0,,,,,,,,,,,,,,1.0,,,1.0,,,1.0,,,,1.0,,,,,,1.0,,,,,,,,,1.0,,,,,1.0,,,,,,,,,1.0,,,1.0,,2.0,,,,,,,1.0,,,,,,2.0,,,,,,,2.0,,,1.0,,,,,,,,,,,,,,,,,,,,,,,,,,,,,,,1.0,,,,,,,,,,,,,,,1.0,,,,,,,,,,2.0,,1.0,,,,,,,,,,,,,,,,2.0,,,,1.0,,1.0,,,,,,2.0,,,,,,,,,1.0,,,1.0,,,,,1.0,,,,,,1.0,2.0,,,,,,,,,,2.0
classical_liberals,2017-07-31,,,,,1.0,,,,,1.0,,,,,,,,,,,,,,1.0,1.0,,,,,,,,,,,,,,,,,,,,,,,,,,,,,,,,,,,,,,1.0,,,,1.0,,,,,,,,,,,,1.0,1.0,,,,1.0,,,1.0,1.0,,,,,,,,,,,,,,,,,,,,,,2.0,,,,,,,,,,,,,,,,,,,,,,,,,,,,,,,,,,,,,,,,,,,,,,,,,,,,,,,,,,,1.0,,,1.0,,,,1.0,,,,,1.0,,,1.0,,,,,,,,,,,1.0,,,,,,,,,,,,1.0,,,,1.0,,,,,,,,,1.0,,,,1.0,,,,,,,1.0,,,1.0,,,,,,,,,,,,,,,,,,,,,,1.0,,1.0,,,,,,,,,,,,1.0,,,,,,1.0,,,,,,,,,,,,1.0,,,,,1.0,,,,,,,,,,,,,,,,,,,2.0,,,1.0,,,,,,1.0,2.0
classical_liberals,2017-08-01,,,,,2.0,,,,,,,,,,,3.0,,,,,,1.0,,,3.0,,,,,,1.0,2.0,,,2.0,,,,2.0,,,,,,,,,,,,,,,,,4.0,,1.0,1.0,,,,,1.0,,,,,,,,1.0,,2.0,,,,,,,,,,1.0,,1.0,,,,1.0,,,,,,,,1.0,,,,,,,,2.0,,,,2.0,,,,,,,1.0,,,,,,1.0,,,2.0,,,,,,,,,,,,1.0,,,3.0,,,2.0,,,,,,,,,,,,,,,1.0,1.0,,,,,1.0,1.0,,,4.0,,,,,1.0,3.0,,1.0,,,,,,,,,,,,,1.0,,,,,1.0,,,,,,,,1.0,,,,,,1.0,,,,,,,,,,,1.0,,,,1.0,,,,,,,,,2.0,,,,,,,,,,,,,,,,,,2.0,,,,1.0,,,4.0,,2.0,,3.0,1.0,,,,1.0,,,,,2.0,,,,2.0,,1.0,,,,,,,,,,,,,1.0,,2.0,,,,,,,1.0,,,,,,,,1.0,2.0,,,2.0,,,,,,3.0,,,,18.0
classical_liberals,2017-08-02,,,,,3.0,,,,,,,1.0,2.0,,,,,,,1.0,,1.0,,1.0,1.0,,,,,,,2.0,,,,,,,3.0,,,,,,,,,,,1.0,,,1.0,,,2.0,,1.0,,,,,2.0,1.0,,,1.0,1.0,,,,1.0,,1.0,,,2.0,,,1.0,,,,1.0,,,,2.0,,,,,,,1.0,,,1.0,,,,,,,1.0,2.0,,,,,1.0,,1.0,,,,,,,,,,2.0,,,1.0,,,1.0,1.0,,,,,1.0,,,,,,2.0,,,3.0,,,,,,,1.0,,,,,,,,,,,,,1.0,,1.0,,,4.0,,,,,1.0,1.0,,,,,,,,,,,3.0,2.0,,,1.0,,,,,,,,,,,,1.0,1.0,,,,,1.0,,,,,,,,,,,,2.0,,,,2.0,,,,,,,,,,,,,,,2.0,,,,1.0,,,,,,,1.0,,,,,,,,3.0,,2.0,,1.0,,,,,,,,,,2.0,,,,5.0,,1.0,1.0,,,1.0,,1.0,,,,,1.0,,,1.0,2.0,,,,,,1.0,,,,,,,1.0,,,1.0,,,2.0,,,,,2.0,1.0,1.0,,,6.0
classical_liberals,2017-08-03,,,2.0,,5.0,,,,,,,,,,,3.0,,,,1.0,,,,2.0,2.0,,1.0,,,,,1.0,,,1.0,,,1.0,5.0,,2.0,,,,,,,,,,,,1.0,,,3.0,,,1.0,,,,3.0,1.0,,3.0,,1.0,,,,2.0,,2.0,,,,,2.0,,,,,1.0,,,,,1.0,,,,,1.0,,,,3.0,,,2.0,1.0,,,1.0,,,,,1.0,1.0,,,,1.0,2.0,,,,,,,,,,,,,,,1.0,,,1.0,1.0,,,1.0,,,3.0,,,3.0,,,,,,,2.0,,,,,,,,,,2.0,,,,2.0,,,,2.0,,,,,,3.0,,,,,,,,,,2.0,3.0,,,,,,,,,,,,,,,2.0,1.0,1.0,,,,1.0,,1.0,,1.0,,,,,,,2.0,,1.0,,,1.0,,,,1.0,,1.0,,1.0,,1.0,,,,,,1.0,,,,,,,,,1.0,,,,,,,2.0,,,5.0,,3.0,,3.0,,,,,2.0,,,,,1.0,,,,3.0,,2.0,,1.0,,1.0,,4.0,,1.0,,2.0,,,,,1.0,,,,,,1.0,4.0,1.0,,,,,,1.0,,2.0,,,2.0,,,,2.0,2.0,,,,2.0,11.0
classical_liberals,2017-08-04,,,,,3.0,,,,,,,,1.0,,,2.0,,,,,,,,,,,,1.0,,,,1.0,1.0,,2.0,,,,3.0,,2.0,,,,,1.0,,,,,,2.0,,,,2.0,,,3.0,,,,,,,,1.0,2.0,,,,2.0,,1.0,,,1.0,,1.0,,,,,,,,,,,1.0,,,1.0,,,,,,,,,2.0,1.0,,,,,,,,,,,,1.0,,,,1.0,,1.0,,,,,,,,,,1.0,,,1.0,1.0,,,,,,6.0,,,2.0,,,,,,1.0,,,,,1.0,,,,,,,,,,,,,,2.0,,,,,1.0,1.0,,,,,,1.0,,,,1.0,1.0,1.0,,,,,,,,1.0,,,,,,,1.0,1.0,,,,1.0,1.0,,,,,,,,,,,,,,,,,,,,,1.0,,,,1.0,,,,,,1.0,,,,,,,,,1.0,,,,,,,,,,2.0,,3.0,,2.0,,,,,,,,,,2.0,,,,3.0,,1.0,,,,,,1.0,,,,3.0,,1.0,,,1.0,,,,1.0,,,1.0,1.0,,,,,,,,,,,,,,,,1.0,2.0,,,2.0,11.0
classical_liberals,2017-08-05,,,,,,,,,,,,1.0,1.0,,,1.0,,,,,1.0,,,,2.0,,,,,,,,,,,,,,2.0,,,,,,,2.0,,1.0,,,2.0,,,,,2.0,,,,,,,1.0,,,1.0,,,,,,1.0,,2.0,,,1.0,,,,,,,,,,,,1.0,,,,,,3.0,,,,,,,,,,,,,,,2.0,,,,,1.0,,,,2.0,,,,,,,,,,,,,,,,2.0,,,1.0,,,2.0,,,,2.0,,,,,1.0,1.0,,,,,,,,,1.0,,,,,,,,,,,,,,3.0,,,,,,,,,,,,1.0,,,,,,,,,,,,,,,,,1.0,,,,1.0,,,,,,,,,1.0,,1.0,,,,,2.0,,,,,1.0,,,,,,,,,,,,,,,,1.0,,,,1.0,,1.0,1.0,,1.0,,,,,2.0,,,,1.0,,,,,1.0,,,,,1.0,,1.0,,2.0,,2.0,,,,,,,,,,,,3.0,,2.0,,,,1.0,,,,1.0,1.0,1.0,,,,,,,,,,1.0,,1.0,,,,,,,1.0,13.0
classical_liberals,2017-08-06,,,,,1.0,,,,,,,,,,,,,,,,,,,,,,,,,,,1.0,,,,,,,,,,,,,,1.0,,,,,,,,,,,,,,,,,,,,1.0,,,,,,1.0,,,,,,,,1.0,,,,,,,,,,,,,,,,,,,,,1.0,,,,,,,,,,,,,1.0,,,,,,,,,,,,,,,1.0,,,,,,,,,,,,2.0,,1.0,,,,,,1.0,,,,,,,,,,,,,,,,1.0,,,,,,,,,1.0,1.0,,,,,,,,,,,,,,,,,,,,,,,,,,,,,,,,,,2.0,,2.0,,,,,1.0,,1.0,,,,,,,,,,,,,,,1.0,,,,,,,,,,,,,,,1.0,1.0,,,,,,,,,,,,,,,,,,,,,,,,,,,,,,,,,1.0,,,,1.0,,,,,,,,,4.0,,,,1.0,,,,,,,,,,,,,1.0,,,,,,,,,2.0,13.0
classical_liberals,2017-08-07,,,1.0,,,,,,,,,,,,,,,,,,,,,,,,,,,,,,,,,,,,,,,,,,,,,,,,,,,,,,,,,,,,,,,,,,,,,,,,,,,,,,,,,,,,,,,,,,,,,1.0,,,,,,,,,,,,,,,,,,,,,,1.0,,,,,,,,,,,,,,,,,,,,,,,1.0,,,,,,,,,,,,,,,,,,,1.0,,,,,,,,,,,,,,,,1.0,,,,,,,,,,1.0,,,,,,,,,,,,,,,,,,,,,,,,,,,,,,,,,,,,,,,,,,,,,,,,1.0,,,,,,,,,,,,,,,,,,,,,,,,1.0,,,,1.0,,,,,1.0,,,,,,,,,1.0,,,,,,,,,,,,,,,1.0,,1.0,,1.0,,,,,,,,,,,,,,,,,,,,,,,,,,,3.0
classical_liberals,2017-08-08,,,1.0,,2.0,,,,,,,,,,,,,,,,,,,,,,,,,,,,,,,,,,1.0,,,,,,,,,,,,,,,,,,,,,,,,,2.0,,,,,,,,1.0,,,,,1.0,,,,,,,1.0,,,1.0,,,,,,,,,,,,,,1.0,,1.0,,,,,,,,,,,,,,,,2.0,,,,1.0,,,,,,,,,,,,1.0,,,,,,1.0,,,,,,,,,,1.0,,,,,,,,,1.0,,,,,,,,,,,,,,1.0,,,,,,,,,,1.0,,1.0,,,,,,,,,,,,,,,,1.0,1.0,,,,,,1.0,1.0,,,,,,,,,,,,,,,,,,,1.0,,,,,,,,,,,,,,,,,,,,,,,,,,1.0,,,4.0,,1.0,,,,,,,1.0,,,,,,,,,2.0,,,,,,,,1.0,,,,1.0,,1.0,1.0,1.0,,,,,1.0,,,,,,,,,,,,,,,2.0,,,,,,,,1.0,1.0,14.0
classical_liberals,2017-08-09,,,4.0,,7.0,,,,1.0,,,2.0,2.0,,,6.0,1.0,,,7.0,10.0,1.0,,2.0,5.0,,,1.0,2.0,,,,,,2.0,,,,1.0,,1.0,,,,,1.0,,,1.0,,1.0,,2.0,,,6.0,,,1.0,,,,3.0,2.0,,,,1.0,,,,4.0,1.0,,,,1.0,,,4.0,,2.0,,1.0,,,,1.0,,3.0,,,,2.0,,,,5.0,,,,1.0,,,2.0,,,,,2.0,,,,,,1.0,2.0,2.0,1.0,,1.0,,2.0,,,,,1.0,,,,,,,1.0,,,,,,4.0,,,3.0,,,,,,,3.0,2.0,2.0,,,,,,1.0,3.0,,,,,1.0,1.0,,,1.0,,,,1.0,2.0,2.0,1.0,6.0,,,,,,,1.0,,2.0,1.0,,1.0,,,,,,3.0,,,2.0,,,,3.0,1.0,2.0,,,2.0,4.0,1.0,,,,,,,2.0,,,,,,,,1.0,,,,,,,1.0,,2.0,4.0,,,7.0,,3.0,,,,5.0,1.0,1.0,,,,,4.0,,,,3.0,6.0,,,4.0,,1.0,,5.0,,,,1.0,,1.0,,,,2.0,,2.0,,8.0,,3.0,1.0,1.0,,,,2.0,,,,4.0,,,2.0,,2.0,,2.0,,1.0,,,,,,,,,1.0,,,1.0,,1.0,5.0,,,2.0,1.0,1.0,3.0,1.0,,3.0,33.0
classical_liberals,2017-08-10,,,2.0,,2.0,,,,,,,,1.0,,,1.0,,,,2.0,1.0,,,,1.0,,,,,,,,,,2.0,,,,1.0,,1.0,,,,,,,,,,,,1.0,,,3.0,,,,,,,,1.0,1.0,1.0,1.0,1.0,,,,1.0,,,,,1.0,,,1.0,,1.0,,1.0,,,,1.0,,,,,,3.0,,,,,,,2.0,,,,1.0,,,,,1.0,,,,,1.0,,,,,,,,1.0,,,,,,,,,,,,,,1.0,,,,3.0,,1.0,,,,,,,1.0,1.0,1.0,,,1.0,,,,1.0,2.0,,,,,,,,,1.0,1.0,,,,3.0,,,1.0,,,,1.0,,,1.0,,5.0,2.0,,,,,,,,2.0,,,,1.0,,,2.0,1.0,1.0,,,1.0,1.0,1.0,,1.0,,,,,1.0,,,,1.0,,,,1.0,,,,,,,,,,1.0,,,1.0,,2.0,,,,1.0,1.0,,,,,,2.0,,,,1.0,4.0,,,5.0,,1.0,,1.0,,,,,,,,,,1.0,,,,3.0,,2.0,,,,,,,,1.0,,,,,,1.0,2.0,1.0,3.0,,,,,1.0,,,,,,,1.0,,,,,3.0,,,2.0,,,1.0,,,3.0,16.0
classical_liberals,2017-08-11,,,,,,,,,,,,,,,,,,,,,,1.0,,,,,1.0,,,,,,,,,,,,1.0,,,,,,,,,,,,1.0,,,,,,,,,,,,,,,,,2.0,,,,1.0,,,,,1.0,,,,,,,,,,,,2.0,,,,,,,,,,,,,,,,,,,,,1.0,,,,,,,,,,,,,,,,,,,,,,,,,,,,,,,1.0,,,1.0,,,,,,,1.0,,,,1.0,,,,1.0,,,,,,1.0,,,,,,,,,,1.0,,,,,,,,,,,1.0,,1.0,,,,1.0,,,,,,,,,,,1.0,,,,1.0,1.0,,,,,,,,,,,,,,,,2.0,,,,,,,,,,,,,,,,,,,,,,,,,,,,,,,,,,1.0,,,,1.0,,,,,,,,,,,,,,,,1.0,,,,,,,,,,,,1.0,,,,,1.0,,,,,,1.0,,,,,1.0,,,,,,2.0,,,,,,,1.0,,2.0,14.0
classical_liberals,2017-08-12,,,,,1.0,,,,,,,,,,,,,,,,,,,,1.0,,,,,,,,,,,,,,,,,,,,,,,,,,,,,,,1.0,,,,,,,,,,,,,,,,2.0,,,,,,,,,,,,,,,,1.0,,,,,,,,,,,,,,,,,,,,,,1.0,,,,,,,,,,,,,,,,,,,,,,,,,,,,,,,,,,,,,,,,,,,,,,,,,,,,,,,,,,,,,,,,,1.0,,,,,,,,,,,,,,,,,,,,,,,,,,,,,,,,,,1.0,,,,,,,,,,,,,,,,,,,,,,,,,,,,,,,,,,,,,,,,,,,,,,1.0,,,1.0,,1.0,,,,,1.0,,,,,,,,,,,,,,,,,,,,,,,,,,,,,,,,,,,,,,,,1.0,,,,,,,,,,,,,,,,,4.0
classical_liberals,2017-08-13,,,1.0,,4.0,,,,,,,,,,,,,,,,,,,,1.0,,,,,,,,,,,,,,,,1.0,,,,,,,,,,,,,,,2.0,,,,,,1.0,,,,,,,,,,2.0,,,,,,,1.0,2.0,,,,,,,,,,,,,1.0,,,,,,,,2.0,,,,,,,,,1.0,,,,,,,1.0,,,,,,,,,,,,,,,,,,2.0,,,,,,3.0,,,,,,,,,,1.0,,,,1.0,,,,1.0,1.0,,,,,,,,,,,,,,,,1.0,,,,,,,,,,2.0,,1.0,,,,,,,,,,,,,,3.0,,,,,,,,,2.0,,,,,,,,,,,,,,,,,,,,,,1.0,,,,,,,,,,,,,,,,,1.0,,,,,1.0,,,2.0,,1.0,,1.0,,,,,,,,,,,,,,2.0,,1.0,,,,1.0,,2.0,,,,1.0,,,,,,,,,,,,,1.0,,,,,,,,,,,2.0,,,,,,1.0,,,2.0,23.0
classical_liberals,2017-08-14,,,,,,,,,,,,1.0,,,,,,1.0,,,,,,,,,3.0,,,,1.0,,,,,,,,1.0,,1.0,,,,,,,,,,,,,,,1.0,,,,,,,,,,,,,,,,,,,,,,,,1.0,,,,,,,,,,,,,,,,,,,,,,,,,,,,,,,,,,,,,1.0,,,,,,,,,,,,,,,,,,,,,,,,,,,1.0,,,,,,,,1.0,,,,,,,1.0,,,,,,,,,,,,,,,,,1.0,,,,,,,,1.0,,,,1.0,,,,,,,,,,,,,,,,,,,,,,,,,,,,,,,,,,,,,,,,,,,1.0,,,,,,,,,,,,,1.0,1.0,,,,,,1.0,,1.0,,1.0,,,,,1.0,,,,,,,,,,,,2.0,,,,1.0,,,,,,1.0,,,,,,,,,,,,,,,,,,,,,,,,,,1.0,,,1.0,1.0,1.0,,,,,,,,1.0,10.0
classical_liberals,2017-08-15,,,,,4.0,,,,,,,,1.0,,,,,,,,2.0,,,,2.0,,,,,,,,,,1.0,,,,,,,,,,,1.0,,,,,,,,,,2.0,,,,,,,,,,,,,,,,2.0,,,,,1.0,,,1.0,,,,,,,,,,,,,,,1.0,1.0,,1.0,,,,,,,,,,,,2.0,,,,1.0,1.0,1.0,,,1.0,,,,,,,,,,1.0,,,,,,1.0,,,,,,3.0,,,,,,,,1.0,,2.0,,2.0,1.0,,,,,2.0,,,,,,,1.0,,,,,,,,1.0,1.0,2.0,,,,,,,,1.0,,1.0,,5.0,,,,,,,1.0,,,,,,,1.0,1.0,,,,1.0,,,,,,,,,,,,,,,,,1.0,,1.0,1.0,,,,,,1.0,1.0,,,,,,,,,,1.0,,,,1.0,,,,,,,2.0,,,4.0,,1.0,,,,,,,,,,,,,,3.0,,3.0,,,,,,,,1.0,,,,,,,2.0,,2.0,,,,,,,,2.0,,,,,,1.0,,,,,2.0,,,,,2.0,1.0,,,2.0,33.0
classical_liberals,2017-08-16,,,,,3.0,,,,,,,,,,,2.0,,,,,,,,,,,,,,,,,,,,,,,1.0,1.0,,,,,,,,,,,,,,,,,,1.0,,,,,,,,,,1.0,,,,2.0,,,,,,,,,,,,,,,,,,,,,,1.0,3.0,1.0,,,,,,,,,1.0,,,,,,,,,1.0,,1.0,,,,,,,,,,,,,,,,,,,,,,,,,2.0,,,,,,,,,,,,,,,,,,,,,,,3.0,1.0,,,,,,,,,,3.0,,1.0,,,,1.0,,,1.0,,1.0,,2.0,,,,,,,,,,,,,,1.0,,,,,,,,,,,,,,,,,,,,,,,,,,,,,,,3.0,,,,,,,,,,,,,,,,,2.0,,,,1.0,1.0,,,,,1.0,,1.0,,,1.0,,,,,,,,,,,2.0,,,,,,,,,,,,1.0,,,1.0,,,,,,,,1.0,,,,,,,,,,,,,,,1.0,,1.0,,1.0,,,,18.0
classical_liberals,2017-08-17,,,,,,,,,,,,1.0,1.0,,,1.0,,,,,,,,1.0,1.0,,,,,,,,,,,,,,,,,,,,,1.0,,,,,,,,,,2.0,,,,,,,,1.0,1.0,1.0,,,,,,,,,,,1.0,,,1.0,,,,,,,,1.0,,,,,,,,1.0,,,,,1.0,,,,,,,,,1.0,,,,,,,,,,,,,,,,,,,,,,,,,,,,1.0,,,3.0,,,,,,,,,,,,,,,,,,,2.0,,,,,,,,,,1.0,,,,,,,,,,,,,,,1.0,,,,,,,,,,,,,1.0,,,1.0,1.0,,,,,,,,,,,,,,,,,,,,,,1.0,1.0,1.0,,,,,,,1.0,,,,,,,,,,,,,,,,,,,,,1.0,,,,1.0,,,,,,,,,,,,,,,,,,1.0,,,,,,,,,,,,,,1.0,,,1.0,,,,,,1.0,,1.0,,,,,,,,,,,1.0,,,1.0,,,2.0,,,1.0,5.0
classical_liberals,2017-08-18,1.0,,,,1.0,,,,,,,,,,,1.0,,,,,,,,,,,,,,,,,,,,,,,1.0,,,,,,,,,,,,,,,,,,,,,,,,,,,,,,,,,1.0,,,,,,,,,,,,,,,,1.0,,,,,,1.0,,,,,,,,,,,,,,,,,,,,,,,,,,,,,,,,,,,,,,,,,,,,,,,1.0,,,,,,,,,,,,,,,,,,,,,,,,,,,,,,,1.0,,,,,,,,,,,,,,,,,1.0,,,,,,,,,,,,,,,,,,,,,,,,,,,,,,,,,,,,,,,,,,,,,,,,1.0,,,,,,,,,,,,,,,,,,,,,,,,,,,,,,,,,,,,,,,,,,,,,,,,,,,,,,,,,,,,,,,,,,,,,,,1.0,,,,,,,,,,1.0,,,,5.0
classical_liberals,2017-08-19,,,,,,,,,,,,,,,,,,,,,1.0,1.0,,,,,,,,,,,,,1.0,,,,2.0,,,,,,1.0,,,,,,,,,,,,,,,,,,1.0,,,,1.0,,,,,1.0,,,,,1.0,,,,,,,,,,,,,,,,,,1.0,,,,,,,,,,1.0,,,,,1.0,,,,,,1.0,,,,,,,,1.0,,,,,,,,,,2.0,,,,,,,2.0,,,,,,,,,,,,,,,,,,,,,,,,,,,,,,,,,,,1.0,1.0,,1.0,,,,,,1.0,1.0,1.0,,,2.0,1.0,,,,,,,1.0,,,1.0,,,,,,,,1.0,,,,,,,,,,,,,,,,,,,,,,,,1.0,,,,,,1.0,,,,,,,,,,,,,,,,1.0,,,1.0,,,,,,,,,1.0,,,,,,,,,3.0,,,,1.0,,,,,,,,1.0,,,,,,,,,,,,,,,,,,1.0,,,,,,,,,,,,,,,1.0,11.0
classical_liberals,2017-08-20,,,,,6.0,,,,,,,1.0,,,,4.0,,,,1.0,2.0,,,,1.0,,2.0,,,,1.0,2.0,,,,,,,3.0,1.0,1.0,,,,,1.0,,,,,,,,,,7.0,,,,,,,3.0,6.0,,,3.0,,,,,1.0,,2.0,,,1.0,,,1.0,,1.0,,,,,1.0,,,,,,,,1.0,1.0,,2.0,,,2.0,,1.0,,,1.0,,6.0,,,,,,1.0,,,,,1.0,,2.0,,,,,,,,2.0,,,,,2.0,,,,,,,8.0,,1.0,3.0,,,,,1.0,,1.0,,,1.0,1.0,,,,,1.0,,,,,1.0,1.0,,,1.0,,,,,,,1.0,2.0,,,,,,,3.0,1.0,1.0,2.0,,,,,,,,,,,1.0,,,2.0,2.0,,,,,1.0,1.0,2.0,,,,,,,,,,,3.0,,,,,,,,,1.0,,,,1.0,1.0,,,,,1.0,,,,,,,,,2.0,,,,,,,1.0,,,8.0,,2.0,,1.0,,,,,2.0,1.0,,,,6.0,,,,5.0,,2.0,,2.0,,4.0,,1.0,,1.0,,1.0,,2.0,,,3.0,,,1.0,,,,,2.0,,,,,1.0,,3.0,1.0,,1.0,3.0,,,14.0,,4.0,2.0,,,2.0,49.0
classical_liberals,2017-08-21,,,2.0,,2.0,,,,,,,,,,,1.0,,,,,,,,,2.0,,,,,,,,,,,,,,,2.0,1.0,,,,,2.0,,,1.0,,,,,,,2.0,,,,,,,1.0,2.0,,,,,,,,,,1.0,,,,,,1.0,,4.0,,,,,,1.0,,1.0,,,,1.0,,,1.0,1.0,,,1.0,,,,1.0,,,,,1.0,,,,,,,,,1.0,,,,,,,,,,,,,,,1.0,1.0,,,,,,2.0,,,1.0,,,,,1.0,,,,,,,,,,,,,,,,1.0,1.0,,,1.0,,,,,1.0,,,,,,,,,,,1.0,1.0,1.0,,,,,,,,,,1.0,1.0,,,,1.0,1.0,,,,,,1.0,,1.0,,,,,,,,,4.0,,,,1.0,,,,,1.0,,,,,,,,,,,1.0,,,,,,,,,,1.0,,,,,1.0,,,1.0,,3.0,,,,,,,,,,,,,,,,4.0,,,,,,1.0,,2.0,,1.0,,1.0,,1.0,1.0,,,,,,,,,,,,,,1.0,,,,,,,1.0,,2.0,1.0,1.0,,,,,,16.0
classical_liberals,2017-08-22,,,2.0,,6.0,,,,,,,,,,,1.0,,,,,,,,,,,3.0,,,,,1.0,,,1.0,,,,1.0,1.0,1.0,,,,,1.0,,,,,1.0,1.0,,1.0,,,,,,,,,,2.0,1.0,,1.0,1.0,,,,2.0,,3.0,,,1.0,,,,,1.0,,,,,,,1.0,1.0,,,,1.0,,,,3.0,,,1.0,,,,1.0,,,,,1.0,,,,1.0,,2.0,,,1.0,,,,,,,1.0,,,,1.0,,,,2.0,1.0,,,1.0,,,6.0,,,2.0,1.0,,,,,,,,2.0,,1.0,,,1.0,,,,2.0,,,1.0,,,,,,,,,1.0,2.0,,1.0,,1.0,,,,,1.0,1.0,1.0,,1.0,,,,,,,,,,,,,1.0,1.0,3.0,1.0,,,,1.0,,,2.0,,,,,,,,,,,,,1.0,,,,,1.0,,,3.0,,3.0,1.0,,,,,,1.0,,,,,,,1.0,1.0,1.0,2.0,,,,1.0,,,4.0,,2.0,,1.0,,,,,,,,,,3.0,,,,5.0,,3.0,,3.0,,,,1.0,,1.0,,1.0,,,,,1.0,,,,,,,,,,,,,,,,3.0,,,1.0,,2.0,,1.0,4.0,1.0,,,1.0,26.0
classical_liberals,2017-08-23,,,1.0,,2.0,,,,,,,,,,,,,,,,2.0,1.0,,1.0,1.0,,,,,,,,,,,,,,,1.0,,,,,,,,,,,,,,,,1.0,,,,,,,,1.0,,,,,,,,2.0,,,,,1.0,,,,,1.0,,,,,,,,,,,,,1.0,,,,2.0,,,,,,,,,,,,,,,,,,,,,,,,,,,,,,,,,,,,,,,,,,,,,,,,,,1.0,,,,,,,,,1.0,,,,,,,,,,,,,,1.0,,,,1.0,,,,,,,,,,,,1.0,,,,,,,,,,1.0,1.0,,,,,,,,1.0,1.0,,,,,,,,,,,,,,,,,,,,,1.0,,,1.0,,,,,,,,,,,,,,,,,,,,,1.0,1.0,,,,2.0,,,,,,,,,1.0,,,,,,,,,,,1.0,,,,,,,,,,1.0,,,,,,1.0,,,,,,,,,,,,,,,,,,,,,,,1.0,,,,,4.0
classical_liberals,2017-08-24,,,,,1.0,,,,,,,,,,,1.0,,,,,,,,,,,,1.0,,,,,,,,,,,,,1.0,,,,,,,,,,,,,,,1.0,,,,,,,,,,,,,,,,,,1.0,,,,,,,,2.0,,,,,,1.0,,,,,,,,,,,,,,,,,,,,,,,,,,,,,,1.0,,,2.0,,,,,,,,,,,,,,,,,,,,,,1.0,,,,,,,,,,,,,,,,,,,,,,,,,,,,,,,,,,,,,,,,,,,,,,,,,,,,,,,,,,,,,,,,,,,,,,,,,,,,,1.0,,,,,,1.0,,,1.0,,,,,,,,,,,,,,2.0,1.0,,,,,,,,,,,,,,1.0,1.0,1.0,,,,,1.0,,,1.0,,,,2.0,,,,,,1.0,,,,,,,,,,,,,,,,,,,,,,,,,,,,,,,,,,1.0,,,,,,,,,,7.0
classical_liberals,2017-08-25,,,,,4.0,,,,,,,,1.0,,,2.0,1.0,1.0,,,1.0,,,,,,,,,,,1.0,,,1.0,,,,,,2.0,,,,,,,,,,,,,,,3.0,,,,,,,,1.0,1.0,1.0,,,,,,,,,,,3.0,,,2.0,,6.0,,,,,,,,1.0,,,,1.0,,,,,,,1.0,,,,2.0,,,,,,,,,,,,,4.0,,,2.0,,,,,,,1.0,,1.0,,,,,1.0,,,1.0,,,4.0,,1.0,2.0,,,,,,1.0,,,,,,,,,1.0,,,,,,,,,,5.0,1.0,,,,3.0,3.0,,,,,,,,,,2.0,1.0,,3.0,,,,,,,,,,,,,1.0,,,,,,,,,,,,,,,1.0,,,,8.0,1.0,,,,,,,,,,,,1.0,,,,,,,,,,,3.0,,,,2.0,,,,,,,1.0,,,2.0,,,,1.0,,,1.0,,,1.0,,,,,,,,3.0,,1.0,,,,,,1.0,,,,2.0,,,1.0,,,,,,,,3.0,3.0,1.0,,,,,,,2.0,,,1.0,3.0,,,,,3.0,2.0,,,,26.0
classical_liberals,2017-08-26,,,3.0,,3.0,,,,,,,,,,,2.0,,,,1.0,1.0,,,,,,,1.0,,,,1.0,,,1.0,,,,,,1.0,,,,,,,,,,,,,,,,,,,,,,1.0,,,,,1.0,,,,2.0,,1.0,,,2.0,,,1.0,,,,,,,,,1.0,1.0,,,,1.0,2.0,,,,,,,,,,1.0,,,,,2.0,,,,,,,,1.0,,,2.0,,1.0,,,1.0,,,,,,,,,,,,1.0,,,6.0,,,1.0,1.0,,,,,,,,,,,,,,,1.0,,,,,,,,,,,,,,2.0,2.0,,,,,,,,,,,2.0,1.0,,,,,,,,,,,,,,,,2.0,,,,,,,1.0,,,,,,1.0,,,,1.0,,,,1.0,,,,,,,,,1.0,,,,,,,,,,,,,,,,,1.0,,,,1.0,1.0,,,5.0,,1.0,,,,,,,,1.0,,1.0,,1.0,,,,3.0,,2.0,,,,,,2.0,,,,1.0,,,2.0,,1.0,,,,,,1.0,1.0,1.0,,,,,1.0,,,,,1.0,1.0,,,1.0,,1.0,1.0,,,3.0,14.0
classical_liberals,2017-08-27,,,1.0,,1.0,,,,,,,,,,,,,,,,1.0,1.0,,1.0,,,,,,,,1.0,,,,,,,,,,,,,,,,,1.0,,,,,,,1.0,,,,,,,1.0,,,,,,,,,,,2.0,,,1.0,,,,,,,,,,,,,,,,,,1.0,,,1.0,1.0,,1.0,1.0,,,1.0,,,,,1.0,,,,,,,,,,,,,,,,,,,,,,,,,,,,1.0,,,1.0,,1.0,,,,,,,,,,,,,,,1.0,,,,,,,,,,,,,,,,1.0,,,,,,,,,,,,1.0,,,,,,,,,,,,1.0,,,,1.0,,,,,,,,,,,,,,,,,,,,,,,,,,,,,,,,,,,,,1.0,,,,,1.0,,,,,,,,,,,1.0,,,2.0,,1.0,,,,,,,1.0,,,,,,,,,3.0,,,,,,,,,,,,1.0,2.0,,,,1.0,,,,,,,2.0,2.0,,,,,,,,,,,3.0,,,,,1.0,,,,,8.0
classical_liberals,2017-08-28,,,,,2.0,,,,,,,,,,,,,,,1.0,,,,,,,,,,,,,,,,,,,1.0,,,,,,,,,,,,,,1.0,,,1.0,,,,,,,1.0,1.0,,,,,,,,,,,,,,,,,,,,,,1.0,,,,,,,,,,,,,,,,,,,,,,,,,,,,,,,,,,,,,,,,,,,,,,,,,,,,,,,2.0,,,,,,,,,,1.0,,,,,,,,,,,,,,,,,,,,,,,,,1.0,1.0,,,,,,,,1.0,,,,,,,,,,,,,,,,,1.0,,,,,,,,,,,,,,,,,,,,,,,,,,,,,,,,1.0,,,,,1.0,,,,,,,,,,1.0,,1.0,,,,,,,,,,,,,,,,1.0,,,,,,,,,1.0,,2.0,,,,,,,,,,,,,,,,,,,,,,,,,,,,,,,,,,,,,,,,1.0,,,1.0,5.0
classical_liberals,2017-08-29,,,1.0,,1.0,,,,,,,,,,,,,,,1.0,,,,,,,,,,,,,1.0,,,,,,,,,,,,,,,,,,1.0,,,,,,,,,,,,,1.0,,,,,,,,2.0,,1.0,,,,,,,,1.0,,,,,,2.0,1.0,,,,,,,,,,,,,,,,,,,,,,,,,,,1.0,,,,,1.0,,1.0,,,2.0,1.0,,,1.0,,,,,2.0,,,,,,1.0,,,,,,,,,1.0,1.0,,,,,,,,,1.0,1.0,1.0,,1.0,,,,,,,,,,3.0,,2.0,1.0,,,,,,,,1.0,2.0,,,,,,,,,,,1.0,,2.0,,,,2.0,,,,,1.0,,,,,,,,1.0,,,,,,,,,,,,,,,,,,1.0,1.0,,,,,,,,,,,,,,,,,,4.0,,2.0,,,3.0,,1.0,,2.0,,,,,1.0,,,1.0,,,,,,2.0,,1.0,,,,1.0,,,,,,1.0,,,1.0,,1.0,,,,,,1.0,,,,,,,,,,,,,,,,,2.0,,1.0,,,1.0,9.0
classical_liberals,2017-08-30,,,,,,,,,,,,,,,,,,,,,,,,,,,,,,,,,,,,,,,2.0,,,,,,,,,,,,,,,,,2.0,,,,,,,,1.0,,,1.0,,,,,,,1.0,,,,,,,,1.0,,,,,,,1.0,,,,,,,,,,,,,1.0,,,1.0,2.0,,,,,,,,,,,,,,,,,,,,,,,,,,,,,,,,,,,1.0,,,,,,,,,,,,,,1.0,,,,,,,,,,,,,,,1.0,,,,1.0,,,,,,,,,,,,1.0,,,,,,,,,,,,,,,,,,,,,,,,,,,,,,,,,,,,,,,,,,,,,,,,1.0,,,,,1.0,,,,,,,,,,,,,,,,,,,1.0,,,,,,,,,1.0,,,,,,,,,,,,,,,,,,,,,,,,,,1.0,,,,,,,1.0,,,,,,,,,,,,,,,,,,1.0,,,1.0,4.0
classical_liberals,2017-08-31,,,,,,,,,,,,,,,,,,,,,,,,,,,,,,,,,,,1.0,,,,,,,,,,,,,,,,,,,,,,,,,,,,,,,,,,,,,,,,,,,,,,,,,,,,,,,,,,,,,,,,,,,,,,,,,,,,,,,,,,,,,,,,,,,,,,,,,,,,,,,,,,,,,,,,,,,,,,,,,,,,,,,,,,,,,,,,,,,,,,,,,,,,,,,,,,,,,,,,,,,,,,,,,,,,,,,,,,,,,,,,,,,,,,,,,,,,,1.0,,,,,,,,,,,,,,,,,,,,,,,,,,,,,,,,,,,,,,,,,,,,1.0,,,,1.0,,,,,,,,,,,,,,,,,,,,,,,,,,,,,1.0,,,,,,,,,,,,,1.0
classical_liberals,2017-09-01,,,1.0,,3.0,,,,,,,,,,,,,,,,1.0,2.0,,,2.0,,,,,,,1.0,,,1.0,,,,1.0,,,,,,,1.0,,,,,,,,,,1.0,,,,,,,,2.0,,,1.0,,,,,1.0,,1.0,,,,,1.0,1.0,,,,,,,,,,1.0,,,,,1.0,,,,,,1.0,1.0,,,,1.0,,,,,,,,,,,,,,,,2.0,,,,,,,,1.0,,,,,1.0,,,,,,1.0,,,2.0,,,2.0,,,1.0,,,,,,,,,,2.0,,,,1.0,,,,,,,,,,,1.0,,,,,,1.0,,,1.0,2.0,1.0,,,,,,,,,,,,,,1.0,,,,,,,,,,,,,,,,,,,,,,,,,,,,,1.0,,,,,1.0,,,,,2.0,,,,,1.0,,,,1.0,,,1.0,,4.0,,1.0,,,3.0,,,,1.0,,,,,,,,,,,,,,2.0,,,,,,,,2.0,,,,1.0,,1.0,,,1.0,,,1.0,,,,,,,,,,,,,,,,,,,,,2.0,,,,1.0,6.0
classical_liberals,2017-09-02,,,,,,,,,1.0,,,,,,,,,,,,,,,,,,1.0,,,,,,,,,,,,,,,,,,,1.0,,,,,,,,,,,,,,,,,,,,,,,,,,,,,,1.0,,,,,,,,,,,,1.0,,,,,,,,,,,,,,,,,1.0,,,,,,,,,,,,,,,,,,,,,,,,,,,,,,,,,,,,,,1.0,,,,1.0,,,,,,,,,,,,,,,,,,,,,,1.0,,,,,,,,1.0,,,,,,,,,,1.0,,,,1.0,,,,,,,,,,,,2.0,,,,1.0,,,,,,,,,,,,,,,,,,,,,,,,,,,,,,,,,,,,,,,,,,,,,,,,,,,,,,,,,,,,2.0,,,,,1.0,,,,,,,,1.0,,,,,,,,,,,,,,,,,,,,,,,,,,,,,,,1.0,1.0,,1.0,,,,,,,,5.0
classical_liberals,2017-09-04,,,,,1.0,,,,,,,,1.0,,,,,,,,,,,,,,,,,,,,,,,,,,1.0,,1.0,,,,,,,,,,,,,,,1.0,,,,,,,,,,,,,,1.0,,1.0,,,,,,,,,,,,,,1.0,,,,,,,,,,,,,,,,,,,,,,,,,,,,,,,,,,,,,,,,,,,,,,,,,,,,,,,,,,,,,,,,,,,,,,,,,,,,,,,,,,,,,,,,,,,1.0,,,,,,,,,,,,,,,,,,,,,,,,,,,,,,,,1.0,,,,,,,,,,,1.0,,,,,,,,,1.0,,,,,,,,1.0,,,,,,1.0,,,,,,,,,,,,1.0,,,,,1.0,,,1.0,,,,,,,,,,,,,,,,,,,,,,,,,,,,,,,,,,,,1.0,,,,,,,,,,,,,,,,,,,,,,,3.0
classical_liberals,2017-09-05,,,,,,,,,,,,,,,,,,,,,,,,,,,,,,,,,,,,,,,,,,,,,,,,,,,,,,,,1.0,,,,,,,,,,,,,,,,,,,,,,,,,,,,,,,,,,,,,,,,,,,,,,,,,,,,,,,,,,1.0,,,,,,,,,,,,,,,,,,,,,,,,,,,,,,,,,,,,,,,,,,,,,,,,,,,,1.0,,,,,,,,,,,,,,,,,,,,,,,,,,,,,,,,,,,,,,,,,,,,,,,,,,,,,,,,,,1.0,,,,,,,,,,,,,,,,,,,,,,,,,,,,,,,,,,,,,,,,,,,,,,,,,,,,,,,,,,,,,,,,,,,,,,,,1.0,,,,,,,,,,,,,,,,,,,,,,,,,,3.0
classical_liberals,2017-09-06,,,,,2.0,,,,,,,,1.0,,,1.0,,,,1.0,,,,,2.0,,,,,,,,,,2.0,,,,,1.0,,,,,,,,,,,,,,1.0,,2.0,,,,,,,,1.0,,,,,,,,1.0,,1.0,,,,,,,,,,,,,,1.0,,,,,,,,,,2.0,,,,,,,,,,,,,,,,,,,1.0,,,,,,,,,,,1.0,,,,,,1.0,1.0,,,,,,3.0,,,,,,1.0,,,,,1.0,,,1.0,,,,,,,,,,1.0,,,,,,,,,1.0,1.0,,,,,,1.0,,,,,1.0,,,,,,,,,,,,,1.0,,,1.0,,,,,2.0,,,,,,,,,,,,,,,,,,,,,,1.0,,,,,,,,,,,,,,,,,,,,,,,,1.0,,1.0,,,2.0,,1.0,,,,,,,,,,,,,,,,3.0,,,,,,1.0,,,,,,1.0,,,,1.0,,,,1.0,1.0,,,2.0,,,,,,1.0,,,1.0,,,1.0,,,,,,,,,,12.0
classical_liberals,2017-09-07,,,,,1.0,,,,,,,,,,,,,,,1.0,,,1.0,,,,,1.0,,,,,,,,,,,,,1.0,1.0,,,,,,,,,,,1.0,,,1.0,,,2.0,,,,,,,,,1.0,,,,,,1.0,,,2.0,,,,,,,,,,,,,1.0,,,,,1.0,,,1.0,,,,,,,2.0,,,,,4.0,,,,,,,,,,,,,,,,,,1.0,,,,,,2.0,,,,,,,2.0,,,1.0,,,,2.0,,1.0,1.0,,1.0,,,,,,,1.0,,,,,,1.0,,,1.0,,,,,,,1.0,,,,,1.0,,,,,,,,,,,,,,,,,,,,,,,,,,1.0,,1.0,,,,,,,,,,,,,,,,,,1.0,,1.0,,,,,,,,,,1.0,1.0,,,,,,,,,1.0,,,,,,,,,3.0,,1.0,,,,,,,,,,,,1.0,,,,2.0,,,,,,,,,,,,1.0,,,,1.0,,,,2.0,,,,,,,,,,,,1.0,,,1.0,1.0,,,1.0,,,1.0,,,,18.0
classical_liberals,2017-09-08,3.0,,10.0,1.0,31.0,,1.0,,,,,3.0,4.0,,,12.0,,1.0,,3.0,,2.0,1.0,7.0,8.0,1.0,3.0,2.0,8.0,,2.0,4.0,,3.0,3.0,1.0,,2.0,10.0,9.0,8.0,3.0,,,,4.0,,1.0,,4.0,1.0,2.0,,1.0,,5.0,,,3.0,,,,2.0,5.0,,2.0,2.0,4.0,,,,7.0,1.0,6.0,1.0,2.0,3.0,,1.0,3.0,3.0,2.0,,4.0,1.0,,2.0,1.0,8.0,10.0,,,2.0,3.0,3.0,,,14.0,,,4.0,6.0,3.0,,1.0,,,,,27.0,1.0,,,2.0,,2.0,2.0,,4.0,1.0,6.0,,,,,3.0,,2.0,9.0,2.0,4.0,,,10.0,4.0,,1.0,2.0,,,22.0,1.0,7.0,12.0,2.0,,,,,5.0,3.0,2.0,,,6.0,,,1.0,,14.0,1.0,1.0,,,2.0,6.0,1.0,,6.0,1.0,,1.0,,3.0,6.0,2.0,3.0,,7.0,,3.0,,,3.0,7.0,5.0,6.0,,,3.0,4.0,,,,4.0,,3.0,3.0,5.0,,5.0,7.0,11.0,4.0,,1.0,2.0,5.0,4.0,,5.0,1.0,,,,1.0,,,,3.0,3.0,,,5.0,6.0,2.0,3.0,,3.0,,,2.0,4.0,2.0,2.0,,,,6.0,4.0,,,4.0,6.0,,,,5.0,3.0,,3.0,,,2.0,8.0,,,31.0,1.0,13.0,,3.0,,2.0,3.0,,2.0,,3.0,2.0,,3.0,,6.0,2.0,27.0,,3.0,,9.0,1.0,10.0,,5.0,,6.0,,15.0,1.0,9.0,18.0,4.0,15.0,1.0,,3.0,,,,3.0,9.0,,,1.0,1.0,13.0,1.0,1.0,5.0,,1.0,15.0,5.0,,3.0,8.0,7.0,12.0,,2.0,10.0,228.0
classical_liberals,2017-09-09,,,1.0,,3.0,,,,,,,,1.0,,,1.0,,,,,,1.0,,,,,,,,,,1.0,,,2.0,,,,1.0,1.0,,,,,,,,,,,,,,,,1.0,,,2.0,,,,,,,,,,,,,1.0,,,,,1.0,,,1.0,,,,,,,,,,2.0,,,,,1.0,,,3.0,,,,,1.0,,1.0,,,,,2.0,,,,1.0,,1.0,,,,,,,,,,1.0,,,,,,,,1.0,,,,,,,5.0,,,,,,,,1.0,1.0,,,,,,,,,,1.0,1.0,,,,1.0,,,,,,1.0,,,1.0,1.0,,,,2.0,,,,,,,,1.0,,,,,,,,,,,1.0,,,,1.0,2.0,,,,,,,,,,,,,,,1.0,,1.0,,,,,,,1.0,,,,,,,2.0,,,,,,1.0,,,,,,,,1.0,1.0,1.0,,,,,,,,,,,,2.0,,,,1.0,,,,,,1.0,,,,4.0,,1.0,,,,1.0,,1.0,,,,,,1.0,,2.0,1.0,,,,,,,,,,,,,,,,,,,1.0,,,,,1.0,1.0,,,,19.0
classical_liberals,2017-09-10,,,1.0,,5.0,,,,,,,1.0,1.0,,,3.0,,1.0,,1.0,,1.0,,,1.0,,,,,,,1.0,,,,,,,5.0,2.0,1.0,,,,,1.0,,,,,,,1.0,,,1.0,,,,,,,1.0,3.0,1.0,,,1.0,,,,4.0,,,,,1.0,,,,,,,1.0,1.0,,,1.0,,,,,,,1.0,1.0,,,,,,,,,1.0,,1.0,,,3.0,,,,1.0,,1.0,,,,,1.0,,,,,,,,,,,,,1.0,,,,,,,3.0,,1.0,,1.0,,,,,1.0,,,,,2.0,,,,,1.0,,,,,,1.0,,,,,,,,2.0,3.0,2.0,2.0,,,,,,,,1.0,2.0,,1.0,1.0,,,,,,,,,,,,,,2.0,,,,2.0,,2.0,,,,,,,,,,,,1.0,,,,,,1.0,,,,,1.0,,,,,,,,,,,,1.0,,,,2.0,,,,,,,1.0,,,4.0,,3.0,,1.0,,,,,,,,,,1.0,,,,7.0,,1.0,,,,,,,,,,1.0,,,1.0,1.0,1.0,2.0,,,,,1.0,2.0,,,,,1.0,1.0,,,1.0,,1.0,2.0,,,,,1.0,2.0,,,3.0,30.0
classical_liberals,2017-09-11,,,,,,,,,,,,,,,,,,1.0,,,,,,,,,,,,,,,,,,,,,,,,,,,,,,,,,,,,,,,,,,,,,,,,,,1.0,,,,,,,,,,,,,,,,,,,,,,,,,,,,,,,,,,,,,,,,,,,,,,,,,,,,,,,,,,,,,,,,,,,,,,,,,,,,,,,,,1.0,,,,,,,,,,,,,,,,1.0,,,,,,,,,,,,,,,,,,,,,,,,,,,,,,,,,,,,,,,,,,,,1.0,,,,,,,,,,,,1.0,,,,,,,,,,,,,,,,,,,,,,,,,,,,,,,,,,,,,,,,,,,,,,,,,,,,,,,,,,,,,,,,,,,,,,,,,,,,,,,,,,,,,,,,,,,,,,,,,1.0,,,,3.0
classical_liberals,2017-09-12,,,,,,,,,,,,,,,,,,,,,,,,,,,,,1.0,,,,,,,,,,,,,,,,,,,,,,,,,,,,,,,,,,,,,,,,,,,,,,,,,,,,,,,,,,,1.0,,,,,,,,,,,,,,,,,,,,,,,,,,,,,,,,,,,,,,,,,,,,,,,,,,,,,,,,,,,,,,,,,,,,,,,,,,,,,,,,,,,,,,,,,,,,,,,,,,1.0,,,,,,,,,,,,,1.0,,,,,,,,,,,,,,,,,,,,,,,,,,1.0,,,,,,,,,,,,,,,,,,,,,,,,,,,,,,,,,,,,,,,,,,,,,,,,,1.0,,,,,,,,,,,,,,,,,,,1.0,,,,,,,,,,,,,,,,,,,1.0,,,,,,,,,,1.0
classical_liberals,2017-09-13,,,3.0,,7.0,,,,,,,,4.0,,,1.0,,,,1.0,4.0,1.0,1.0,1.0,2.0,,1.0,,,,,2.0,,,2.0,,,,3.0,1.0,1.0,,,,,,,,,,,,,,1.0,1.0,1.0,,,,,,,11.0,,,,3.0,,,,3.0,,1.0,,,1.0,,,3.0,,,,1.0,,,,1.0,4.0,1.0,,1.0,,3.0,1.0,2.0,,1.0,,,2.0,1.0,,,1.0,,,,,10.0,,,,,,1.0,,1.0,4.0,,3.0,1.0,,,,1.0,,1.0,,1.0,1.0,,,1.0,2.0,,,,,,2.0,,2.0,1.0,1.0,,,,1.0,1.0,1.0,,,1.0,2.0,,,1.0,,,,,,,2.0,1.0,,,2.0,,,1.0,,1.0,1.0,1.0,4.0,,,,,,,1.0,,,1.0,,,2.0,,,,,1.0,,,1.0,,,,2.0,,1.0,,,1.0,,2.0,,1.0,,,,,,,,1.0,,2.0,,,1.0,1.0,,,,,,,,2.0,8.0,,,1.0,,2.0,,,,2.0,2.0,,,,,,,2.0,,1.0,,2.0,,,7.0,,5.0,,1.0,,,,,1.0,1.0,,,,,,1.0,,7.0,,,,1.0,,1.0,,3.0,,,,,,,2.0,,,,,,,,1.0,,1.0,,,,2.0,1.0,,2.0,,,,1.0,,,4.0,1.0,1.0,1.0,,,8.0,36.0
classical_liberals,2017-09-14,1.0,,,,4.0,,,,,,,,,,,2.0,,,,1.0,,1.0,,1.0,,,,1.0,,,,,,,,,,1.0,,,2.0,,,,,,,,,,,,,,,,,,,,,,,2.0,,,,,,,,,,1.0,,,,,,,,,,,,,,1.0,1.0,,,,1.0,,2.0,,,,,,2.0,,,,,,,,,4.0,,,,,,,,,,,,,,,,,,,,,,,,,,,,,,,3.0,,,1.0,,,,,,,,,,,,,,,,,,,,,,,1.0,,1.0,,,,,,,,,,,,,,,,,1.0,,,1.0,,,,,,1.0,,,,,,,2.0,,,,1.0,,,,2.0,,,,,,,,,,,,,,,1.0,,,,,,,,,2.0,1.0,,,,,,,,,1.0,,,,1.0,,,,,1.0,2.0,,,,,,,,,,,,,,,,,,,,,,,,,,,,,,1.0,,,,,,1.0,2.0,,,,,,,,,,,,,,,,,,,,,,2.0,,,,,,,,3.0,13.0
classical_liberals,2017-09-15,,,2.0,,1.0,,,,,,,,,,,4.0,,,,,2.0,,,,,,,,,,,,,,4.0,,,,2.0,,,,,,,,,,,,,,,,,2.0,,,,,,,,12.0,,,,,,,,2.0,,,,,6.0,,,,,,,,,,,2.0,,,,,,,,,,,,,2.0,,,,,,,,,2.0,,,,,,,,,,,,,,,,,,,2.0,,,,,,,,,,,,,,,,,,,,,1.0,,,,,,,,,,,,,,,,,,,,2.0,,,,,1.0,,,,,,,,,,,,,,,,,,,,,,,2.0,,,,,,,,,4.0,,2.0,,,,,,,,,,,,,,,,,,,,,,,,2.0,8.0,,,,,,,,,,,,,,,,,,,,,2.0,,,2.0,,,,,,,,,,,,,,,,,,4.0,,,,2.0,,,,2.0,,,,,,,,,,,,,,,,,,1.0,,,,,,,,,,,,,2.0,,,,,,2.0,21.0
classical_liberals,2017-09-16,1.0,,,,2.0,,,,,,,,,,,1.0,,,,1.0,,,,,,,2.0,,,,1.0,1.0,,,,,,1.0,,,,,,,,,,,,,,,,,,,1.0,,,,,,1.0,,,,,,,,,,,,,,,,,1.0,,,,,,,,1.0,,,,,,,,,,1.0,,,,,,,,,,,,1.0,,,,,,,,,,,,,1.0,,,,,,,,,,,,,,,,,,1.0,,,,1.0,,,,,,,,,,1.0,,,,,1.0,,,,,,,,,,,,,,,,,,1.0,,,,,,,,1.0,,,,,1.0,,,,2.0,,,,,,,1.0,1.0,,,,,,,1.0,,,,,,,,,,,,,,,,,,,,,,,,,,,,,1.0,,,,,,,,,,,,,,,,,,,,,,,,,,,,,,,,,,,,,2.0,,,,2.0,1.0,,,,,,,2.0,,1.0,1.0,,1.0,,,,,,,,,,,,,,,,,,,,,,,,1.0,,,,1.0,4.0
classical_liberals,2017-09-17,,,,,,,,,,,,,,,,,,,,,,,,,,,1.0,,,,,,,,,,,,,,,,,,,,,,,,,,,,,,,,,,,,,,,,,,,,,,,,,,,,,,,,,,,,,,,,,,,,,,,,,,,,,,,,,,,,,,,,,,,,,,,,,,,,,,,,,,,,,,,,,,,,,,,,,,,,,,,,,,,,,,,,,,,,,,,,,,,,,,,,,,,,,,,,,,,,,,,,,,,,,,,,,,,,,,,,,,,,,,,,,,,,,,,,,,,,,,,,,,,,,,,,,,,,,,,,,,,,,,,2.0,,,,,,,,,,,,,,,,,,1.0,,,,,,,,,,,,,,,,,,,,,,,,,,,,,,,,,,,,,,,,,,,,,,5.0
classical_liberals,2017-09-18,,,,,,,,,,,,,,,,,,,,,,,,,,,1.0,,,,,,,,,,,1.0,,,,,,,,,,,,,,,,,,,,,,,,,,,,,,,,,,,,,,,,,,,,,,,,,,,,,,,,,,,,,,,,,,,,,,,,,,,,,,,,,,,,,,,,,,,,,,,,,,,,,,,1.0,,,,,,,,,,,,,,,,,,,,,,,,,,,,,,,,,,,,,,,,,,,,,,,,,,,,,,,,,,,,,,,,,,,1.0,,,,,,,,,,,,,,,,,,,,,,,,,,,,,,,,,,,,,,,,,,,,,,,,,,,,,,,,,,,,,,,,,,,,,,,,1.0,,,,,,,,,,,,,,,,,,,,,,,,,,,,,,,,,,,,,,,,,,2.0
classical_liberals,2017-09-19,,,,,,,,,,,,,,,,,,,,,,,,,1.0,,,,,,,,,,,,,,3.0,,,,,,,,,,,,,,,,,,,,,,,,,1.0,,,,,,,,1.0,,,,,1.0,,,,,,,,,,,,1.0,,,,,,,,,,,,,,,,,,,,,2.0,,,,,,,,,,,1.0,,,,,1.0,,,,,,,,,,,,,,,2.0,,1.0,1.0,,,,,,1.0,,,,,,,,,,,,,,,,,,,,,,,,,,,,,,,,,,,,,,,,,,,,,,,,,,,,,,,,,1.0,,,,,,,,,,,1.0,,,,,,,,,,,,,,,,,,,,,,,,,,,,,,,,,,,,,,,,,,,,,,,,,,,,,,,,,,,,,,,,,,,,,,,,,,1.0,,,,,,,,,,,,,,,,,,,,1.0,,,,,2.0,,,,,11.0
classical_liberals,2017-09-20,,,,,,,,,,,,,,,,1.0,,1.0,,1.0,,,,,2.0,,,,,,,,,,,,,,2.0,,,,,,,,,,,,,,,,,1.0,,,,,,,,,,,,,,,,1.0,,,,,,,,,,,,,,,,,1.0,,,,,,,,,,,,,,,,,,,,,2.0,,,,,,,,,1.0,,,,,,,1.0,,,,,,,,,,,,,,,1.0,,,,,,,,,,,,,,,,,,,,,,,,,,,,,,,,,,,1.0,1.0,,,,,,,,,,1.0,,,,,,,,,,,,,,,,1.0,,,,,,1.0,,,,,,,,,,,,,,,,,,,,,,,,,,,,,,1.0,,,,,,,,,,,,,,,,,,,1.0,,,,,,,,,,,,,,,,,,1.0,,,,,,,,,,,,,,,,,,,,,,,,,,,,,,,,,,,,,1.0,,,,,,,,1.0,6.0
classical_liberals,2017-09-21,,,,,,,,,,,,,,,,1.0,,1.0,,,,,,,,,,,,,1.0,1.0,,,,,,,,,,,,,,,,,,,,,,,,1.0,,,,,,,,1.0,,,,1.0,,,,2.0,,,,,,,,,,,,,,,,1.0,1.0,,,,,1.0,,,,,,,,,,,,,,,,,,,,,,,,,,,,,,,,1.0,,,,1.0,,,,1.0,,,,1.0,,,1.0,,1.0,1.0,,,,,,,1.0,,,,,,,,,,,,,,,1.0,,,1.0,,,,,1.0,,,,,,,1.0,,,,,,,,,,,,,,,,,,,,,,,,,,1.0,,,,,,,,,,,,,,,,,,,,,,,,,,,,,,,,,,,,,,,,,,,1.0,,,,,,,,1.0,,,,1.0,,,,,,,,,,,,,,1.0,,,,,,,,,,,,1.0,,,,,1.0,1.0,,,,,,,1.0,,,,,,,,,,,,,,,,,1.0,,,,4.0
classical_liberals,2017-09-23,,,,,,,,,,,,,,,,,,,,,,,,,,,1.0,,,,,,,,,,,,1.0,,,,,,,,,,,,,,,,,1.0,,,,,,,,,,,,,,,,,,,,,,,,1.0,,,,,,,,,,,,,,,,,,,,,,,,,,,,,,,,,,,,,,,,,,,,,,,,,,,,,,,,,,,,,,,,,,,,,,,1.0,,,,,,,,,,,,,,,,,,,,,,,,1.0,,,,,,,,,,,,,,,,1.0,,,,,,,,,,,,,,,,,,,,,,,,,,,,,,,,,,1.0,,,,,,,,,,,,,,,,,,,,,,,,,,,,,,,,,,,,,,,,,,,,,,,,,,,,,,,1.0,,,,,,,,,,,,,1.0,,,,,,,,,,,,,,,,,,1.0,,,,,,,,,,,1.0
classical_liberals,2017-09-24,,,,,,,,,,,,,,,,,,,,,,,,,,,,,,,,,,,,,,,,,,,,,,,,,,,,,,,,1.0,,,,,,,,1.0,1.0,,,,,,,1.0,,,,,,,,,,,,,,,,,,,,,,,1.0,,,,,,,,,,,,,,,,,,,,,,,,,,,,,,,,,,,,,,,,,,,,,,1.0,,,,,,,,,,,,,,,,,,,,,,,,,1.0,,,,,,,,,,,,,,,,,,,,,,,,,,,,,1.0,,,,,,,,,,,,,,,,,,,,,,,,,,1.0,,,,,,,,,,,,,,,,,,1.0,,,,,,,,,,,,,,,,,,,1.0,,,,,,,,,,,,,,,,,,1.0,,,,,,,,,,,,,,,,,,,,,,,,,,,,,,,,,,,,1.0,,,,,,,,,,4.0
classical_liberals,2017-09-25,1.0,,1.0,,4.0,,,,,,,,,,1.0,1.0,,,,1.0,,,,,,,1.0,,,,,,,,,,,,,,,,,,,,,,,,,,,,,,,,,,,,,3.0,,,,,,,,1.0,,,,,,,,1.0,,,,,,,,,,,,,,,1.0,,,,,,,,,,1.0,,,,,2.0,,,,,,,,,,,,,,,,,,,,,,,,,1.0,,,,,,1.0,,,1.0,,,,,,,,,,,,,,,,1.0,,,,,,,,,,,,,,,,,,,,,,,,,,,1.0,,,,,,,,,,,,,,,1.0,1.0,,,,,,1.0,,,,,,,,,,,,,,,,,,,,1.0,,,,,,,,,,,,,,,,,,,,,,,,,,,,,2.0,,,,,,,,,,,,,,,,,,,,1.0,,1.0,,1.0,,,,,,,,,,,,,,,,,,,1.0,,,,,,,,,,,1.0,,,,,,,,,3.0,9.0
classical_liberals,2017-09-26,,,,,1.0,,,,,,,,,,,,,,,,2.0,,,,,,,,,,,2.0,,,,,,,1.0,,,,,,,,,,,,,,,,,1.0,,,,,,,,,,1.0,,,,,,1.0,,,,,,,,,,,,,,,,,,,,,,,,,,1.0,,,1.0,,,,,,,,,2.0,,,,,,1.0,,,,,,,,,,,,,,,,,,,,,,,,,,,,,,,,,,,1.0,,,,,,,,,,,,,,,,,,1.0,1.0,,,,,,,,,,,,,,,,,,,,,,,,,,,,,,,,,1.0,,,,1.0,,,,2.0,,,,,,,,,,,,,,,,,,,,,,,1.0,,,,,,,,,,,,,,,,,,1.0,,,,,,1.0,,,,,,,,,,,,,,,,,,1.0,,1.0,,1.0,,,,,,,,,1.0,,,,,,,,,,,,,,,,1.0,,,,1.0,,,,,,1.0,,,,,,,4.0
classical_liberals,2017-09-27,,,1.0,,3.0,,,,,,,1.0,1.0,,,1.0,,,,,,,,,1.0,,,,,,2.0,,,,,,,1.0,1.0,,,,,,,,,,,,,,,,,2.0,,,,,,,,,,,1.0,,,,,3.0,,,,,,,,,,,,,,,,,1.0,,,,,,,1.0,,,,,,,,,1.0,,,,,1.0,,,,,,,,,,,2.0,,,,,,,,,,,,,,1.0,,,,,,2.0,,,,,,,,,1.0,,,,,1.0,,,,,1.0,,,,,1.0,,,,2.0,1.0,,,,1.0,,,,,,,,,,,,1.0,,,,,,,,,1.0,,,,,,,,1.0,,,,1.0,,2.0,,,,,,,,,,,,,,,,,,,,,,,,,,,,,,1.0,,,,,1.0,,,,,,,,,,,1.0,,,2.0,,2.0,,,,,,,,,,,,1.0,,1.0,,1.0,,2.0,,,,,,,,,,1.0,,,,,1.0,,,,,,,,1.0,,,,,,,,,,,2.0,,,1.0,,,,,,1.0,7.0
classical_liberals,2017-09-28,,,1.0,,4.0,,,,,,,2.0,,,,,,,,2.0,2.0,,,,3.0,,,3.0,,,,1.0,,,4.0,,,,4.0,,1.0,,,,,,,,,,,,,,,2.0,,,,,,,1.0,7.0,,,,,,,,3.0,,,,,,,1.0,2.0,,,,,,,,1.0,,,,,,,2.0,,,2.0,,,6.0,,,,2.0,1.0,,,,4.0,,,,,,,,,,,,,1.0,,,1.0,,,,,1.0,,,1.0,1.0,1.0,,1.0,,,3.0,,1.0,3.0,,,1.0,,,,,1.0,,,,,,,,2.0,,,,,,,,,,,,,,1.0,,,,,,,,,,1.0,,1.0,3.0,,,,1.0,,,,1.0,,,,,,,1.0,2.0,,,2.0,,1.0,,,1.0,,,,,,,,,,3.0,,,,,,,,,,,,1.0,9.0,,,,,3.0,,,,,,,,,,,,,,,,,,,6.0,1.0,2.0,,1.0,,,,,1.0,,,,,,,1.0,,4.0,,3.0,,,1.0,,,,,,,1.0,,,,,3.0,,,,,,1.0,,4.0,,,,1.0,,,,,,1.0,3.0,,,,,1.0,,,,4.0,35.0
classical_liberals,2017-09-29,1.0,,,,,,,,,,,,,,,,,,,,,,,,1.0,,,,,,,,,,,,,,,,,,,,,,,,,,,,,,,,,,,,,,,3.0,,,,,,,,1.0,,,,,,,,,1.0,,,,,,,1.0,,,,,,,,,,1.0,,,2.0,,,,1.0,,,,,,,,,,,,,,,,,,,,,,,,1.0,,,,,,,,,,,,,,,,,,,,,,,,,,,,,,,,,,,,,,,,,,,,,,,,1.0,,,,,,,,1.0,,,1.0,,,,,,,,,,,,,,,,,,,,,,1.0,,,,,,,,,,,1.0,,,,,,,,,,,,,1.0,,,,,,,,,1.0,,,,,,,,,,,,,,,1.0,,,,,,,,,1.0,,,,,,,,,,,,,,,,,,,,,,,,1.0,,,,,,,,,,,,,,1.0,,,,,,,,,,1.0,,,,,,2.0,7.0
classical_liberals,2017-09-30,,,,,,,,,,,,,,,,,,,,,,,,,,,,,,,,,,,,,,,,,,,,,,,,,,,,,,,,,,,,,,,,,1.0,,,,,,,,,,,,,,,,,,,,,,,,,,,,,,,,,,,,,,,,,,,,,,,,,,,,,,,,,,,,,,,,,,,,,,,,,,,,,,,,,,,,,,,,,,,,,,,,,,,,,,,,,,,,,,,,,,,,,,,,,,,,,,,,,,,,,,,,,,1.0,,,,,,,,,,,,,,,,,,,,,,,,,,,,,,,,,,,,,,,,,,,,,,,,,,,,,,,,,,,,,,,,,,,,,,,,,,,,,,,,,,,,,,,,,,,,,,,,,,,,,,,1.0,,,,,,,,,,,,,,,,2.0
classical_liberals,2017-10-01,,,,,,,,,,,,,,,,,,,,,,,,,,,,,,,,,,,,,,,,,,,,,,,,,,,,,,,,,,,,,,,,,,,,,,,,,,,,,,,,,,,,,,,,,,,,,,,,,,,,,,,,,,,,,,,,,,,,,,,,,,,,,,,,,,,,,,,,,,,,,,,,,,,,,,,,,,,,,,,,,,,,,,,,,,,,,,,,,,,,,,,,,,,,,,,,,,,,,1.0,,,,,,1.0,,,,,,,,,,,,,,,,,,,,,,,,,,,,,,,,,,,,,,,,,,,,,,,,,,,,,,,1.0,,,,,,,,,,,,,,,,,,,,,,,,,,,,,,,,,,,,,,,,,,,,,,,,,,,,,,1.0,,,,,,,,,1.0,2.0
classical_liberals,2017-10-02,,,,,,,,,,,,,,,,1.0,,,,,,,,,,,,,1.0,,,,,,1.0,,,,,,,,,,,,,,,3.0,,,,,,,,,,,,,,,,,,,,,,,,,,,,,,,,,,,,,,,,,,,,,1.0,,,,,,,,,,1.0,,,,,,,,,,,,,,,,,,,,,,,,,,,,,,,,,,,,2.0,,,,,,,,,,,,,,,,,,,,,,,,,,,,,,,,,,,,,,,,,,,,,,,,,,,,,,,,,,,,,1.0,1.0,,,,,,,,,,,,,,,,,,,,,1.0,,,,,,,,,,,,,,,,,,,,,,,,,,,,,,,1.0,,,2.0,,,,,,,,,,,,,,,,,,1.0,,,,,,,,,,1.0,,,,,,,,,,,,,,,,,,,,,,,,,,,,,,,,,,,,5.0
classical_liberals,2017-10-03,,,,,,,,,,,,,,,,,,,,,,,,,,,,,,,,,,,,,,,,,,,,,,,,,,,,,1.0,,,,,,,,,,,,,,,,,,,,,1.0,,,,,,,,,,,,,,,,,,,,,,,,,,,,,,,,,,,,,,,,,,,,,1.0,,,,,,,,,,,,,,,,,,,,,,,,,,,,,1.0,,,,,,,,,,,,,,,,,,,,,,,,,,,,,,,,,,,,,,,,,,,,,,,,,,,,,,,,,,,,,,,,,,,,,,,,,,,,,,,,,,,,,,,,,,,1.0,,,,,,,,,,,,,,,,,,,,,,,,,,,,,,,,,,,,,,,,,,,,,,,,,,,,,,,,,,,,,,,,,,,,,,,,,,1.0,,,,,,,,,4.0
classical_liberals,2017-10-04,,,,,2.0,,,,,,,,1.0,,,,,1.0,,,,,,,1.0,,,,,,,1.0,,2.0,,,,,1.0,,,,,,,,,,,,,,,,,,,,,,,,,2.0,,,,,,,,,,,,,,,,,,,,,,,,,,,,,,,,,,,,,,,,,,,,,,,,,,,,1.0,,,,,,2.0,,,,,,,,,1.0,,,,,,,,,,,,1.0,,,,,,,,,,,,,,,,,,,,,,,,,,1.0,,,,,,,,,,,,,,,1.0,,,,,,,,,,,,,,,,,,1.0,,,,,,,,,,,,,,,,,,,,,,,,,,,,,,,,,,,,,,,1.0,,,,,,,,,,,,,,,,,1.0,,,,,,,,,1.0,,,,,,,,,,,1.0,,,,,,,,,,,,,,,,,,,,,,,,,,,,,,,,,,,,,,,,1.0,,,,5.0
classical_liberals,2017-10-05,,,,,,,,,,,,,,,,,,,,,,,,,,,,,,,,,,,,,,,,,,,,,,,,,,,,,,,,,,,,,,,,,,,,,,,,,,,,,,,,,,,,,,,,,,,,,,,,,,,,,,,,,,,,,,,1.0,,,,,,,,,,,,,,,,,,1.0,,,,,,,,,,,,,,,,,,,,,,,,,,,,,,,,,,,,,,,,,,,,,,,,,,,,,,,,,,,,,,,,,,,,1.0,,,,,,,,,,,,,,,,,,,,,,,,,,,,,,,,,,,,,,,,,,,,,,,,,,,,,,,,,,,,,,,,,,,,,,1.0,,,,,1.0,,,,1.0,,1.0,,,,,,,,,,,,,,,,,,1.0,,,,,,,,,,,,,,,,,,,,,,1.0,,,,1.0
classical_liberals,2017-10-06,,,,,,,,,,,,,,,,,,,,,,,,,,,,,,,,,,,,,,,,,,,,,,,,,,,,,,,,,,,,,,,,,,,,,,,,,,,,,,,,,,,,,,,,,,,,,,,,,,,,,,,,,,,,,,,,,,,,,,,,,,,,,,,,,,,,,,,,,,,,,,,,,,,,,,,,,,,,,,,,,,,,,,,,,,,,,,,,,,,,,,,,,,,,,,,,,,,,,,,,,,,,,,,,,,,,,,,,,,,,,,,,,,,,,,,,,,,,,,,,,,,,,,,,,,,,,,,,,,,,,,,,,,,,,,,,,,,,,,,,,,,,,,,,,,,,,,,,,,,,,,,,,,,,,,,,,,,,,,,,,,2.0
classical_liberals,2017-10-07,,,1.0,,2.0,,,,,,,,,,,2.0,,,,1.0,,,,,,,,,,,,,,,,,,,1.0,,,,,,,1.0,,,,,,,,,,,,,,,,,,1.0,1.0,,,,,,,,,,,,1.0,,,1.0,,,,,,,,,,,,,,,,,,1.0,,,,,,,,1.0,,,,3.0,,,,,,,,,1.0,,,,,,,,,,,,,,,,,,,,1.0,,4.0,,1.0,1.0,,,3.0,,,,,,,,,,,,,,1.0,,,,1.0,,,,,,,,,,,,,,,,,,,,,,,,,,,,,,,,,,,,,2.0,1.0,,,,1.0,,,,,,,,,,,,,,,,,,,,,,1.0,,,,,,,,,,,,,,,2.0,,,,,,,,,,,,,,1.0,,1.0,,,,,,,,,,,,,,,,2.0,,1.0,,,,,,1.0,,,,,,,,1.0,1.0,1.0,,,,,,,,,,,,,,1.0,,,,1.0,,,,,,,,,,8.0
classical_liberals,2017-10-08,2.0,,,,2.0,,,,,,,,,,,1.0,,,,,1.0,,,,4.0,,1.0,,,,1.0,,,,,,,,1.0,,,,,,,,,,,,,,,,,,,,,,,,,1.0,,,1.0,1.0,,,,3.0,,1.0,,,2.0,,,1.0,,,,,,,,,,,,1.0,,1.0,,1.0,,,,,1.0,,,,,1.0,,,,2.0,,,,,,,,,,,,,,,,,,,1.0,,,,,,,,,,,,5.0,,,,,,,,,,,,,,,,,,,,1.0,,,,,1.0,,,,1.0,,,,1.0,,,,,,,,,,,,2.0,1.0,,,,1.0,,,,,,,1.0,1.0,,1.0,1.0,,,,,1.0,1.0,,,,,,,,,,,,1.0,,,,,,,,,,,,,,1.0,,,1.0,,,,,,2.0,,,,,1.0,,,,,,,1.0,,,2.0,,3.0,,,,,,,1.0,1.0,,1.0,,,,1.0,,3.0,,,,,,,,,,,,,1.0,,1.0,,,,1.0,,,,,,,,,,1.0,,,,,,1.0,1.0,,1.0,,,,1.0,,1.0,3.0,9.0
classical_liberals,2017-10-09,,,,,3.0,,,,,,,1.0,,,,,,,,,,,,,,,,,,,,,,,,,,,,,1.0,,,,,,,,,,,,,,,1.0,,,,,,,,,,,,1.0,,,,1.0,,,,,,,,1.0,,,,,,,,,,,,,,,,,,,,,1.0,1.0,,,,,,,,,,,,,,,,,,,,,,,,,,,,,,,,1.0,1.0,,,,,,,,,,,,,,,,,,,,,,,,,,,,,,,,,,1.0,,,,,,,,,,,,,,,,,,,,,,,,,,,,,1.0,,,,,1.0,,,,,,,,1.0,,,,,,,,,,,,,,1.0,,,,,,,,,1.0,,,,,,,,,,1.0,,,,1.0,,,,,,,1.0,,,,,,,,,,,,,,,,,,,1.0,,,,,,,,,,,,,,,,,,,,,,,,,,,1.0,,,,,,,,,,,1.0,,,,,,,,,,8.0
classical_liberals,2017-10-10,,,,,,,,,,,,,,,,,,,,,,,,,,,,,,,,,,1.0,,,,,,,,,,,,,,,,,,,,,,,,,,,,,,,,,,,,,,,,,,,1.0,,,,,,,,,,,,,,,,,,,,,,,,,,1.0,,,,,,,,,,,,,,,,,,,,,,,,,,,,,,,,,,,,,,,,,,,,,,,,,,,,,,,,,,,,,,,,,,,,,,,,,,,,,,,,,,,,,,,,,,,,,,,,,,,,1.0,,,,,,,,,,,,,,,,,,,,,,,,,,,,,,,,,,,,,,,,,,,,,,,,,,,,,,,1.0,,,,1.0,,,,,,,,,,,,,,,,,,,,,,,,,,,,,,,,,,,,,,,,,,,,,,,,,,,,,,,,,,,,3.0
classical_liberals,2017-10-11,,,,,1.0,,,,,,,,,,,,,,,,,,,,,,,,,,,,,,,,,,,,,,,,,,,,,,,,,,,,,,,,,,,,,,,,,,,1.0,,,,,,,,,,,,,,,,1.0,,,,,,,,,,,,,,,,,,,,,,,,,,,,,,,,,,,,,,,,,,,,,,,,,,,,,,,,,,,,,,,,,,,,,,,,,,,,,,,,,,,,,,,,,1.0,,,,,,,,,,,,,,,,,,,,,,,,,,,,,,,1.0,,,,,,,,,,,,,,,,,,,,,,,,,,,,,,,1.0,,,,,,,,,,,,,,,,,,,,,,,,,,,,,,,,,,,,,,,,,,,,,,,,,,,,,,,,,,,,,,,,,,,,,,,,,,,,,,,,,,1.0,1.0
classical_liberals,2017-10-12,,,,,,,,,,,,,,,,,,,,,,,,,,,,,,,,,,,,,,,,,,,,,,,,,,,,,,,,,,,,,,,,,,,,,,,,,,,,,,,,,,,,,,,,,,,,,,,,,,,,,,,,,,,,,,,,,,,,,,,,,,,,,,,,,,,,,,,,,,,,,1.0,,,,,,,,,,,,,,,,,,,,,,,,,,,,,,,,,,,,,,,,,,,,,,,,,,,,,,,,,,,,,,,,,,,,,,,,,,,,,,,,,,,,,,,,,,,,,,,,,,,,,,,,,,,,1.0,,,,,,,,,,1.0,,,,,,,,,,,,,,,,,,,,,,,,,,,,,,,,,,,,,,,,,,,,,,,,,,,,,,,,,,,,,,,4.0
classical_liberals,2017-10-13,,,,,2.0,,,,,,,,,,,1.0,,,,,,,,,,,,1.0,,,,,,,,,,,,,,,,,,,,,,,,,,,,1.0,,,,,,,,,,,,2.0,,,,,,,,,,,,,,,,,,,,,,,,,,,,,,,,,,,,,1.0,,,,,,,,,,,1.0,,,,,,,,,,,,,,,1.0,,,,,,,,,,1.0,,1.0,,,,,,,,,,,,1.0,,,,,,,,,,,,,,,,,,,,1.0,,,,,,,,,,,1.0,,1.0,,,,,,,,,2.0,,,,,,,,,,1.0,1.0,,,,,,,,,,,,,,,,1.0,,,,,,,,,,,,,,,1.0,,,,,,,,,1.0,,,1.0,,,,,,,1.0,,1.0,,,,,,,,,,,,,,,,3.0,,,,,,,,,,1.0,,,,,,,,,,,,,,,,,,,,,,,1.0,,,,,,,,,1.0,,,1.0,10.0
classical_liberals,2017-10-14,,,,,,,,,,,,,,,,1.0,,,,,,,,,,,,,,,,,,,,,,,,,,,,,,,,,,,,,,,,,,,,,,,,,,,,3.0,,,,,,,,,,,,,,,,,,,,,1.0,,,,,,,,,,,,,,,,,,,,,,,,,,,,,,,,,,,,,,,,,,,,,,,,,,,,,,,,,,,,1.0,,,,,,2.0,,,,,,,,,,,,,,,,,,,1.0,,,,,,,,,,,,,,,,,,,,,,,,,,,,,1.0,,,,,,,,,,,,,,,,,,1.0,,,,,,,,,,,,,,,,,,,,,,,,,,,,,,,,,,,,,,,,,,,,,,,,,,,,,,,1.0,,,,,,1.0,,,,,,,,,,,,,,,,,,,,,,,,,,,,,,,1.0,,,,1.0,1.0,,,,7.0
classical_liberals,2017-10-15,1.0,,,,1.0,,,,,,,1.0,1.0,,,2.0,,,,1.0,,,,,,,,,,,,,,,,,,,,,,,,,,,,,,,,,,,,1.0,,,,,,,,,1.0,,,1.0,,,,1.0,,,,,,,,,,,,,,1.0,,,,,,,,1.0,,,,,,,,,1.0,,1.0,,,,,3.0,,,,,,,,,,,,,,,,,,,,,,,,,,,,,,,3.0,,,,,,,,,,,,,,,,,1.0,,,,,,,,,,,,,,,,,1.0,1.0,,,,,,,,,,1.0,,,,,,,,,,,,,,,,,,,,,,,,,,,,,,,,,,,,,,,,,,,,,,,,1.0,,,,,1.0,1.0,,,,,1.0,,,,,,,,,,,,,3.0,,,,,,,,,,,,,,,,,,4.0,,1.0,,,,,,1.0,,,,,,1.0,,,1.0,,,1.0,,,,,,,,,,,,,,,,,,,,,,,,,,9.0
classical_liberals,2017-10-16,,,,,1.0,,,,,,,1.0,1.0,,,,,,,2.0,1.0,,,,1.0,,,,,,,,,,,,,,,,,,,,,,,,,,2.0,,,,,,,,,,,,,3.0,1.0,,,,,,,3.0,,,,,,,,,,2.0,,,,,,1.0,1.0,,,,,,1.0,1.0,,,,,,,,,1.0,,,,,,,,,,,,,,,1.0,,,,,,,,,,1.0,1.0,,,,,,,,,,2.0,,2.0,1.0,,,,,,,,,,,,,,,,3.0,,,,,,,2.0,,1.0,,,,,1.0,,,,,,,,,,,,,,,,,,,,,,,1.0,3.0,,,,,,,,,,,,,,,,,,,,,,,1.0,,,,,,,,,,,,,1.0,,,,,,1.0,1.0,,,1.0,,,,,,,,,2.0,,,,,2.0,,,,,,,,,,,,1.0,,,,,,,,,,,,,,,,,,1.0,,,3.0,,1.0,,,,,,,1.0,2.0,,,,,,,,,,,2.0,,,1.0,,,,1.0,,2.0,11.0
classical_liberals,2017-10-17,,,,,2.0,,,,,,,,,,,1.0,,,,,,,,,,,,,,,1.0,,,,,,,,1.0,,1.0,,,,,,,,,,,,,,,,,,,,,,1.0,1.0,,,,1.0,,,,,,1.0,,,,,,,,,,,,,,,,,,,,,1.0,,,,,,1.0,,,,,,,,,1.0,,,,,,,,,,,,,,,,,,,,,1.0,,,,,,,,,,,,1.0,,,,,,,1.0,,,,,,,,,,1.0,,,,,,,,,,,,,,1.0,,,,,,,,,,,,,,,,,,,,,,,1.0,1.0,,,,,,,,,,,,,,,,,,,,,,,,,,,,,,,,,,,,,,,,,1.0,,,,,,,,,,,,,,,,1.0,,,,1.0,,,,,,,,,,,,,,,,,1.0,,,,,,,,,,,,,,,,,,,,,,,,,,,,,,,,,,,,,,,1.0,,,,,,1.0,4.0
classical_liberals,2017-10-18,,,,,,,,,,,,,1.0,,,,,,,,,,,,,,,,,,,,,,,,,,,,,,,,,,,,,,,,,,,,,,,,,,1.0,,,,,,,,,1.0,,,,,,,,1.0,,,,,,,,,,1.0,,,,,,,,,,,,,,,,,,,,,,,,,,,,,,,,,1.0,,,,,,,,,,,,,,,,,,,,,,,,,,,,,,,,,,,,,1.0,,,,,,,,,,,,,,,,,,,,,,,,,1.0,,,,,1.0,,,,,,,,,,,,,1.0,,,,,,,,,,,,,,,,,,,,,,,,,1.0,,,,,,,,,,,,,,,,,,,,,,,,,,,,,,1.0,,,,,,,,,,,,,,,,,,1.0,,,,,,,,,,,,,,,1.0,,,,,,,,,,,,,,,,,,,,,,,,,,,,,,1.0,1.0
classical_liberals,2017-10-19,,,,,,,,,,,,1.0,,,,,,,,,,,,1.0,,,,,,,,,,2.0,,,,,1.0,,,,,,,,,,,,,,,,,,,,,,,,,,,,,,,,,,,,,,,,,,,,,,,,,,,,,,,,1.0,,,,,,,,,,,,,,,2.0,,,,,,,,,,,1.0,,,,,,,,,,,,,1.0,,,,,,,1.0,,,,,,,,,,,,,,,,,,,,,,,,,,,,,,,,,,,,,,,,,,,,,,1.0,,,,1.0,,,,,,2.0,,,,,,,,,,,,,,,,,,,,,,,,,,,,2.0,,1.0,,,,,,,,,,,,,,,,,,,,,,,,,,,,,,,1.0,,,,,,,,,,,,,,,,,,1.0,,2.0,,,,,,,,1.0,,,,,,,1.0,,,,,,,,,,,,,,,,,,,,,,,,,,,,,5.0
classical_liberals,2017-10-21,,,,,1.0,,,,,,,,,,,,,,,,,,,,,,,,,,,,,,,,,,,,,,,,,,,,,,,,,,,,,,,,,,,,,,,,,,,,,,,,1.0,,,,,,,,,,,1.0,,,,,,,,,,,,,,,,,,,,,,,,,,,,,,,,,,,,,,,,,,,,,,,,,,,,,,,,,,,,,1.0,,,,,,1.0,,,,,,,,,,,,,,,,,,,,,,,,,,,,,,,2.0,1.0,,,,,,,,,,,,,,,,,,,,,,,,,,,,,,,,,,,,,,,,,,1.0,,,,,1.0,,,,,,,,,,,,,,,,,,,,,,,,,,,,,,,,,,,,,,,,,,,,,,,,,,,,,,,,,2.0,,,,,,,,,,,,,,,,,,,,,,,,,,,,,,2.0,5.0
classical_liberals,2017-10-24,2.0,,1.0,,2.0,,,,,,,1.0,2.0,,,1.0,,,,,1.0,,,,1.0,,,,,,,,,,,,,,,,1.0,,,,,,,,,,,,,,,,,,,,,,,,,,,,,,,,,,,,,,,,,,,,,,,,,,,,,,,1.0,,,,,2.0,,1.0,,,,,,,1.0,,,,,,,,,,,,,1.0,,,,,,,,,,,,,,,,,,,,,1.0,,,,,,,,,,,,,,,,,,,,,1.0,2.0,,,,1.0,,,,,,,,,,,,,,,,,1.0,,1.0,,,,,,,,,1.0,,,,1.0,1.0,,,,1.0,,,2.0,1.0,,,,,,,,,,1.0,,,,,,,,,,1.0,,,,,,1.0,,,,,,,,1.0,,,,,,,,1.0,,,,,1.0,,1.0,,,,,,,,,,,,1.0,,1.0,,,,,,,,,,,,,,1.0,,,2.0,,,,,,,,1.0,,,,,,,,,,1.0,,1.0,1.0,1.0,,,,,,1.0,,,4.0
classical_liberals,2017-10-25,,,,,,,,,,,,,,,,,,,,,,,,,,,,,,,,,,,,,,,,,,,,,,,,,,,,1.0,,,,,,,,,,,,,,,1.0,,,,,,,,,,,,,,,,,,,,,,,,,,1.0,,,,,,,,,,,,,,,,,,,,,,,,,,,,,,,,,,,,,,,,,,,,,,,,,,,,,,,,,,,,,,,,,,,,,,,,,,,,,,,,,,,1.0,,,,,,,,,,,,,,,,,,,,,,,,,,,,,,,,,,,,,,,,,,,,,,,,,,,,,,,,,,,,,,,,,,,,,,,,,,,,,,,,,,,,,,,,,,,,,,,,,,,,,,,,,,,,,,,,,,,1.0,,,,,,,,,,,,,,,,,,,,,,,,,,,,,,1.0,2.0
classical_liberals,2017-10-26,1.0,,1.0,,4.0,,,,,,,,,,,,,,,,,,1.0,3.0,4.0,,1.0,,,,2.0,2.0,,,2.0,,,1.0,1.0,,1.0,,,,,,,,1.0,,5.0,1.0,,,,,,,,,,,2.0,,,1.0,,,,,,1.0,,2.0,,,1.0,,,,,,,,,,,,2.0,1.0,,,1.0,1.0,,,,2.0,,,,,1.0,,1.0,,,,,2.0,,,,,,2.0,,,,,1.0,,,,,,,,,,,,,1.0,1.0,,,,,,3.0,,,,,,,,1.0,1.0,1.0,,,,,,,,,1.0,,,,,1.0,1.0,,,,1.0,,,,2.0,1.0,1.0,1.0,,2.0,,,,,1.0,,1.0,1.0,,,,1.0,,,,1.0,,,,1.0,,1.0,2.0,1.0,,,,,,,,,,,,,,,,,,,,5.0,,,,,,2.0,,,1.0,,1.0,,,1.0,,1.0,,,,,1.0,,,,,,,,,,,1.0,,,2.0,,2.0,,,,,,,1.0,,,,,1.0,,,,6.0,,2.0,,,,1.0,,,,1.0,,2.0,,,1.0,1.0,1.0,1.0,,,2.0,,,,1.0,,,,,,,,2.0,,,,,,,,,,,,,7.0
classical_liberals,2017-10-27,,,,,,,,,,,,,,,,,,,,,,,,2.0,,,3.0,,,,,,,,,,,,,,,,,,,,,,,,3.0,,,,,,,,,,,,,1.0,,,,,,,,,,1.0,,,,,,,,,,,,,,,,,,,,,,,,,,,,,,,,,,,,2.0,,,,,,,,,,,,,,,,,,,,,,,,,,,,1.0,,,,,1.0,,,,,,,,,,,,,,,,,1.0,,,,,,,,,1.0,,,,,,,,,,,,,,,,,,,,,,,,,,,,,,,,,,,,,,,,,,,,,,,,,,,,,,3.0,,,,,,,,,,,,,,,,,,,,,,,,,,,,,,,,,,,1.0,,3.0,,,,,,,,,,,,,,,,2.0,,,,,,,,,,,,,,,,,,,,,1.0,,1.0,,,,,,,,,,,,,,,,,,,,,,,6.0
classical_liberals,2017-10-28,,,,,,,,,,,,,,,,,,,,,,,,,,,,,,,,,,,,,,,1.0,,,,,,,,,,,,,,,,,1.0,,,,,,,,,,,,,,,,,,,,,,,,,,,,,,,,,,,,,,,,,,,,,,,,,,,,,,,,,,,,,,,,,,,,,,,,,,,,,,,,,,,,,,,,,,,,,,,,,,,,,,,,,,,,,,,,,,,,,,,,,,,,,,,,,,1.0,,,,,,,,,,,,,,,,,,,,,,,,,,,,,,,,,,,,,,,,,,,,,,,,,,,,,,,,,,,,,,,,,,,,,,,,,,,,,,,,,,,,,,,,,,,,,,,,,,,,,,,,,,,,,,,,,,,,1.0,,,,,,,,,,,,,,,,,,,,2.0
classical_liberals,2017-10-29,,,,,1.0,,,,,,,,,,,,,,,,,,,,,,,,,,,,,,,,,,1.0,,,,,,,,,,,,,,,,,,,,,,,,,,,,,,,,,,,,,,,,,,,,,,,,,,,,,,,,,,,,,,,,,,,,,,,,,,,,,,,,,,,,,,,,,,,,,,,,,,,,,,,,,,,,,,,,,,,,,,,,,,,,,,,,1.0,,,,,,,1.0,,,,,,,,,,,,,,,,,,,,,,,,,,,,,,,,,,,,,,,,,,,,,,,,,,,,,,,,,,,,,,,,,,,,,,,,,,,,,,,,,,,,,,,,,,,,,,,,1.0,,,,,,,,,,,,,,1.0,,,,,,,,,,,,,,,,,,,,,,,,,,,,,,,,,,,,,,2.0
classical_liberals,2017-10-30,,,,,1.0,,,,,,,,,,,1.0,,,,,,,,,,,,,,,,,,,,,,,,,,,,,,,,,,,1.0,,,,,,,,,,,,,1.0,,,,,,,,,,,,,,,,1.0,,1.0,,,,,,,,,,,,,,,,1.0,,,,,,,,,,,,1.0,,,,,,,,,,,,,,,,,,,,,,,,1.0,,,,,,,3.0,,,1.0,,,,,,,,,1.0,,,,,,,,,,,,,,,,,,,,1.0,,,,,,,,,,,,,,,,,,,,,,,,,,,,1.0,,1.0,,,,,,,,,,,,,,,,,,,,1.0,,,,,,1.0,,,,,1.0,,,,,,,,,,,,,,,,,,,,,,,,1.0,,,,,,,,,,,,,,,,,,1.0,,,1.0,,,,,1.0,,,,,,,,,,,,,,,,,,,,,,,,,,,,,,,,,,,1.0,,,13.0
classical_liberals,2017-10-31,,,1.0,,2.0,,,,,,,,,,,,,,,,,,,,,,,,,,1.0,,,,,,,,1.0,,1.0,,,,1.0,,,,,,1.0,,,,,,,,,,,,,,,,,2.0,,,,1.0,,1.0,,,,,,,,,,,,1.0,,1.0,,,,,,,,1.0,,,,,,,,,,,,,,1.0,,,,,,,,,,1.0,,,,,,,,,1.0,,,,,,,,,,,,,,,,1.0,,,,,,,,,,,,,,,,,,,,,,,,,,,,,,,1.0,1.0,,1.0,,,,,,,,,,,,1.0,,,,1.0,,,,1.0,,1.0,,,,,,,,,,,,,,,,,,,,,,1.0,,,,,,,,,,,,,,,,2.0,,,,,1.0,,,,,,,,,,,1.0,,,1.0,,1.0,,,,,,,1.0,,,,,1.0,,,,1.0,,,,,,,,1.0,,,,,,1.0,1.0,,,,,,,,,,2.0,,,,,,,,,,,1.0,,,,1.0,,1.0,,,,6.0
classical_liberals,2017-11-01,,,,,,,,,,,,,,,,1.0,,,,,,,,,1.0,,,,,,,,,,,,,,,,,,,,,,,,,,,,,,,,,,,,,,,1.0,,,,,,,,,,,,,,,,,,,,,,,,,,,,,,,,,,,,,,,,,,,,,,,1.0,,,,,,,,,,,,,,1.0,,,,,,,,,,,,,,,,,,,,,,,,,,,,,,,,,,,,,,,,,1.0,,,,,,,,,,,,,,,,,,,,,,,,,,,,,,,,,,,,,,,,,1.0,,,,,,,,,,,,,,,,,,,,,,,,,,,1.0,,,,,,,,,,,,,,,,,,,,,,,,,,,,,,,,,,,,,,,,,,1.0,,,,,,,,,,,,,,,,,,,,,,,,,,,,,,,,,,,,,,,,,,,,,2.0,7.0
classical_liberals,2017-11-02,,,,,1.0,,,,,,,,,,,,,,,,,,,,,,,,,,,,,,,,,,,,1.0,,,,,,,,,,,,,,,,,,,,,,,,,,,,,,,,,,,,,,,1.0,,,,,,,,,,,,,,,,,,,,,,,,,,,,,,,,,,,,,,,,,,,,,,,,,,,,,,,,,,,,,3.0,,,,,,,,,,,,,,,,,,,,,,,,,,,,,,,,,,,,,,,,,,,,,,,,,,,,,,2.0,,,,,,,,,1.0,,,1.0,,,,,,,,,,,,,,,,,,,,,1.0,,,,,,1.0,,,,,,,,,,,,,,,,,,,,,,,,,,,,,,,,,,,,,,,,,,2.0,,1.0,,,,,,,,,,1.0,,,,,1.0,,,,,,,,,,,,,,,,,,,,,,,,,,,,,5.0
classical_liberals,2017-11-03,,,2.0,,14.0,,,,,,2.0,1.0,6.0,,,4.0,,,,5.0,1.0,,,2.0,1.0,1.0,,,,,,1.0,,,1.0,,,,1.0,,7.0,,,,1.0,,,10.0,,,,,,,,4.0,,,,,,,,3.0,,1.0,1.0,1.0,,,,7.0,,1.0,,,1.0,,1.0,,,,,,,,,3.0,,,,,1.0,3.0,3.0,,,,2.0,,,,,,3.0,,,,,3.0,,,,,,2.0,,,,,3.0,,,,,1.0,,,2.0,4.0,,,,6.0,,1.0,,7.0,,,6.0,,4.0,1.0,,,,,,2.0,,,,,,,,,,3.0,,,,,1.0,,,,2.0,1.0,,,,4.0,1.0,3.0,5.0,,,,,,,4.0,1.0,5.0,,,3.0,,,1.0,,,4.0,,,1.0,,,4.0,2.0,2.0,,,,,1.0,,,,,,,,,,,,8.0,1.0,,,3.0,,,,,,,,,2.0,3.0,,,,,7.0,,,,,3.0,,,,3.0,,,1.0,,,1.0,1.0,,,3.0,,2.0,,1.0,,,,,,,,,,1.0,,,,11.0,,3.0,2.0,3.0,,3.0,,3.0,,,,10.0,,,,,9.0,,1.0,,,1.0,,,,,1.0,,,,,,,,1.0,7.0,,,10.0,2.0,3.0,3.0,,,4.0,34.0
classical_liberals,2017-11-04,,,,,1.0,,,,,,,,2.0,,,1.0,,,,,,,,,1.0,,,,,,,,,2.0,,,,,,,,,,,,1.0,,,,,,,,,,1.0,,,,,,,,,,,,,,,,1.0,,,,,,,,,,,,,,,,,,,,,,,,,,1.0,,,,,,,1.0,,,,,1.0,,,,,,,,,1.0,,,,,,,,,,,,1.0,,,,,,,1.0,,,2.0,,,2.0,,,,,,,,,,,,,,,,,,,,,,,,,,,,,,,,,,,,,,,,1.0,,,,,,,,,,,,,2.0,,,,,1.0,,,,,,,,,,,,,,,,,,1.0,,,,,,,,,,,,,,,1.0,,,,3.0,,,,,,,,,,,1.0,,,,1.0,,,,1.0,,1.0,,1.0,,,,,1.0,,,,,,,,,2.0,,,,,,,,1.0,,,,,,,,,,,,,,,,,,,,,,,,,1.0,,,,,,,,1.0,,,,,6.0
classical_liberals,2017-11-05,,,,,,,,,,,,,,,,,,1.0,,,1.0,,,,,,,,,,,,,,,,,,,,,,,,,,,,,,,,,,,,,,,,,,,,,,,,,,,1.0,,,,,,,1.0,,,,,,,,,,,,,,,,,,,,,,,,,,,,,,,,,,,,,,,,,,,,,,,,,,,,,,,,,,,,,,,,,,,,,,,,,,,,1.0,,,,,,,,,,,,,,,,,,,,,,,,,,,,,,,,,,,,,,,,,,,,,,,,,,,,,,,,,,,,,,,,,,,,,,,,,,,,,,,,,,,,,,,,,,,,,,,,,,,,,,,,,1.0,,,,,,,,,,,,,,,,,,,,,,,,,,,,,,,,,,,,,,,,,,,,,,,,,,,,,,,,,,,,,,2.0
classical_liberals,2017-11-06,,,,,1.0,,,,,,,,1.0,,,,1.0,,,,,,,,,,,,,,,,,,1.0,,,,,1.0,,,,,,,,,,,,,,,,,,,,,,,,,,,,,,,,,,,,,,,,,,,,,,,,,,,,,,,1.0,,,,,,,,,,1.0,,,1.0,,,,,,,,,,,,,,,,,,,,,,,,,,,,,,,,,,,,,,,,,,,1.0,,,,,,,,,,,,,,1.0,,,,,,,,,,1.0,1.0,,,,,,,,1.0,,1.0,,,,,,,,,,,,,,,,1.0,1.0,,,,,,,,,,,,,,,,,,,,,,,,1.0,,,,,1.0,,,,,,,,,,,,,,,,,,,,,,,,,,2.0,,1.0,,,,,,,,,,,,,,,,2.0,,,1.0,,,,,,,,,,,1.0,,,,,,,,,,,,,,,,,,,,,,,,,,,,,,,,4.0
classical_liberals,2017-11-07,,,1.0,,1.0,,,,,,,,3.0,,,1.0,,,,8.0,,1.0,,,5.0,,,,,,,2.0,,,,,,,11.0,1.0,2.0,,,,1.0,,,,,,,,,,,4.0,,,,,,,1.0,6.0,,,,,,,,,,1.0,,,,,,,,,,2.0,,,,,,3.0,,,,2.0,,2.0,,,,,,,,,2.0,,,,,1.0,,,,,,,,,,,,1.0,,,,,,,1.0,2.0,2.0,,,1.0,,,,,,,8.0,,,6.0,,,,1.0,,2.0,1.0,,,,,,,,,,4.0,,1.0,,,,2.0,,6.0,,,,,2.0,,,,,,,,,,,,,,,,,,,,,1.0,,,,,,2.0,1.0,,,,,,2.0,,,,,,,,,,,,,,,,,,,,,5.0,,,,,,,,,,,,,,,1.0,,,,,,3.0,1.0,,,,,,,1.0,,3.0,,3.0,,,,,,,,2.0,,,,,,9.0,,,,,,,,,,,,2.0,,6.0,,3.0,8.0,,,2.0,,,1.0,,,,,,,1.0,,,,,,3.0,,,10.0,,,,,,4.0,26.0
classical_liberals,2017-11-08,,,,,,,,,,,,,,,,1.0,,,,,,,,,,,,,,,,,,,,,,,,,,,,,,1.0,,,,,,,,,,,,,,,,,,,,,,,,,,,,,,,,,,,,,,1.0,,,,,,,,,,,,,,,,,,,,,,,,,,,,,,,,,,,,,,,,,,,,,,,,,,,,,,,,,,,,1.0,,,,,,,1.0,,,,,,,,,,,,,,,,,,,,,,,,,,,,,,,,,,,1.0,,,,,,,,,,,,,,,,,,,,,,,1.0,,,,,,,,,,,,,,,,,,,,,,,,,,,,,,,,,,,,,,,,,,,,,,,,,1.0,,1.0,,,,,,,,,,,,,,,,,,,,,,,,,,,,,,,,,,,,,,,,,,,,,,1.0,,,,,,,,,,,,,,,,4.0
classical_liberals,2017-11-09,,,,,,,,,,,,,,,,1.0,,,,,,,,,1.0,,,,,,,,,,,,,,,,,,,,,,,,,,,,,,,,,,,,,,,1.0,,,,,,,,,,,,,,,,,,,,,,,,,1.0,,,,,,,,,,,,,,,,,,,,,,,,,,,,1.0,,,,,,,,,,,,,,,,,,,,,,,,,,,,,,,,,,,,,,,,,,,,,,,,,,,,,,,,,,,,,,,,,,,,,,,,,,,,,,,,,,,,,,,,,,,,,,,,,,,,,,,,,,,,,,,,,,,,,,,,,,,,,,,,,,,,,,,,,,,,,,,,,,,,,,,,,,,,,,,1.0,,,,,,,,,,,,,,,,,,,,,,,,,,,,,,,,,,,,,,,,,,,,,,5.0
classical_liberals,2017-11-10,,,,,,,,,,,,,,,,,,,,,,,,,,,,,,,,,,,,,,,,,,,,,,,,,,,,,1.0,,,,,,,,,,,,,,,,,,,,,,,,,,,,,,,,,,,,,,,,,,,,,,,,,,,,,,,,,,,,,,,,,,,,,,,,,,,,,,,,,,,,,,,,,,,,,,,,,,,,,,,,,,,,,,,,,,,,,,,,,,,1.0,,,,,,,,,,,,,,,,,,,,,,,,,,,,,,,,,,,,,,,,,,,,,1.0,,,,,,,,,,,,,,,,,,,,,,,,,,,,,,,,,,1.0,,,,,,,,,,,,,,,,,1.0,,,,1.0,,,,,,,,,,,,,,,,,,,,,,,,,1.0,,,,,1.0,,,,,,1.0,,,,,,,,,1.0,6.0
classical_liberals,2017-11-11,,,,,,,,,,,,,,,,,,,,1.0,,,,,,,,,,,,,,,,,,,,,,,,,,,,,,,,,,,,,,,,,,,,,,1.0,,,,,,,,,,,,,,,,,,,,,,,,,,,,,,,,,,,,,,,,,,,,,,,,,,,,,,,,,,,,,,,,,,,,,,,,,,,,,,,,,,,,,,,,,,,,,,,,,,,,,,,,,,,,,,,,,,,,,,,,,,,,,,,,,,,,,,,,,,,,,,,,,,,,,,,,,,,,,,,,,,,,,,,,,,,,,,,,,,,,,,,,,,,,,,,,,,,,1.0,,,,,,,,,,,,,,,,,,,,,,1.0,,,,1.0,,,,,1.0,,,,,,,,1.0,,,,,,,,,,,1.0,,,,,1.0,,,,,3.0
classical_liberals,2017-11-13,,,,,1.0,,,,,,,,,,,,,,,1.0,,,,,1.0,,,,,,,,,,,,,,,,,1.0,,,,,,,,,,,,,,,,,,,,,,,,,,,,,,,,,,,,,,,,,,,,,,,,,,,,,,,,,,,,,1.0,,,,,,,,,,,,,,,,,,,,,,,,,,,,,,,,,,,,,,1.0,,,,,,,,1.0,,,,,,,,,,,,,,,,,,,,,,,,,,,,,,,,,,,,,,,1.0,,,,,,,,,,,,,1.0,,,,,,,,,,,,,,,,,,,,,,,,,,1.0,,,,,,,,,,,,,,,,,,,,,,1.0,,,,,,,,,,,,,1.0,,,,,,,,,,,,,,,,1.0,,1.0,,,,,,1.0,,,,,,,,,,,,,,,,,,,,,,,,,,,,,1.0,,,,,,,10.0
classical_liberals,2017-11-14,,,,,,,,,,,,,,,,,,,,,,,,,,,,,,,,,,,,,,,,1.0,,,,,,,,,,,,,,,,,,,,,,,,,,,,,,,,,,,,,,,,,,,,,,,,,,,,,,,,,,,,,,,,,,,,,,,,,,,,,,,,,,,,,,,,,,,,,,,,,,,,,,,,,,,,,,,,,,,,,,,,,,,,,,,,,,,,,,,,,,,,,,,,,,,,,,,,,,,,,,,,,,,1.0,,,,,,,,,,,,,,,,,,,,,,,,,,,,,,,,1.0,,,,,,,,,,,,,,,,,,,,,,,,,,,,,,,,,,,,,,,,,,,,,,,,,,,,,,,,,,,,,,,,,,,,,,,,,,,,,,,,,,,,,,,4.0
classical_liberals,2017-11-15,,,,,,,,,,,,,,,,,,,,,,,,,,,,,,,,,,,,,,,,,,,,,,,,,,,,,,,,,,,,,,,,,,,,,,,,,,,,,,,,,,,,,,,,,,,,,,,,,,,,,,,,,,,,,,,,,,,,,,,,,,,,,,,,,,,,,,,,,,,,,,,,,,,,,,,,,,,,,,,,,,,,,,,,,,,,,,,,,,,,,,,,,,,,,,,,,,,,,,,,,,,,,,,,,,,,,,,,,,,,,,,,,,,,,,,,,,,,,,,,,,,,,,,,,,,,,,,,,,,,,,,,,,,,,,,,,,,,,,,,,,,,,,,,,,,,,,,,,,,,,,,,,,,,,,,,,,,,,,,,,,2.0
classical_liberals,2017-11-16,,,,,,,,,,,,,,,,,,,,,,,,,,,,,,,,,,,,,,,1.0,,,,,,,,,,,,,,,,,,,,,,,,,,,,,,,,,,,,,,,,,,,,,,,,,,,,,,,,,,,,,,1.0,,,,,,,,,,,,,,,,,,,,,,,,,,,,,,,,,1.0,,,,,,,,,,,,,,1.0,,,,,,,,,,,,,,,,1.0,,,,,,,,,,,,,,,,,,,,,,,,,,,,,,,,,,,1.0,,,1.0,,,,,,,1.0,,,1.0,,,,,,,,,,,,,,,,,,,,,,,,,,,,,,,,,1.0,,,,,,,,,,,,,,,,,,,,,,,,,,,,,,,,,,,,,,,,,,,,,,,,,,,,,,,,,,,,,,,,,,,,,,,,,1.0,,,,3.0
classical_liberals,2017-11-17,,,,,,,,,,,,,,,,1.0,1.0,,,,,,,,,,,,,,,,,,,,,,,,,,,,,,,,,,,,,,,,,,,,,,,1.0,,,1.0,,,,,,,1.0,,,,,,,,,,,,,,,,,,,,,1.0,,,,,,,,,,,,,,,,,,,,,,,,,,,,,,,,,1.0,,,,,,,,,,,,,,,,,,,,,,,,,,,,,,,,,,,,,,,,,,,,,,,,,,,,,,,,1.0,,,,,,,,,,,,,,,,,,,,,,,,,,,,,,,,,,,,,,,,,,,,,,,,,,,,,,,,,,,,,,,,,,,,,,,,,,,,,,,,,,,,,,,,,,,,,,,,,,,,,,,,1.0,,,,,,,,,,,,,,,,,,1.0,,,,,,,,,,,,,,,,6.0
classical_liberals,2017-11-18,,,1.0,,3.0,,,,,,,,,,,2.0,,,,,,,,,,,,,,,1.0,2.0,,,,,,1.0,,1.0,1.0,,,,,1.0,,,,,,,,,,1.0,,,,,,,,3.0,,,1.0,2.0,,,,1.0,,,,,2.0,,1.0,2.0,,,,,,,,1.0,1.0,,,,,,1.0,,,,,,,,1.0,,1.0,,,,,1.0,,,,,,1.0,2.0,,1.0,1.0,2.0,,,,,,,1.0,,,,,,2.0,,,,,,,3.0,,1.0,1.0,,,,1.0,1.0,1.0,1.0,2.0,,,,,,,,,,1.0,,,1.0,,,,,,,,,3.0,1.0,1.0,,,2.0,,,,,,,3.0,2.0,2.0,,,1.0,,,,,,,,,,1.0,1.0,2.0,,,,1.0,,2.0,,,,,,,,,,,,,,,,,,1.0,,,,,,,1.0,2.0,,,,1.0,,,,1.0,,,,,1.0,,,,,,,,,,1.0,,2.0,,,,,,,,,,,,1.0,,,,4.0,,,,1.0,,1.0,,2.0,,,,1.0,,,,,1.0,,,,,,,,1.0,,,,,2.0,,,2.0,,1.0,1.0,,,1.0,1.0,2.0,1.0,,,4.0,11.0
classical_liberals,2017-11-19,,,,,1.0,,,,,,,,1.0,,,1.0,,,,,,,,,,,,,,,,,,,,,,,,,,,,,,,,,,,,,,,,,,,,,,,,1.0,,,,1.0,,,,,,1.0,,,2.0,,,,,,,,,,,,,,,,,1.0,,,,1.0,,,,,,,,,,,,,,,,,,,,,,,,,,,,,,,,,,,,,,,,,,,,,,,1.0,,,,,,,,,,,,,,,,,,,,1.0,,,,,,,,,,,,,,,,,,,,,1.0,,1.0,,,,,,,,,,,,,1.0,,1.0,,,,,,1.0,,,,,,,,,,,,,,,,,,,,,,,,,,,,,,,,,,,,1.0,,,,,,,,,,,,,2.0,,,,,,,,,,,,,,,,,,,,,,,,,,,,,,,,,,,,,,,,,,,,,,,,,,,,,,2.0,1.0,,1.0,,,,,,,9.0
classical_liberals,2017-11-20,,,,,3.0,,,,,,,,1.0,,,1.0,,,,1.0,,,,,,,,,1.0,,,,,,,,,,,,1.0,,,,,,,,,,,,,,,6.0,,1.0,,,,,1.0,1.0,1.0,,,,,1.0,,1.0,,1.0,,,1.0,,,,,,,,,,,2.0,,,,,,,,,,,,,1.0,,,,,3.0,,,,1.0,,,,,,,1.0,,,,,,,,,,,,,,,,,,,,,,,,,,,1.0,,,,,1.0,,2.0,,,,,,,,,,,,,,1.0,,,,,,,,,1.0,,,,,,,,,,3.0,1.0,3.0,,,,,,,,,,,,,,,,,,,,,2.0,2.0,,,,,,,,,,,,,,,,,,,,,1.0,,,2.0,1.0,1.0,1.0,,,,,,,,,,,,,,,1.0,,,,,2.0,,,4.0,,,,1.0,,,,,,,,,,,,1.0,,3.0,,4.0,,,,,,,,,,,,,,,2.0,,,,,,,2.0,1.0,,,2.0,,1.0,1.0,,,,,1.0,,,,,,3.0,,,,27.0
classical_liberals,2017-11-21,,,,,,,,,,,,1.0,,,,,,,,1.0,,,,,1.0,,1.0,,,,,,,,,,,,,,2.0,,,,,1.0,,,,,,,,,,1.0,,,,,,,2.0,1.0,,,1.0,1.0,,,,2.0,,,,,,,,,,,,1.0,,,,,,3.0,,,,,,,,,,,,,,,,,,,,1.0,,,,,,,,,,,,,1.0,,,,,1.0,,,,,,,,,,,,,2.0,,,2.0,,,,,1.0,1.0,1.0,,,,1.0,,,,,2.0,,,,,,,,,1.0,1.0,,,,1.0,,,,,,,,,,,,,,,,,,,,,1.0,,,,,,,1.0,,,,,,,,,,,,,,,,,,,,,,,,1.0,,,,,,,,2.0,1.0,,,,,,,,,,,,,,,2.0,,,,,,,,2.0,,2.0,,,,,,,,,,,,,,,,2.0,,,,,,,,1.0,,,,1.0,,,,,2.0,,1.0,,,,,,,,,,,,,1.0,,,,,,,,,,,,,1.0,12.0
classical_liberals,2017-11-22,,,1.0,,2.0,,,,,,,,1.0,,,,,,,,,,,,1.0,,,,,,,,,,,,,,,1.0,,,,,,1.0,,,1.0,,,,,,,,,,,,,,,,,1.0,1.0,1.0,,,,,,1.0,,,1.0,,,,,,,,,,,,,,,,,,,,,1.0,,,,,,,,,,,,,,,,1.0,,,,,,,1.0,,,,,,,1.0,,,,,,,,,,1.0,,,1.0,,1.0,1.0,,,,1.0,,,,,,,2.0,,,,,,,,,,,,,,,,,,,2.0,,,,,1.0,,,,,,1.0,,1.0,,,,,2.0,,,,,,,,,1.0,,1.0,,,,1.0,,1.0,,,,,,,,,1.0,,,,,,,,,,,,,,,,,,,,,,,,,,,,,,,,,,,,,1.0,,,1.0,,,,,,1.0,,,,,,,,,,,,2.0,,,,,,,,1.0,,,,,,,,,,,,1.0,,,,,4.0,,,,,,,1.0,,,,2.0,,,,,,,,,,7.0
classical_liberals,2017-11-23,,,1.0,,,,,,,,,,1.0,,,,,,,,,,,,,,,,,,,,,,,,,1.0,,,,1.0,,,,,,,,,,,,,,,,,,,,,,,,,,,,,,,,,,,,,,,,,,,,,,,,,,,,,,,,,,,,,,,,1.0,,,,,,,,,,,,,,,,,,,,,1.0,,1.0,,,,,,,,,,,,,,,,,,,,,,,,,,,,,,,,,,,,,,,,,,,,,,,,,,,,,,,,,1.0,,,,1.0,,,,,,,,,,,,,,,,,,1.0,,,,,,,,,,,,,,,,,,,,,,,,,,,,,,,1.0,,,,,,,,,1.0,,,,3.0,1.0,,,,,,,1.0,,,,,,,,,,,,,,,,,,,,2.0,,,,,,,,,,,,,1.0,,,,,,,,,,,,,,,,,,,,,,,,,,,,,5.0
classical_liberals,2017-11-24,,,,,,,,,,,,,,,,,,,,,,,,,,,,,,,,,,,,,,,,,,,,,,,,,,,,,,,,,,,,,,,,,,,,,,,,,,1.0,,,,,,,,,,,,,,,,,,,,,,,,,,,,,,,,,,,,,,,,,,,,,,,,,,,,,,,,,,,,,,,,,,,,,,,,,,,,,,,,,,,,,,,,,,,,,,,,,,,,,,,,,,,,,,,,,1.0,,,,,,,,,,,,,,,,,,,,,,,,,,,,,,,,,,,,,,,,,,,,,,,,,,,,,,,,,,,,,,,,,,,,,,,1.0,,,,,,,,,,,,,,,,,,,,,,,,,,,,,,,,,,,,,,,,,,,,,,,,,,,,,,,,,,,,,,,,2.0
classical_liberals,2017-11-25,,,,,1.0,,,,,,,,,,,,,,,1.0,,,,,,,,,,,,,,,,,,,,,,,,,,,,,,,,,,,,,,,,,,,1.0,,,,,,,,,,,,,,,,,,,,,,,,,,,,,,,,,,,,,,,,,,,,,,,,,,,,,,,,,,,,,,,1.0,,,,,,,,,1.0,,,,,,2.0,,,,,,,,1.0,,,,,,,,,1.0,,,,,,,,,,,1.0,,,,,,,,,,,,,,,1.0,1.0,,,1.0,,,,,,,1.0,,,,,,2.0,,,,,,,,,,,,,,,,,2.0,,,,,,,,,1.0,,,,,,1.0,,,,,,2.0,,,,,,,,,,,1.0,,,,,1.0,,,,,,,,,,,,,,,,,,,,,,,,,,,,,,,,,1.0,,,,,,,,,,,,,,,,,,,,,,,,,,,,,,,,,,4.0
classical_liberals,2017-11-26,,,,,,,,,,,,,,,,,,,,,,,,,,,,,,,,,,,,,,,,,,,,,,,,,,,,,,,,,,,,,,,,1.0,,,,,,,,,,,,,,,,,,,,,,,,,,,,,,,,,,,,,,,,,,,,,,,,,,,,,,,,,,,,,,,,,,,,,,,,,,,,,1.0,,,,,,,,,,,,,,,,,,,,,,,,,,,,,,,,,,,,,,,,,,,,,,,,,,,,,,,,,,,,,,,,,,1.0,,,,,,,,,,,,,,,,,,,,,,,,,,,,,,,,,,,,,,,,,,,,,,,,,,,,,,,,,,,,,,,,,,,,,,,,,,,,,,,,,,,,,,,,,,,,,,,,,,,,,,,,,,,,,,,,,,1.0,3.0
classical_liberals,2017-11-27,,,,,,,,,,,,,,,,,,,,,,,,,,,,,,,,,,,,,,,,,,,,,,,,,,,,,,,,,,,,,,,,,,,,,,,,,,,,,,,,,,,,,,,,,,,,,,,,,,,,,,,,,,,,,,,,,,,,,,,,,,,,,,,,,,,,,,,,,,,,,,,,,,,,,,,,,,,,,,,,,,,,,,,,,,,,,,,,,,,,,,,,,,,,,,,,,,,,,,,,,,,,,,,,,,,,,,,,,,1.0,,,,,,,,,,,,,,,,,,,,,,,,,,,,,,,,,,,,,,,,,,,,,,,,,,,,,,,,,,,,,,,,,,,,,,,,,,,,,,,,,,,,,,,,,,,,,,,,,,,,,,,,1.0
classical_liberals,2017-11-28,,,,,2.0,,,,,,,,,,,,,,,,,,,,,,,,,,,,,,2.0,,,,,1.0,,,,,,,,,,,,,1.0,,,,,,,,,,,4.0,,,,,,,,1.0,,,,,,,,1.0,,,,,,,,,,1.0,,1.0,,,,,,,,,,,,,,,,,,,,,,,,,,,,,,,,,,,,,,,,,,,,,,,,,,,,1.0,,,,,,,,,,,,,,,,,,,,,,,,,,,,,,1.0,,,,,,,,,,,,,,,,,,,,,,,1.0,,,,,,,,,,,,,,1.0,,,,,,,,,1.0,1.0,,,,,,,,,,,,,4.0,,,,,,,,,,,,,,,,,,,,,,,,1.0,,,,,,,1.0,,,,,,,,,,,1.0,,,,,,,,,,,,,,,,,,,,,,,,,,,,,,1.0,,,,,,1.0,1.0,,,1.0,,,,1.0,2.0,8.0
classical_liberals,2017-11-29,,,,,,,,,,,,,,,,,,,,1.0,,,,,,,,,1.0,,,,,,1.0,,,,,1.0,1.0,,,,,1.0,,,,,,,,,,,,,,,,,,4.0,,,,,,,,3.0,,,,,2.0,,,,,,,,,,,3.0,,,,,,,,1.0,,,,,,,,,,,,,,,,,,,,,,,1.0,,,,,,,,,,,,,,,,,,,,,,3.0,,,,,,,,,,,,,,,,,,,,,,,1.0,,,,,,,,,,,,,,,,,,,,,1.0,,,,,,,,,,,,,,,,,,,,,,2.0,1.0,,,,,,,1.0,,,,,,,,,,,,,,,,,,,3.0,,,,,,,,,2.0,,,,,,,,,,,,,,,4.0,,,,,,,,,,,,,,,,,1.0,1.0,,,,,,,,2.0,,,,,,,4.0,,1.0,1.0,,,,,1.0,,,,,,,,,,,,,,,,,1.0,,1.0,,,2.0,17.0
classical_liberals,2017-11-30,,,,,2.0,,,,,,,,,,,,,1.0,,1.0,,,,,,,,,,,,,,,1.0,,,,,,,,,,,1.0,,,,,,,,,,1.0,,,,,,,,1.0,,,,,,,,,,,,,1.0,,,,,,,,,,,,,,,,,1.0,,,,,,,,,,,,,,,,,,,,,,,,,1.0,,2.0,,,,,,,,,,,,,,,,,,,,4.0,,2.0,1.0,,,,,,,,,,,,,,,1.0,,,,,,,,,,,,,,,,,,,,,,,,,,,,1.0,,,,,,,,1.0,,,1.0,,,,,1.0,1.0,,,,,,,,,,,,,,,,1.0,,,,,,,,,,,,,,,,,,,,,,,,,,,,,,,,,,,2.0,,,1.0,,1.0,,1.0,,,,,,,,,,1.0,,,,2.0,,,,,,,,,,2.0,,1.0,,,,,1.0,,,,,,,,,,,,,1.0,,,,,,2.0,,,,,,2.0,,,1.0,7.0
