subreddit,date,total,state,agree,things,think,information,making,make,like,saying,talking,religious,poor,getting,just,government,ows,lot,people,question,evidence,don,right,true,good,far,let,want,laws,states,point,job,live,political,new,issue,tell,doing,won,read,long,said,need,ve,better,change,look,man,know,thing,does,gt,stupid,time,win,voting,country,gop,ll,vote,republicans,guns,speech,free,public,care,users,believe,did,white,internet,voters,reddit,fuck,house,say,case,article,understand,thanks,taxes,probably,law,way,life,maybe,police,cops,contact,federal,god,ron,rules,politics,president,come,religion,paul,america,use,result,years,doesn,ideas,didn,fucking,really,guy,officer,money,black,gun,got,wrong,actually,spending,bad,little,yes,bush,obama,going,left,kill,fbi,sure,support,world,real,report,media,action,control,argument,rich,idea,income,debate,stop,makes,moore,tax,great,pay,market,military,person,democrats,business,movement,url,fact,fox,aren,election,lost,wall,shit,day,news,primary,says,love,reason,troll,power,war,supporters,congress,problem,thought,school,republican,democratic,old,isn,ban,used,trump,best,companies,trying,tea,discussion,reform,nazi,health,exactly,big,work,yeah,american,oh,message,post,oil,corporations,year,food,debt,stimulus,cheney,economy,feel,comment,mean,voter,wage,healthcare,constitution,women,liberal,banks,pretty,protest,party,today,rights,plan,video,weapons,company,jobs,regarding,private,voted,insurance,removal,hate,gay,marriage,hope,cop,civil,general,torture,candidate,candidates,comments,cuts,cost,clinton,questions,israel,personal,automatically,user,biden,campaign,sanders,bernie,attack,fake,votes,street,literally,security,jews,option,minimum,racist,unions,obamacare,hillary,removed,subreddit,mitt,romney,lol,iraq,nazis,union,water,beck,glenn,joe,palin,kucinich,russia,shill,wikileaks,iran,id,investigation,rush,concerns,accusations,ryan,hamas,mosque,performed,bp,emails,santorum,delegates,russian,moderators,bot,tsa,weiner,donald,shutdown,aca,mccain,compose,reminder,assange,nsa,dnc,rubio,refugees,syria,carson,ni,cruz,nif,sopa,nas,nin,nthe,zimmerman,comey,nurl
forecast2016,2015-05-06,2,1.0,,,,,,1.0,,,,,,,,,,,,,,,,,1.0,,,,,,,,,,,,,,,,,,1.0,,,,,,,,,,,,,,,,,,,,,,,,,,,,,1.0,,,,,1.0,,,,,,,,,,,,,,,,,,,,,,,,,,,,,,,,,,,,,,,,,,,1.0,,,,,,,1.0,,,,,,,,,,,,,,,,,,,,,,,,,,,,,,,,,1.0,,,,,,,,,,,,,,,,,,,,1.0,,,,,,,,,,,,,,,,,,,,,,,,,,,,,,,,,,,,,,,,,,,,,,,,,,,,,,,,,,,,,,1.0,,,,,,,,1.0,1.0,,,,,,,,,,,,,1.0,,,,,,,,,,,,,,,,,,,,,,,,,,,,,,,,,,,,,,,,,,,,,,1.0,,,,,,,,,,,,,
forecast2016,2015-05-07,2,,,,,1.0,,1.0,1.0,,,,,,1.0,,,,,,,1.0,,,,,,,,1.0,,,,,,,,,,,,,,,,,1.0,,,1.0,,,,,,,,,,1.0,,,,,,,,,,,,,,,,,,,,,,,,1.0,,1.0,,,,,,,,1.0,,,,,,,,,,,,,1.0,,,,,,,,,,,,,,,,,,,,1.0,,,,,,,,,,,,,,,,,,,,,,,,,,,,1.0,,,,,,,,,,,,,,,,,,,1.0,,1.0,,,,,,,,,,,,,,,,,,,1.0,,,,,,,,,,,,,,,,1.0,,,,,,,,,,,,,,,,,,,,,,,,1.0,,1.0,1.0,,,,1.0,,,,,,1.0,,1.0,1.0,,,,,,,,,,,,,1.0,,,,,,,,,,,,1.0,,,,,,,,,,,,,,,,,,,,,,,,,,,,,,,,,,,,,,,,,,,,,,,
forecast2016,2015-05-14,1,,,,,,,1.0,,,1.0,,,,,,,,,,,,,,,1.0,,,,,,,,,,,,,1.0,1.0,,,,,,,,,,,,1.0,,,1.0,,,,,1.0,,,,,,,,,1.0,,,,,,,,,,,,,,,,,,,,,,,,,1.0,,,,,,,,,,,,,,,,,,,,,,,,,,,1.0,,,,,,,,,,,,,,,,,,,,,,,,,,,,,,1.0,,,,1.0,,1.0,,,,,,,,,,,,,,,,,,,,,,,1.0,,,,,,,,,,,,,,,,,,,,,,,,,1.0,,,,,,,,,,,,,,,,,,,,,,,,,,,,,,,,,,1.0,,,,,,,,,,,,,,,1.0,,,,,,,,,,,,,1.0,1.0,,,,,,,,,,,,,,,,,,,,,,,,,,,,,,1.0,,,,,,,,,,,,,,,,,,,,,,,,,
forecast2016,2015-05-24,1,1.0,,,,,,,1.0,,,,,1.0,,,,,,,,,,,,,,,,,,,,,1.0,,,,,,,,,,,,,,1.0,,,,,1.0,,1.0,1.0,,,,,,,,,,,,,,,,,,,1.0,,,,,,,,1.0,,,,,,,,,,,,,,,,,,,,,,,1.0,,,,,,,,,,,1.0,,,,,,,,1.0,,,,,,,,,,,,,,,,,,,,,,1.0,,,1.0,,,,,,,,,,,,,,,,,,,,,,,,,,,,,,,,,,,,,,,,,,,,,,,,,,,,,,,,,,,,,,,,,,,,,,,,,,,,,,,,,,,,,,,,,,,1.0,,,,,,,,1.0,,,,,,,,,,,,,,,,,,,,,,,,,,,,,,,,,,,,,,,,,,,,,,,,,,,,,,,,,,,,,,,,,,,,,,,,,
forecast2016,2015-05-26,1,,,,,,,,,,,,,,,,,,,,,,,,,,,,,,,,,,1.0,,,,,,,,,,,,,,,,,,,,,,,,,,,,,,,,,,,,,,,,,,,,,,,,,,,,,,,,,,,,,,,,,,,,,,,,,,,,,,,,,,,,,,,,,,,,,,,,,,,,,,,,,,,,,,,,,,,,,,,,,,,,,,,,,,,,,,,,,,1.0,1.0,,,,,,,,,,,,,,,,,,,,,,,,,,,,,,,,,,,,,1.0,,,,,,,,,,,,,,,,,,,,,,,,,,,,,,,,,,,,,,,,,,,,,,,,,,,,,,,,,,,,,,,,,,,,,,,,,,,,,,,,,,,,,,,,,,,,,,,,,,,,,,,,,,,,,,,,
forecast2016,2015-05-28,1,,,,,,,,1.0,,,,,,,,,,,,,,,,,,,,,,,,,,,,,1.0,,,,,,,1.0,,1.0,,,1.0,1.0,,,,,,,1.0,,,,,,,,,,,1.0,,,,,,,,,,,,,,,,,,,,,,,,,,,,,,,,,,,,,,1.0,,,,,,,,,,,,,,1.0,,,,,,1.0,,,,,,,,,,,,,,,,,,,,,1.0,,,,,,,1.0,,,,,,,,1.0,,,,,,,,,,,,,,,,,,,,,,,,,,1.0,,,,,,,,,,,,,,,,,,,,,,1.0,,,,,,,,,,,,,,,,,,,,,,,,1.0,,,,,,,,,,,,,,,,1.0,,,,,,,,,,,,,1.0,,,,1.0,,,,,,,,,,,,,,,,,,,,,,,,,,,,,,,,,,,,,,,,,,,,,,,,,,,,,,,
forecast2016,2015-05-30,1,,,,,,,,,,,,,,,,,,,,,,,,,,,,,,,,,,,,,,,,,,,,,,,,,,,,,,,,,,,,,,,,,,,1.0,,,,,,,,,,,,,,,,,,,,,,,,,,,,,,,,,,,,,,,,,,,,,,,,,,,,,,,,,,,,,,,,,1.0,,,,,,,,,,,,,,,1.0,,,,,,,,,,,,,,,,,,,,,,,,,,,,,,,,,,,,,,,,,,,,,,,,,,,,,,,,,,,,,,,,,,,,,,,,,,,,,,,,,,,,,,,,,,,,,,,,,,,,,,,,,,,,,,,,,,,,,,,,,,,,,,,,,,,,,,,,,,,,,,,,,,,,,,,,,,,,,,,,,,,,,,,,,,,,,,,
forecast2016,2015-06-01,1,,,,,,,,,,,,,,,,,,,,,,,,,,,,,,,,,,,,,,,,,,,,,,,1.0,,,,,,,,,,,,,,,,,,,,,,,,,,,,,,,,,,,,,,,,,,,,,,,,,,,,,,,,,,,,,,,,,,,,,,,,,,,,,,,,,,,,,,,,,,,,,,,1.0,,,,,,,,,,,,,,,,,,,,1.0,,,,,,,,,,,,,,,,,,,,,,,,,,,,,,,,,,,,,,,,,,,,,,,,,,,,,,,,,,,,,,,,,,,,,,,,,,,,,,,,,,,,,,,,,,,,,,,,,,,,,,,,,,,,,,,,,,,,,,,,,,,,,,,,,,,,,,,,,,,,,,,,,,,,,,,,,,,,,,,,
forecast2016,2015-06-02,3,,,1.0,,1.0,1.0,,,,,,,,,,,1.0,1.0,,,,2.0,,,,,,,,,,,,,,,,1.0,,,,,,,,1.0,,,,1.0,1.0,,1.0,2.0,1.0,,,,1.0,1.0,,,,,,,,,,,1.0,,,,,,,,,,1.0,,,,,,,,,,,,,,,,,,1.0,,,,,,,2.0,,,,,,,,,,,1.0,,1.0,,,,,,,,,,,1.0,,,,,1.0,,,,,,,,,,,,1.0,,,2.0,,,,1.0,,,,,1.0,1.0,,,1.0,,,,,,,,,,1.0,,,,,,,,,,,,,,,,,,,,,,,,,,,,,,,,1.0,,,,,,,,1.0,,1.0,,,,,,,,,,,,,,,,1.0,,,1.0,,,1.0,,,,2.0,,,,,,,,1.0,,,,,,,,,,,,,,1.0,,,,,,,,,1.0,,,,,,,,,,,,,,,,,,,,,,,,,,,,,,,,,,,,,1.0,,,,,,,,,,,,,
forecast2016,2015-06-03,3,,,1.0,1.0,,,2.0,1.0,,,,,,1.0,,,2.0,,1.0,,1.0,2.0,,1.0,1.0,1.0,,,,1.0,,,,,,,1.0,2.0,,,,,1.0,1.0,,1.0,,1.0,1.0,,,,,,1.0,,2.0,,1.0,3.0,,,,,,,1.0,,,,,,,,,,,,,,1.0,,,,1.0,,,,,,,,,,,,3.0,,,,,,,,,1.0,,,,,,1.0,,,,1.0,,,1.0,,,1.0,,,2.0,,,,,,,,,,,,,,,,,,,,,,2.0,,,,1.0,,,,,,,,,1.0,1.0,,,,,,,,1.0,,1.0,1.0,,,1.0,,,,1.0,,,,,,,,,,,,,,,,,,,,,,,,,,,,,,,,1.0,,1.0,,1.0,,,,,,,,,,,,,,,,,,,1.0,,1.0,,,,,3.0,,,,,,,,,,,,,,,1.0,,,,,,,2.0,,,,,,,,,,,,,,,,,,,,,,,,,,,,,,,,,,,,,,,,,,,,,,1.0,,,,,1.0,,,,,,,,
forecast2016,2015-06-04,1,1.0,,,,,1.0,,,,,,,,1.0,,,1.0,,,,,,,,,,1.0,,1.0,,,,,,,,,,1.0,,,,,1.0,,,,,1.0,1.0,,,,1.0,,,,,1.0,,,,,,,,,,,,,,,1.0,,,1.0,,,,,,,,,,,,,,,,,,,,,,,,1.0,,,,,1.0,,,,,,,,1.0,,,1.0,,,,,,,,,,,,,,,,,,,,,,,,,,,,,,1.0,,,,1.0,,,1.0,,,,,,,,,,,,,,,1.0,,,1.0,1.0,,,,,,1.0,,,,,,,,1.0,,,,,,,,,,1.0,,,,,,,,,,,,,,,,,,1.0,,,,,,,,,,,,,,,,,,,,,,,,,,,,,,,,,,,,,,,,,,,,1.0,,,,,,,,,,,,,,,,,,,,,,,,,,,,,,,,,,,,,,,,,,,,,,,,,,,,,,,,,,,,,,,
forecast2016,2015-06-09,1,,,,,,1.0,,,,,,,,,,,,,,,,,,,,,,,,,,,,1.0,,,,1.0,,1.0,,,,,,,,,,,,,,,,,,,,,,,,,,,,,,,,,,,,,,,,,,,,,,,,,,,,,,1.0,,,,,,,,,,,,,,,,,,,,,,,,,1.0,,,,,,1.0,,,,,,,,,,,,,,,,,,,,,,,,,,,,,,,,,,,,,,,,,,,,,,,,,,,,,1.0,,,,,,,,,,,,,,,,,,,,,,,,,,,,,,,,,,,,,,,,,,,,,,,,,,,,,,,,,,,,,,,,,,,,,,,,,,,,,,,,,,,,,,,,,,,,,,,,,,,,,,,,,,,,,,,,,,,,,,,,,,1.0,,,,,,,,,,,,,,,,,,,,,,
forecast2016,2015-06-10,2,1.0,,,,1.0,,1.0,1.0,,,,,,,,,1.0,,,,1.0,1.0,,,,,,,,,,,,,,1.0,,1.0,,,,,,,,,,1.0,1.0,,,,1.0,,,,1.0,,,1.0,,,,,,,,1.0,,,,,,,,,,,,,1.0,,,,,,,,,,,,1.0,,,,1.0,,,,1.0,,,,,,,,,,,,,,,,,,1.0,1.0,,,1.0,,1.0,,,,,,,,,,,,,,,,,,,,,,1.0,,,,,,,,,,,,,1.0,,,,,,,,,,,,1.0,1.0,,1.0,,,,,,,,,,,,,,,,,,,,,,1.0,,,,,,1.0,,,,,,,,,,,,1.0,1.0,,,,,,,,,,,,,,,,,,,,,,,,,1.0,,,,,,,,,,,,,,,,,,,,,,1.0,,,,,,,,,,,,,,,,,,,,,,,,,,,,,,1.0,,,,,,,,,,,,,,,,1.0,,,,,,,,,,,,,
forecast2016,2015-06-12,1,,,,,,,,,,,,,,1.0,,,,,,,,,,,,,1.0,,,,,,,,,,,,,,,,,,,,,,,,,,,,,,,,,,,,,,,,,,,,,,,,,,,,,,,,,,,,,,,,,,,,,,,,,,,,,,,,,,,,,,,,,,,,,,,,,,,,,,,,,,,,,,,,,,,,,,,,,,,,,,,,,,,,,,,,,,,,,,,,,,,,,,,,,,,,,,,,,,,,,,,,,,,,,,,,,,,,,,,,,,,,,,,,,,,,,,,,,,,,,,,,,,,,,,,,,,,,,,,,,,,,,,,,,,,,,,,,,,,,,,,,,,,,,,,,,,,,,,,,,,,,,,,,,,,,,,,,,,,,,,,,,,,,,,,
forecast2016,2015-06-13,1,,,,,,,,,,,,,,,,,,,,,,,,,,,,,,,,,1.0,,,,,,,,,,,,,,,,,,,,,,,,,,,,,,,,,,,,,,,,,,,,,,,,,,,,,,,,,,,,,,,,,,,,,,,,,,,,,,,,,,,,,,,,,,,,,,,,,,,,,,,,,,,,,,,,,,,,,,,,,,,,,,,,,,,,,,,,,,,,,,,,,,,,,,,,,,,,,,,,,,,,,,,,,,,,,,,,,,,,,,,,,,,,,,,,,,,,,,,,,,,,,,,,,,,,,,,,,,,,,,,,,,,,,,,,,,,,,,,,,,,,,,,,,,,,,,,,,,,,,,,,,,,,,,,,,,,,,,,,,,,,,,,,,
forecast2016,2015-06-15,5,1.0,,,1.0,1.0,1.0,3.0,2.0,,,,,,2.0,,,1.0,,,,1.0,1.0,,1.0,,1.0,1.0,,2.0,,,,1.0,2.0,,1.0,1.0,1.0,1.0,,,1.0,2.0,,1.0,1.0,,2.0,1.0,1.0,,,2.0,,,,2.0,1.0,,1.0,,,,,,,,1.0,,,,2.0,,1.0,,,1.0,,1.0,,,,1.0,,,,,,,,,2.0,1.0,,1.0,,1.0,,1.0,,,,,1.0,,1.0,1.0,,,,,,,1.0,,,1.0,1.0,1.0,,1.0,,,,,,,,,1.0,,,,,,,1.0,,1.0,,,,1.0,,,1.0,1.0,,,1.0,1.0,1.0,1.0,1.0,,,,,1.0,2.0,,,,,,,,,1.0,,,1.0,,1.0,1.0,,,,,,,,,,,,,1.0,1.0,,,1.0,,2.0,,,1.0,,,,,,,1.0,1.0,,,,,,,,,,,,,,,,1.0,,,,,,,,,,,,,1.0,,,1.0,,,,1.0,,,,,,1.0,,1.0,,,,,,,,,,,,,,,,,,,,,,,,,,,,,,,,,,,,,,,,,,,,,,,,,,,,,,,,,,,,1.0,,,,,,,,,,,,,
forecast2016,2015-06-16,2,,,,1.0,1.0,,,1.0,,,,,,1.0,,,1.0,1.0,,,1.0,,,1.0,1.0,,,,,,,,,1.0,,,,,,,,,,1.0,,,,,1.0,,,,,,,,1.0,,,,,,,,,,,,,,1.0,,,,,,,,,,,,,,,,,,,,,,,,,,1.0,,,,,,,,,,1.0,,,,,,,,,,,,1.0,,1.0,,,,1.0,,,,,,,,,,,,,,,,,,,,,,1.0,,,,,,1.0,,,,,,1.0,,,,,,,,,,,,,1.0,1.0,,,,,,,,,,,,,,,,,,,,,,,,,,,,,,,,,,,,,,,,,,,1.0,,,,,,,,,,,,,,,,,,,,1.0,1.0,,1.0,,2.0,,,,,,,,1.0,1.0,,,,,,,,,,,,,2.0,,,,,,,,,,,,,,,,,,,,,,,,,,,,,,,,,,,,,,,,,,,,,,1.0,,,1.0,,1.0,,,,,,,,
forecast2016,2015-06-17,3,1.0,,,,,,1.0,1.0,,,,,,2.0,,,,1.0,,,,,,1.0,,,1.0,,1.0,1.0,,,,,,,1.0,1.0,,,,1.0,,,,1.0,1.0,,,,,,1.0,1.0,,,1.0,,,1.0,,,,,1.0,,1.0,1.0,1.0,,2.0,,,1.0,1.0,,,,2.0,,1.0,,1.0,,,,,,,,,,,,1.0,,1.0,,,,,,,,,,1.0,,,,,,1.0,,,,,,1.0,1.0,1.0,,,,1.0,3.0,,,,,,,,,,,,,,,,1.0,,,,,1.0,,,,,,,1.0,1.0,,,,,1.0,,,,,,,,,,,,1.0,,,,,,,1.0,,1.0,,,,,,,,,,,,,,,,,,,,,,,,,1.0,,,,,,,1.0,,1.0,,,,,,,,,,,,,,,,,,,2.0,,1.0,1.0,,,,2.0,,,,,,,,2.0,1.0,,,1.0,,,1.0,,,,,,,1.0,,1.0,,1.0,,,,,,,,,,,,,,,,,,,,,,,,,,,,,,,,,,,,,,,,,,1.0,,,,,1.0,,,,,,,,
forecast2016,2015-06-18,4,1.0,,,1.0,,,2.0,1.0,,,,,,2.0,,,1.0,,,,1.0,,,,,,,,1.0,1.0,,,,,,,1.0,,1.0,1.0,,,1.0,,,1.0,,1.0,,,,,1.0,,,,1.0,,,,,,,,,,,1.0,,,,,,,,,,,1.0,,,,2.0,,,,,,,,,,,1.0,,,1.0,,,,,,,,,,1.0,,,,,1.0,,,,,1.0,,2.0,,,,,,,2.0,,,,,,,,,,,,,,,,,1.0,,,,,,,,,,,,,,,,,2.0,,,1.0,,,,,,,1.0,,1.0,,,1.0,,,1.0,,,,,,,,,,1.0,,,,,,,,,1.0,,,,,,,,,,,,,,,,,,,1.0,,,,,,,,,,,,,,,,,,,,,,,,,1.0,,,,,,1.0,1.0,1.0,,,,,,,,,,,,,,1.0,,,,,,,,,,,,,,,,,,,,,,,,,,,,,,1.0,,,,,,,,,,,,,,,,2.0,,,1.0,,1.0,,,,,,,,
forecast2016,2015-06-24,2,2.0,,,1.0,,,,1.0,1.0,,,,,,,,1.0,,,,,,,,,,,,1.0,1.0,,,,,,,,,,,,,,1.0,,,,,,,,,,,,,2.0,,1.0,1.0,,,,,,,,,,,,,,,,,,,,,,,,,,,,,,,,,,,,,1.0,,,,1.0,,,,,,,,,,,,,,,,,,1.0,2.0,,,,,,,,,,,,,,,,,,,,,,,,,,,1.0,,,,,,,1.0,2.0,,,,,,,,,,,,,,,,,1.0,,,,,,1.0,,,,,,,,,,,,,,,,,,,,,,,,,,,,,,,,,,,,,,,,,,,,,,,1.0,,,,,,,,,1.0,,,,,,,2.0,,,,,,,,,,,,,,,,,,1.0,,,,2.0,,,1.0,1.0,,,,,,,,,,,,,,,,,,,,,,,,,,,,,,,,,1.0,,,,,,,,,1.0,,,,,,,,,,,,,
forecast2016,2015-06-25,1,,,,,,,,,,,,,,,,,,,,,,,,,,,,,,,,,,,,,,,,,,,,,,,,,,,,,,,,,1.0,,,,,,,,,,,,,,,,,,,,,,,,,,,,,,,,,,,,,,,,1.0,,,,,,,1.0,,,,,,,,,,,,1.0,,,1.0,,,,,,,,,,,,,,,,,,,,,,,,,,,,,,,,,1.0,,,,,,,1.0,,,,,,,,,,,,,,,,,,,1.0,,,,,,,,,,,,,,,,,,,,,,,,,,,,,,,,,,,,,,,,,,,,,,,,,,,,,,,,,,,,,,,1.0,,,,,,,,,,,,,,,,,,,,,,,,,,1.0,,,,,,,,,,,,,,,,,,,,,,,,,,,,,,,,,,,,,,,,,,1.0,,,1.0,,1.0,,,,,,,,
forecast2016,2015-06-26,1,,,,,,,,,,,,,,1.0,,,,,,,,,,1.0,,,,,,,,,,1.0,,,,,,,,,,,,,,,,,,,,,,,,,,1.0,,,,,,,,,,,1.0,,,,,,,,,,,,,,,,,,,,,,,,,,,,,,,,,,,,,,,,,,,,,,1.0,,1.0,,,,,,,,,,,,,,,,,,,,,,,,,,,,,,,,,,,,,,,,,,,,,,,,,,,,,1.0,,,1.0,,,1.0,1.0,,,,,,,,1.0,,,,,,,,,,,,,,,1.0,1.0,,,,,,,,,,,,,,,,,,,,,,,,,,,,,,,,,1.0,,,,,,,,,,,,,,,,,,,,,,,,,,,,,,,,,,,,,,,,,,,,,,,,,,,,,,,,,,,,,,,,1.0,,,,,,,,,,,,,,,,,,,,,,
forecast2016,2015-06-30,2,1.0,,,,,,,,,,,,,,,,,,,,,,,,,,,,,,,,,,,,1.0,1.0,,,,,,,,,,,,,,,,,,,1.0,,,,,,,,,,,,,,,,,,,,,,,,,,,,,,,,,,,,,,,,1.0,,,,,,,,,,,,,,,,,,,,,,1.0,1.0,,,,,,,,,,,,,,,,,,,,,,,,,,,,,,,,,,,,,,,,,,,,,,,,,,,,,2.0,,,,,2.0,,,,,,,,,,,,,,,,,,,,,,,,,,,,,,,,,,,,,,,,,,,,,,,,,,,,,1.0,,,,,1.0,,,,,1.0,,,,,,,,2.0,,,,,,,,,,,,,,2.0,,,,,,,,,,,,,,,,,,,,,,,,,,,,,,,,,,,,,,,,,,,,,,1.0,,,2.0,,1.0,,,,,,,,
forecast2016,2015-07-01,2,,,,1.0,,1.0,,2.0,,,,,1.0,,,,,1.0,1.0,,,1.0,,1.0,,,,,,,,,,,,,,,,,,,,,,1.0,,,,,1.0,,,,,,1.0,,,1.0,,,,,,,1.0,,,,1.0,,,,1.0,,1.0,,,,,,,,,,,,,,,,,,,,,,,,,,,,,,,,,,,,,1.0,,,,,1.0,,,,,,1.0,1.0,,,,,,,,,,,,,1.0,,,,,,,,1.0,,,1.0,,,,1.0,,,,,,,,,,,,,,,,,,1.0,,,,,,1.0,1.0,,,,,,,,,,,,,,,,,,,,,,,,,,,,,,,,,,,,,,,,,,,,,,,,,,,,,,,1.0,,1.0,1.0,,,,1.0,1.0,,,,,1.0,,1.0,,,,1.0,,,,,,,,,,1.0,,,,,,,,,,,,,,,,,,,,,,,,,,,,,,,,,,,,,1.0,,,,,,,,,1.0,,,,,,,,,,,,,
forecast2016,2015-07-03,1,1.0,,,,,,,,,,,,,,,,,,,,,,,,,,1.0,,,,,,,,,,,,,,,,,,,,,,,,,,,1.0,,,,,,,,,,,,,,,,,,,,,,,,,,,,,,,,,,,,1.0,,,,,,,,,,,,,,,,,,,,,,,,,,,,,,,,,,,,,,,,,,,,,,,,,,,,,,,,,,,,,,,,,,,,,,,,,,,,,,,,,,,,,,,,,,,,,,,,,,,,,,1.0,,,,,,,,,,,,,,,,,,,,,,,,,,,,,,,,,,,,,,,,,,,,,,,,,1.0,,,,,,,1.0,1.0,,,,,,,,,,,,,,,,,,,,,,,,,,,,,,,,,,,,,,,,,,,,,,,,,,,,,,,,,,,,,,,,,,,,,,,,,
forecast2016,2015-07-13,2,,,,,,,,1.0,,,,,,1.0,,,,1.0,,,,,,1.0,,,,,,,,,,,,,,,,,,,1.0,,,,,,1.0,1.0,,,,,,,,,,2.0,,,,,,,,,,,1.0,,,,1.0,,,,,,,,,,,,,,,,,,,,,,,,,,,,,,,,,,,,,,,,,,,,1.0,,,,,,,,,,,,,,,,,,1.0,,,,,,,,,,,,,,,,,1.0,,,,,,,,,,,,,,,,,,1.0,,,,,,2.0,1.0,,,,,,,,,,,,,,,,,,,,,,,,,,,,,,,,,,,,,,,,,,,,,,,,,,,,,,,,,,,,,,,,,,,,,,,,,,,,,,,,,,,,,,,,,,,,,,,,,,,,,,,,,,,,,,,,,,,,,,,,,,,,,,,,,,1.0,,,,,1.0,,,,,,,,
forecast2016,2015-07-14,1,,,,,,,,,,,,,,,,,,,,,,,,,,,,,,,,,,,,,,,,,,,,,,,,,,,,,,,,,,,,,,,,,,,,,,,,,,,,,,,,,,,,,,,,,,,,,,,,,,,,,,,,,,,,,,,,,,,,,,,,,,,,,,,,,,,,,,,,,,,,,,,,,,,,,,,,,,,,,,,,,,,,,,,,,,,,,,,,,,,,,,,,,,,,,,,,,,,,,,,,,,,,,,,,,,,,,,,,,,,,,,,,,,,,,,,,,,,,,,,,,1.0,,,,,,,,,,,,,,,,,,,,,,,,,,,,,,,,,,,,,,,,,,,,,,,,,,,,,,,,,,,,,,,,,,,,,,,,,,,,,,,,,
forecast2016,2015-07-15,1,,,,,,,,,,,,,,,,,,,,,,,,,,,,,,,,,,,,,,,,,,,,,,,,,,,,,,,,,,,,,,,,,,,,,,,,,,,,,,,,,,,,,,,,,,,,,,,,,,,,,,,,,,,,,,,,,,,,,,,,,,,,,,,,,,,,,,,,,,,,,,,,,,,,,,,,,,,,,,,,,,,,,,,,,,,,,,,,,,,,,,,,,,,,,,,,,,,,,,,,,,,,,,,,,,,,,,,,,,,,,,,,,,,,,,,,,,,,,,,,,1.0,,,,,,,,1.0,,,,,,,,,,,,,,,,,,,,,,,,,,,,,,,,,,,,,,,,,,,,,,,,,,,,,,,,,,,,,,,,,,,,,,,,,
forecast2016,2015-07-16,1,,,,,,,,,,,,,,,,,,,,,,,,,,,,,,,,,,,,,,,,,,,,,,,,,,,,,,,,,,,,,,,,,,,,,,,,,,,,,,,,,,,,,,,,,,,,,,,,,,,,,,,,,,,,,,,,,,,,,,,,,,,,,,,,,,,,,,,,,,,,,,,,,,,,,,,,,,,,,,,,,,,,,,,,,,,,,,,,,,1.0,,,,,,,,,,,,,,,,,,,,,,,,,,,,,,,,,,,,,,,,,,,,,,,,,,,,,,,,,,1.0,,,,,,,,,,,,,,,,,,,,,,,,,,,,,,,,,,,,,,,,,,,,,,,,,,,,,,,,,,,,,,,,1.0,,,,,,,,,,,,,,,,,,,,,,
forecast2016,2015-07-20,3,,,,,,1.0,1.0,3.0,,,,,,1.0,,,,,,,,,,,,1.0,1.0,,1.0,1.0,,,1.0,,,,,1.0,,,,,,,1.0,1.0,,1.0,1.0,1.0,,,2.0,,,,2.0,,1.0,1.0,,,1.0,,,,,,,1.0,,1.0,,,1.0,,,,,,1.0,,2.0,,,,,,,,,,,,,,,,1.0,,,,,,,1.0,,,,,,,,1.0,,,1.0,,2.0,1.0,,,,,,,,,,,,,1.0,,1.0,,,,,,,,,,,,,,,2.0,,,,1.0,,,,1.0,,1.0,,,,,,,,,,,,1.0,,,,,,2.0,2.0,,1.0,,1.0,,,,,1.0,,,,,,,,,,,,,,,,,,,,,,,,,,,,,,,,,,,,,,,,,,,,,,1.0,,2.0,1.0,,,,1.0,1.0,,,,,,,1.0,1.0,,,1.0,,,,,,,,,,2.0,,,,,,,,,,,,,,,,,,,,,,,,,,,,,,,,,,,,,1.0,,,,,,,,,,,,,,,,,,,,,,
forecast2016,2015-07-21,2,1.0,,,,,,2.0,2.0,,,,1.0,,,,,,,1.0,,1.0,,,,,,,,,,,,,,,,,,,,,,,2.0,,,,1.0,,,1.0,,1.0,,1.0,,1.0,1.0,,,,,,,,,,,,1.0,,,,,,,,,,,,,1.0,,,,,,,,,,,,,,,,1.0,,,,,,,,,,,,,,,,,1.0,,,,,1.0,1.0,,,,2.0,1.0,,,,,,1.0,,1.0,,,,,,,,,,,1.0,,,,2.0,,,,1.0,,,,,,,,,1.0,,1.0,,1.0,,1.0,,,2.0,1.0,,,,1.0,,,,,,,,,,,1.0,,,,,,,,1.0,,,,,,,,,,,,,,,,,,,,,,,,,,,,,,,,,,,,,,1.0,,1.0,1.0,,,,,2.0,,1.0,,1.0,,,,,,,1.0,,,,,,,,,,,,1.0,,,,,,,,,,,,,,,,,,,,,,,,,,,,,,,,,,,,,,,,,,,,,,,,,,,,,,,,,
forecast2016,2015-07-22,10,1.0,1.0,1.0,3.0,1.0,,2.0,4.0,1.0,,,,,1.0,,,,,,,1.0,1.0,,1.0,2.0,1.0,,,3.0,2.0,,,1.0,,1.0,,,1.0,,,1.0,2.0,,,,2.0,,2.0,,2.0,,,1.0,2.0,1.0,,1.0,3.0,2.0,2.0,,,,,,,,1.0,,,,,,,,,,,,,1.0,,3.0,,1.0,,,,,,,,,,1.0,,1.0,,,,1.0,1.0,,,,,,,,,,,,1.0,,1.0,1.0,1.0,2.0,2.0,1.0,,,,,1.0,,2.0,,,,,,,,,,,,,,,,,,,1.0,,,1.0,,,,2.0,,,,,1.0,,,,1.0,,,,,,,,,1.0,2.0,,1.0,,,1.0,1.0,,,,,,,,,1.0,,,,,,,,,,,,,,,,,1.0,,,,,1.0,,,,,3.0,,1.0,,,,,,,,,,,,,,,,,1.0,,1.0,1.0,1.0,,,4.0,,,1.0,,,2.0,,3.0,,,,,,,,,,,,,,1.0,,,,,,,,,,,,,,,,,,,1.0,,,,,,,,,,,,,,,,,,,,,1.0,,,,,,2.0,,,,,,,,,,,,,
forecast2016,2015-07-23,4,,,,1.0,,,2.0,,1.0,,,,,,,,,1.0,,,1.0,1.0,,1.0,,,,,,,,,,,,,1.0,,,,,,1.0,1.0,,1.0,,1.0,1.0,,,,,,,,,1.0,1.0,,,,,,1.0,,,,,,,,,,1.0,,,,,,,,1.0,,,,,,,,,,,2.0,,,1.0,,,1.0,,1.0,,,,1.0,,,1.0,,,,,1.0,,1.0,,,2.0,1.0,,,,,,,,,,,,,,,,,,,,,,,,,,,,,,,,,,,,,,,,1.0,1.0,,,,,,,,,,,2.0,,,,,,2.0,,,,,,,,,,,,,1.0,,,,,,1.0,,,,,,,,1.0,,,,,,,,,,3.0,1.0,,,,,,,,,,,,,,,,,,,,1.0,1.0,,,,2.0,,,,,,1.0,,1.0,,,,,,,,,,,,,,1.0,,,,,,,,,,,,,,,,,,,,,,,,,,,,,,,,,,,,,1.0,,,,,,,,,1.0,,,,,,,,,,,,,
forecast2016,2015-07-24,2,,,,,,,,1.0,,,,,,,,,,1.0,,,,,,,,,,,,,,,,,,,,,,,,,,,,,,,,,,,,,,,,,,,,,,,,,,,,,,,,,1.0,,,,,,1.0,,,,,,,,,,,,,,,,,,,,,,,,,,,,,,,,,,,,,,,,,,,,1.0,,,,,,,,,,1.0,,,,,,,,,,,,,,,,,,,,,,,,,,,,,,,,,,,,,,,1.0,,,,,,,,,,,,,,,,,,,,,,,,,,,,,,,,,,,,,,,1.0,,,,,,,,,,,,,,,,,,,,,,,,,,,,,,,,,,,,,,,,,,,,,,,,,,,,,,,,,,,,,,,,,,,,,,,,,,,,,,,,,,,,,,,,,,,,,,,,,,,,,,,,,,,,,
forecast2016,2015-07-27,3,,,,,1.0,,,,,,,,,,,,,,,,1.0,,,,,,,,,1.0,,,,1.0,,,,1.0,,,,,,1.0,,,1.0,,,1.0,,,,,,,,,,,,,,,,,,,,,,,,,,,,,,,,,,,,,,,,,,,,2.0,,,,,1.0,,,,,,,,,,,,,,,,,,,,,,,,,,,1.0,,,,,,,,,,,,,,,,,,,,,1.0,,,,1.0,,,,,,,,1.0,,,,,,,,,,,,,,2.0,,,,,,,,,,,,,,,,,,,,,,,,,,,,,,2.0,,,,,,,,,,,,,,,,,,,,,,,,,,,,,,,,,1.0,1.0,,,,2.0,,,,,,2.0,,2.0,,,,,,,,,,,,,,1.0,,,,,,,,,,,,2.0,,,,,,,,,,,,,,,,,,,,,,,,,,,,,,,,,,,,,,,,,,,,,,,
forecast2016,2015-07-28,1,,,,,,,,,,,,,1.0,1.0,,,1.0,,1.0,,,1.0,,1.0,,,,,,,,,,,,1.0,,,,,1.0,,,,,,,,1.0,,,,,,,,1.0,,,,,,,,,,,,,,,,,,,,,,,,,,,,1.0,,,,,,,,,,,,,,,,,,,,,1.0,,,,,,,,,,,,,,,1.0,,,,,1.0,,,,,,,,,,,1.0,,,,,,,,,1.0,,,,1.0,1.0,1.0,,,,,,,1.0,,,,,,,,,,,,,,,,,,,,,,,,,,,,,,,,,,,,,,,,,,,,,,,,,,,,,,1.0,,,,,,,,,,,,,,,,,,,,,,,,1.0,,,,,1.0,,,,,,,,,,,,,,,,,,,,,,,,,,,,,,,,,,,,,,,,,,,,,,,,,,,,,,,,,,,,,,,,,,,,,,,,,,,,,,,,
forecast2016,2015-07-29,3,,,,1.0,,,1.0,1.0,,,,,,,,,,,,,1.0,1.0,,,,,1.0,,,,,,,1.0,,,,2.0,,,,,,,,1.0,,,,,1.0,,,,,,3.0,,,1.0,,,2.0,,,2.0,,,,2.0,1.0,,,,,,2.0,,,,,,,,,,,,,,,,,,1.0,,,,1.0,,,1.0,,,,,,,,,,,,,,,,,,,,,,,,,,,,,,,,,,,1.0,,,,,,,,,,,,,,1.0,1.0,,1.0,,,,,,,,,,,,,,,,,,,,,,,,,,,,,,,,,,,,,,,,2.0,,,,,,,,,1.0,,,,,,,,,,1.0,,,1.0,,,,,,,,,,,,,,,,,,,,,,1.0,,,,2.0,,,,,,,,,,,,,,,,,,,,,,,,,,,,,,,,,,,,,,,,,,,2.0,,,,,,,,,,,,,,,,,,,,,,,,,,,,,,,,,,,,,
forecast2016,2015-07-30,1,,,,,,1.0,1.0,1.0,1.0,,,,,1.0,,,,,,,,,,1.0,,,,,,1.0,,,,,,,,,,,1.0,1.0,,,,,,1.0,,1.0,,,,,,,,,,,,,,,,,,,,,,,,,1.0,,,,,,1.0,,,,,,,,,,,,,,,,,,,,,1.0,,,,,,,,,,,,,,,,,,,,,,,,,,,,,,,,,,,1.0,,,,,,,,,,1.0,,,,,,,,,,,,1.0,,,,,,,,,,,,,1.0,,,,,,,,,,,,,,,,,,,,,,,,,,,,,,,,,,,,,,,,,,,,1.0,,,,,,,,,,,,,,,1.0,,,,,,1.0,,,,1.0,,,,,,1.0,,1.0,,,,,,,,,,,,,,,,,,,,,,,,,,1.0,,,,,,,,,,,,,,,,,,,,,,,,,,,,,,,,,,,,,,,,,,,,,,,
forecast2016,2015-07-31,1,,,,,,,,,,,,,,,,,,,,,,,,,,,,,,,,,,,,,,,,,,,,,,,,,,,,,,,,,,,,,,,,,,,,,,,,,,,,,,,,,,,,,,,,,,,,,,,,,,,,,,,,,,,,,,,,,,,,,,,,,1.0,,,,,,,,,,,,,,,,,,,,,,,,,,,,,,,,,,,,,,,,,,,,,,,,,,,,,,,,,,,,,,,,,,,,,,,,,,,,,,,,,,,,,,,,,,,,,,,,,,,,,,,,,,,,,,,,,,,,,,,,,,,,,,,,,,,,,,,,,,,,,,,,,,,,,,,,,,,,,,,,,,,,,,,,,,,,,,,,,,,,,,,,,,,,,,,,,,,,,,,,,
forecast2016,2015-08-01,2,,,,1.0,1.0,1.0,,,,,,,1.0,1.0,,,,,,,1.0,1.0,,1.0,,,,,,,,,,,,,,,,1.0,,,,,,1.0,,,,,,,1.0,,,,1.0,,1.0,,,,1.0,,,,,,,,,,,,,,,,,,,,1.0,,,,,,,,,,,1.0,,,1.0,,,,,,,,,,,,,,,,,,,,,1.0,1.0,,,,,,,,,,,,,,,,,,2.0,,1.0,,,,,,,,,,,2.0,,2.0,,1.0,,,,,2.0,,,,,,,,,,,,,1.0,,,,,,1.0,,,,,,,,,1.0,,,,,1.0,,,,,,,,,,,1.0,,,,,,,,,,,,,,,,,,,,,,,,,,,,,,,1.0,,,,,,,1.0,,,,,,,,,,,,,,,,,,,,,,1.0,,,,,,,,,,,,,,,,,,,,,,,,,,,,,,1.0,,,,,,,1.0,,,,,,,,,2.0,,,1.0,,1.0,,,,,,,,
forecast2016,2015-08-02,1,,,,,,,1.0,1.0,,,,,,1.0,,,,,,,,,,,1.0,,,,,,,,,,,,,,,,,,,1.0,,,,,,,1.0,,,,,,,,,,,,,,,,,,,,,,,,,,,,,,1.0,,1.0,,,,,,,,,,,,,,,,,,,,,,,1.0,,,,,,,,,,,,,,,,1.0,,,,,,,,,,,,,,,1.0,,,,,,,,,,,,,,,1.0,,,,,,,,,,,1.0,,,,,,,,,,,,,,,,,,,,,,,,,,,,,,,,,,,,,,,,,,,,,,,,,,,,,,,,,,,,,,,,,,,,,,,,,,,,,,,,,,,,,,,,,,,,,,,,,,,,,,,,,,,,,,,,,,,,,,,,,,,,,,,,,,,,,,,,,,,,,,,,,,,,,,,,,,,,,,,
forecast2016,2015-08-03,2,,,,,,1.0,,,,,,,,1.0,,,,,,,,,,,,,,,,,,,,,,,,,,,,,,,,,,,,,,,,,,,,1.0,,,,,,,,,,,,,,,,,,,,,,,,,,,,,,,,,,,,,,,1.0,,,,,,,,,,,,,,,,,,,,,,,,,,,,,1.0,,,,,,,,,,,,,,,,,,,,,,,,1.0,,,,,,,,,,,,,,,,,,,,,,,,,,,,1.0,,,,,,,,,,,,,,,,,,,,,,,,,,,,,,,,,,,,,,,,,,,,,,,,,,,,,,,,,,1.0,,,,,,,,,,,,,,,,,,,,,,,,,,,,,,,,,,,,,,,,,,,,,,,,,,,,,,,,,,,,,,,,,,,,,,,,,1.0,,,1.0,,1.0,,,,,,,,
forecast2016,2015-08-04,3,1.0,,,,,,,2.0,,,,,,1.0,,,,,,,1.0,,,1.0,,,,,1.0,1.0,,,,,,1.0,,1.0,,,,1.0,,1.0,,,,,,,,,,,,,,,,1.0,,,,,,,,,1.0,,1.0,,,1.0,,1.0,,,,,,,,,,,,,,,,,,,,,,,,,,,,,,,,,,,,,,,,1.0,,,1.0,1.0,1.0,,,,,,,,,,,,,,,,,,,,,,,,,,2.0,,,,,,,,,,,,1.0,,1.0,,,,,,2.0,,,,,,1.0,,,,,,1.0,,,,,,,,,,,,,1.0,,,,,,,,,,,,,,,,,,,1.0,,,,,1.0,,,,,,,,,,,,,,,,,,,,,,,,,2.0,,,,,,2.0,,2.0,2.0,,,,,,,,,,,,,2.0,,,,,,,,,,,,,,,,,,,,,,,,,,,,,,,,,,,,,,,,,,,,,,1.0,,,,,,,,,,,,,
forecast2016,2015-08-05,3,,,,,,,,,1.0,,,,,1.0,,,,,,,,,,,,,,,,,,,,2.0,,,,,,,,,1.0,,,,,,,,,,,,,,,,,,,,,,,,,,,,2.0,,,,,,,,,,,,,,,,,,,,,,,,,,,,,,,,,,,,,,,,,,,,,,,,,,,,,,,,,,,,,,,,,,,,,,,,,,,,,,,,,,,,,,,,,1.0,,,,,,,,,,,,,1.0,,,,,,,,,,,,,,,,,,,,,,,,1.0,,,,,,,,,,,,,,,,,,,,,,,,,,,,,,,,,,,,,,,,,,,,2.0,,,,,,,,2.0,,,,,,,,,,,,,,,,,,,,,,,,,,,,,,,,,,,,,,,,,,,,,,,,,,,,,,,,,,,,,,,,,,,,,,,,,
forecast2016,2015-08-12,16,2.0,,,1.0,1.0,1.0,3.0,4.0,,,,,,7.0,,,2.0,,,,,,,2.0,,,1.0,,2.0,2.0,,,1.0,2.0,,,,,1.0,,,1.0,1.0,,,1.0,,2.0,2.0,,1.0,,3.0,,,,2.0,2.0,1.0,2.0,,,1.0,,,,,2.0,2.0,,1.0,2.0,,1.0,,,1.0,,,,1.0,,3.0,2.0,,,,,,,,,,,1.0,,,,,,,,,1.0,,2.0,,,2.0,,,1.0,,,,1.0,1.0,,2.0,,1.0,,,,1.0,1.0,,,,,,,,,,,3.0,,1.0,,,2.0,,,,,4.0,,,2.0,,,,1.0,,,1.0,2.0,2.0,1.0,,,,,,,1.0,,,1.0,,,3.0,,,,1.0,1.0,1.0,,,,,,,,1.0,,,1.0,,,,1.0,,,1.0,,,,,,,,,,,,,,1.0,,,,,,,,,,,,,,,,,,,,,,,,,,,,,,3.0,,,1.0,,,2.0,1.0,3.0,3.0,,,1.0,,,,,,,,,,2.0,,,,,,,,,,,,,,,,,,,,,,,,,,,,,,,1.0,,,,,,,,,,,,,,1.0,,,,,,,,,,,,,,
forecast2016,2015-08-13,2,1.0,,,,,1.0,,1.0,,,,,,,,,1.0,,,,1.0,1.0,,1.0,,,,,1.0,,,,,1.0,,,,,,,,,,1.0,,,,,1.0,,,,1.0,1.0,,,,,,,,,,,,,,,,,,,,,,,,,,,,,,,,,,,,1.0,,,,,,,1.0,,,,,,,,,,,,,,,,,,,1.0,,,1.0,,,,,,,,,,,,,,,,,,1.0,,,,,1.0,,,,,,,,,,,,,,,,,,1.0,,,,,,,1.0,,,,,1.0,1.0,,1.0,,,1.0,,,,,,,,,,,1.0,,,,,,,,,,,,,,,,,,,,,,,,,,,,,,,,,,,,,,,,,,,,,,,,,,,,1.0,,,,,,1.0,,1.0,1.0,,,,,,,,,,,,,1.0,,,,,,,,,,,,1.0,,,,,,,,,,,,,,,,,,,,,,,,,1.0,,,,,,,,,1.0,,,,,1.0,,,,,,,,
forecast2016,2015-08-14,1,1.0,,,,,1.0,,1.0,,,,,,,,,,,,,,,,,,,,,,,,,,,,,,,,,,,,,,,,,,,,,,,,,,,,,,,,,,,,,,,,,,,,,,,,,,,,,,,,,,,,,,,,,,,,,,,,,,,,,,,,,,,,,,,,,,,,,,,,,,,,,,,,,,,,,,,,,,,,,,,,,,,,,,,,,,,,,,,,,,,,,,,,,1.0,,,,,,,,,,,,,,,,,1.0,,,,,,,,,,,,,,,,,,,,,,,,,,,,,,,,,,,,,,,,,,,,,,,,,,,,1.0,,,,,,,,,,,,,,,,,,,,,,,,,,,,,,,,,,,,,,,,,,,,,,,,,,,,,,,,,,,,,,,,,,,,,,,,,,,,
forecast2016,2015-08-18,1,,,,,,,,1.0,,,,,,1.0,,,,,,,,,,,,,,,,1.0,,,1.0,,,,,,,,,,,,,,,,1.0,1.0,,,1.0,,,,1.0,,,,,,,,,,,1.0,,,,,,,,,,,,,1.0,,,,,,,,,,,,,,,,1.0,,,,,,,,,,,,,,,,,,,,,,1.0,1.0,,,,,,,,,,,,,,,,,,,,,,,,,,,1.0,,,,,,,,,,,,,1.0,,,,,,,,,,,,1.0,,,,,,1.0,,,,,,,,,,,,,,,,,,,,,,,,,,,1.0,,,,,,,,,,,,,,,,,,,,,,,,,,,,,,,1.0,1.0,,,,,,,,,,,,,,,,,,,,,,,,,,,,,1.0,1.0,,,,,,,,,,,,,,,,,,,,,,,,,,,,,,,,,1.0,,,,,,,,,1.0,,,1.0,,1.0,,,,,,,,
forecast2016,2015-08-19,3,1.0,,,,,,,,,,,,,1.0,,,,,,,1.0,,,1.0,1.0,,,,,1.0,,,,,,,,,,,,,,,,,,,,,1.0,,,,,,1.0,,,,,,,,,,,,,,,,,,1.0,,,,,,,,1.0,,,,,,,,,,,,1.0,,,,,,,,,,,,,,,,,,,,,1.0,,,1.0,1.0,,,,,,1.0,,,,,,,,,,,,,,,,,,,,,,,,,1.0,,,,1.0,,,,1.0,1.0,,1.0,,,,,1.0,,,,,1.0,,,,,,1.0,1.0,,,,,,,,,,,,,,,,,,,,,,,,,,,,,,,,,,1.0,,,,,,,,,,1.0,,,,,,,,,,,,,,1.0,,,,1.0,1.0,,,,,,,,,,,,,,,,,,,,,1.0,,1.0,,,,,,,,,,,,,,,,,,,,,,,,,,,,,,,,,,,1.0,,,,,,,,,1.0,,,1.0,,,,,,,,,,
forecast2016,2015-08-20,4,1.0,,,,2.0,,3.0,1.0,,,,,,2.0,,,,,,,,,,,,,,,,,,,,,,,,,,,,,,1.0,,,,,,2.0,,,1.0,,,,,,,1.0,,,,,,,,,,,,,,,,,,,,,1.0,,,,,,,,,,,,,,,,,,,,,,,,,,,,,,,,,,,,,1.0,2.0,,,,,,,,,,,,,,,,,,,,,,,,,,,,2.0,,,2.0,,,,2.0,,,,,,,,,,,,,,,,,,,,,,,,2.0,1.0,,,,,,,,,,,,,,,,,,,,,,,,,,,,,,,,,,,,,,,,,,,,,,,,,,,,,,,2.0,,,,,,,3.0,,,,,,2.0,,2.0,,,,,,,,,,,,,,2.0,,,,,,,,,,,,1.0,,,,,,,,,,,,,,,,,,,,,,,,,,,,,,,,,,2.0,,,,,,,,,,,,,
forecast2016,2015-08-21,2,2.0,,,1.0,1.0,,,,,,,,,,,,,,,,,,,1.0,,,,,1.0,1.0,,,,,,,,1.0,,,,1.0,,1.0,,,,1.0,,1.0,,,,,,,,2.0,,1.0,,,,,,,1.0,,,,,,,,,,,,,,,,,,,,,,,,1.0,,,1.0,,,,,,,1.0,,,,,,,,,,,,1.0,,,1.0,,,2.0,1.0,1.0,,,,,,,,,,,,,,,,,,,,,,,,,,1.0,,,1.0,,,1.0,1.0,,,,,1.0,,,,,,,,,,,,,,1.0,,,,,1.0,1.0,,,,,,,,,,,,,,,,,,,,,,,,,,,,,,,,,,,,,1.0,,,,,,,,,,,,,,,,,,1.0,,,,,,,2.0,,,,,,,,,,,,,,,,,,,,,,1.0,,,,,,,,,,,,,,,,,,,,,,,,,,,,,,,,,,,,,,,,,,,,,,1.0,,,,,1.0,,,,,,,,
forecast2016,2015-08-22,1,,,,,,,,,,,,,,,,,,,,,,,,,,,,,,,,,,,,,,,,,,,,,,,,,,,,,,,,,,,,,,,,,,,,,,,,,,,,,,,,,,,,,,,,,,,,,,,,,,,,,,,,,,,,,,,,,,,,,,,,,,,,,,,,,,,,,,,,,,,,,,,,,,,,,,,,1.0,,,,,,,,,,,,,,,,,,,,,,,,,,,,,,,,,,,,,,1.0,,,,,,,,,,,,,,,,,,,,,,,,,,,,,,,,,,,,,,,,,,,,,,,,,,,,,,,,,,,,,,,,,,,,,,,,,,,,,,1.0,,,,,,,,,,,,,,,,,,,,,,,,,,,,,,,,,,,,,,,,,,,,,,,,,,,,,,
forecast2016,2015-08-23,2,1.0,,1.0,,,,1.0,1.0,,,,,1.0,1.0,,,,1.0,1.0,,,1.0,,,,1.0,1.0,,,1.0,,,1.0,1.0,,1.0,,,1.0,,,,,,,,,1.0,,,,,,,,,,,1.0,,,,,,,,,,,,1.0,,,,1.0,,,,,,1.0,,,,,,,,,,,,,,,,,,,,,,,,,1.0,,,,,,,,,,,,,,,1.0,,,,,,,,,,,,,,1.0,,,,,,,,,,,,,,,,,,,1.0,,,,,,1.0,,,,,,,,,,,,,,,,,,,,,,,,,,,,,,,,,,,,,,,,,,,,,,1.0,,,,,,,,,,,,,,,,,,,,,,,,,,,,1.0,,,,,,,,,,,,,,,,,,,,,,,,,,,,,,,,,,,,,,,,,,,,,,,,,,,,,,,,,,,,,,,,,,,,,,,,,,,,,,,,,,,,,,,,
forecast2016,2015-08-27,2,1.0,,,,,,,,,,,,,2.0,,,,,,,,,1.0,,,,,,,2.0,,,,,,,2.0,,1.0,,,,,2.0,,,,,,,,,,,,,1.0,,,1.0,,,,,,,,,,,1.0,,,,,,,,,,,,1.0,,,,,,,,,,,,,,,,,,,,,,,,,,,,,,,,,,,1.0,1.0,,,,,,,,,,,,,,,,,,,,,,,,,,,,,,,,,,,1.0,,,,,,,,,,,,,,,,,,,,,1.0,,,1.0,,,,,,,,,,,,,,,,,,,,,,,,,,,,,,,,1.0,,,,,,,,,,,,,,,,,,,,,,,,1.0,,1.0,,,,,2.0,,,,,,1.0,,2.0,1.0,,,,,,,,,,,,,1.0,,,,,,,,,,,,1.0,,,,,,,,,,,,,,,,,,,,,,,,,,,,,,,,,,1.0,,,,,,,,,,,,,
forecast2016,2015-08-31,1,,,1.0,,,,,,,,,,,1.0,,,1.0,,,,,,,,,,,,,1.0,,,,,,1.0,,,,,,,1.0,,,,,,,1.0,,,1.0,,,,,,,,,,,,,,,,1.0,,1.0,,,,1.0,,,,,,,,,,1.0,,,,,,,,,,,,,,,,,,,,,1.0,,,,,,,,1.0,,,1.0,,,,,,,,1.0,1.0,,,,,,,,,,,,,,,,,,,,,,,,,,,1.0,,,,,,,,,,1.0,,,,1.0,,,,,,1.0,,,,1.0,,,,,,,,,,,,,,,,,,,,,,,,,,,,,,,,,,,,,,,,,,,,,,,,,,,,,,,,,,,,1.0,,,,1.0,,,,,,1.0,,1.0,1.0,,,,,,,,,,,,,1.0,,,,,,,,,,,,,,,,,,,,,,,,,,,,,,,,,,,,,,,,,,,,,,,,,,,,,,,,,,,
forecast2016,2015-09-01,3,,,1.0,2.0,,,,3.0,,,,,,3.0,,,,,,,,2.0,,,1.0,,1.0,,2.0,,,,,1.0,,,,,,,,,,,,,,1.0,,,1.0,,,,,1.0,1.0,,,1.0,,,,,,,1.0,,,,1.0,,,,,,1.0,,,,1.0,,1.0,,,,,,,,,,,1.0,1.0,,,,,1.0,,,,,,,,,,,,,,,,,,,,1.0,,,,,,,,,,,,,,,,,,,,,,,,,,,,,,,,,,,,,,,,1.0,,,,,,,2.0,,,,,,,,,,,1.0,,,,,,,,,,,,,,,,,,,,,,,,,,,,,,,1.0,,,,,,,,,,,,,,,,,,,,,,,,,,,,,,,,2.0,,,,,,1.0,,2.0,,,,1.0,,,,,1.0,,,,,,,,,,,,,,,,,1.0,,,,,,,,,,,,,,,,,,,,,,,,,,,,,,,,,,,,,,,1.0,,,,,,,,
forecast2016,2015-09-03,3,1.0,,,,,,1.0,,,,,,,,,,,,,,2.0,,,,1.0,,,,1.0,1.0,,,,,,,,,,,1.0,,,,,,,,,,,,,,,,1.0,,2.0,,,,,,,,,,,,1.0,2.0,,,,,,,,,,,,,,,,2.0,,,,2.0,,,,,,,,,,,,,,,,,,,,,,,,,,,2.0,,,,,,,,,,,,,,,,,,,,,,,,,,,,,,,2.0,1.0,,,,,,,,,1.0,,,1.0,,,,,,,,,,,,,,,3.0,,,,,,,,,,,,,,,2.0,,,,,,,,,,,,,,,,,,,,,,,,,,,,,,,,,,,,,,,,,,,,,,,,2.0,,,,,,2.0,,2.0,,,,,,,,,,,,,,,,,,,,,,,1.0,,,1.0,,,,,,,,,,,,,,,,,,,,,,2.0,,,1.0,,,,2.0,,,,,2.0,,,3.0,,1.0,,,,,,,,
forecast2016,2015-09-07,1,,,,1.0,,,,1.0,,,,,,,,,,,,,,,,,1.0,,,,1.0,1.0,,,,,,,,1.0,,1.0,,,,,,,,,,,,,1.0,1.0,,,,,1.0,,,,,,,,,,,,,,,1.0,,,,,,,,,,,,,,,,,,,,1.0,,,,,,1.0,,,,,,1.0,,,1.0,,,,,,,,,,,1.0,,,,,,,,,,1.0,,,,,,,,,,,,,,,,,1.0,,,,,,,,,,,,,1.0,,,,,,,1.0,,,,,,,,,,,1.0,,,,,,,,,,,,,,,,1.0,,,,,,,,,,,,,,,,,,,,,,,,,,,,,,,,,,,,,,,,,,1.0,1.0,,,,1.0,,,,,,1.0,,1.0,1.0,,,,,,,,,,,,,1.0,,,,,,,,,,,,1.0,,,,,,,,,,,,,,,,,,,1.0,,,,,,,,,,,,,,,,,,1.0,,,,,,,,,,
forecast2016,2015-09-10,1,,,,,,,,1.0,,,,,1.0,1.0,,,,,,,,,,,,,,,1.0,,,,,1.0,,,,,,,,,,,,,,,,1.0,,,,1.0,,,,,,,,,,,,,,,,,,,,,,,,,,,,,,,1.0,,,,,,,,,,1.0,,,,,1.0,,,,,,,,,,,,,,,,,,,,,,,,,,1.0,,,,,,,,,,,,,,,,,,,,,,,,1.0,,,,,,,,,,1.0,,,,,,,,,,,,,1.0,,,,,,,,,,,,,,,,,,,,,,,,,,,,,,,,1.0,,,,,1.0,,,,,,,,,,,,,,,,,,,,,,,,1.0,,,,,,,1.0,,,,,,1.0,,1.0,,,,1.0,,,,,,,,,,1.0,,,,,,,,,,,,1.0,,,,,,,,,,,,,,,,,,,,,,,,,,,,,,,,,,,,,,,,,,,,,,,
forecast2016,2015-09-11,1,,,1.0,1.0,,,,,,,,,1.0,1.0,,,,,,,,,,,,1.0,,,,1.0,,,,,,,,,,,1.0,,,1.0,,1.0,,,,1.0,,,,,,,,1.0,,,,,,,,,,1.0,1.0,,,,,,,,,,,,,,,,,,,,,,,,,,,,,,,,,,,1.0,,1.0,,,,,,,,,,,,,,,,,,,,1.0,,,,,,,,,,,,,,,,,,,,,,,,,,,,,,,,,,1.0,,,,,,,,,,,,,,,,,,1.0,,,,,,,,,,,,,1.0,,,,,,,,,,,,,,1.0,1.0,,,,1.0,,,,,,,,,,,,,,,,,,,,,,,,1.0,,,,,,,1.0,,,,,,1.0,,,,,,,,,,,,,,,,,,,,,,,,,,,,1.0,,,,,,,,,,,,,,,,,,,,,,,,,1.0,,,,,,,,,,,,,,,,,,,,,,
forecast2016,2015-09-17,3,2.0,,,,,,1.0,1.0,1.0,,,,,1.0,,,1.0,1.0,,,,1.0,,,,,,,,,1.0,1.0,,,,,1.0,1.0,,1.0,1.0,,,,,,,1.0,1.0,,,,,1.0,,,1.0,,2.0,2.0,,,,,,,1.0,,,,,,,,,1.0,,,,,,,1.0,,,,,,,,,,1.0,,1.0,,,,,,1.0,,,,,1.0,,,,,,,,1.0,,,1.0,,,,,,,,,1.0,,,,,,,,,,,,,,,,,,,,,2.0,,,,1.0,,,1.0,,,,,,2.0,,,,,,,,,,,,2.0,1.0,,,,,,,,,,,,,,,,,,,,,,,,,,,,,,1.0,,,,,,,,,,,,,,,1.0,,,,,,,,,,,,,,,,1.0,,1.0,,,,,,,,1.0,,,,1.0,,,,,1.0,,,,,,,,,,,,1.0,,,,,,,,,,,,,,,,,,,,,,,,,,,1.0,,1.0,,,,,,,,,,,,,,,,,,,,,,,,,,,,
forecast2016,2015-09-18,3,,,,,,,,,,,,,,,,,,,2.0,,,,,,,,,,,2.0,,,,,,,,,,,,,,,,,,,,,1.0,,,,,,,,,,,,,,,,,,,,1.0,,,,,,,,,,,,,,,,,,,,,,,,,,,,,,,,1.0,,,,,,,,,1.0,,1.0,,,,,,,1.0,,,,,2.0,,,,,,,,,1.0,,,,,,,,,,,,,,,1.0,,,,,,,,1.0,,,,,,,,,1.0,,,,,,,,,,,,,,,,,,,,,,,,,,,,,,,,,,,,,,,,,,,1.0,,,,,,,,,,,,,,,,,,,,,,,,,,,1.0,,,1.0,2.0,,,,,,2.0,2.0,2.0,,,,,,,,,1.0,,,,,,,,,,,,,,,,,1.0,,,,,,,,,,,,,,,,,,,,,,,,,,,,,,,,,,,,,,,,,,,,,,,
forecast2016,2015-09-19,2,,,,,,,,,,,,,,,,,,1.0,,1.0,,,,,,,,,,,,,,,,,,,,,,,,,,,,1.0,,,,,,,,,,,,,,,,,,,,1.0,,,,,,,,,,,,,,,,,,,,,,,,,,,,,,,,,,,,1.0,,1.0,,,,,,1.0,,,,1.0,,,1.0,,,,,,,1.0,,,,,,,,,,,,,,,,,,,,,,,,,,,,,,1.0,,,,,,,,,,,,,,1.0,,,,,,,,1.0,,,1.0,,,,,,,1.0,,,,,,,,,,,,,,,,,,,,,,,,,,,,,,,,,,,,,,,,,,,,,,,,,,,,,1.0,,,,,,,,1.0,1.0,,,,,,,,,,,,,,,,,,,,,,,,,,,,,,,,,,,,,,,,,,,,,,,,,,,,,,,,,,,1.0,,,1.0,,,,,,,,,,
forecast2016,2015-09-20,2,,,,2.0,,,,1.0,,,,,1.0,1.0,,,2.0,1.0,,,,1.0,,,,,,,,,,,,,,,,,,,1.0,,1.0,,,,,1.0,,,,,1.0,1.0,,,1.0,1.0,1.0,,,,,1.0,,,,,,,1.0,,,,1.0,,,,,,1.0,,,,1.0,,,,,,,,,,1.0,,,,,,,,,,,,,,,,,,,,,,1.0,,1.0,,2.0,,,,1.0,,,,,,,,,,,,1.0,,,,,,,,,,,,,1.0,,,,,1.0,,,1.0,,,,,,,,,,,1.0,,,,,,,,,1.0,,,,,,,,,,1.0,,,,,,,,,1.0,,,,,,,,,,,,,,,,1.0,,,,,,,,,,,,,,,,,,,,,,,,2.0,,,,,,,,,,,,,,,,,,,,,,,,,,,,,,,,,,,,,,,,,,,,,,,,,,,,,,,,,,,,,,,1.0,,,,,,,,,1.0,,,1.0,,1.0,,,,,,,,
forecast2016,2015-09-21,1,,,,,,,,,,,,,,,,,,,,,,,,,,,,,,,,,,,,,,,,,,,,,,,,,,,,,,,,,,1.0,,1.0,,,,,,,1.0,,,,,,,,,,,,,,,,,,,,,,,,,,,,,,,,,,,,,,,,,,,,,,,,,,,,,,,,,,,,,,,,,,,,,,,,,,,,,,,,,,,,,,,,,,,,,,,,,,,,,,,,,,,,,,,,,,,,,,,,,,,,,,,,,,,,,,,,,,,,,,,,,,,,,,,,,,,,,,,,,,,,,,,,,,,,,,,,,,,,,,,,,,,,,,,,,,,,,,,,1.0,,,,,,,,,,,,,,,,,,,,,,,,,,,,,,,,,,,,,,,,,,,,,,,,,,,,,,,
forecast2016,2015-10-01,1,,,,,,,1.0,1.0,,,,,,,,,,,,,,1.0,,1.0,1.0,1.0,1.0,,1.0,,,,,1.0,,,,1.0,,,,,,1.0,,,,1.0,,,,,1.0,1.0,,,,,,,,,,,,,,,,,1.0,,,,,1.0,,,,,,,1.0,,,,,,,,,,,1.0,,,,,,,,,,,,,,,,,,,,,,,,,1.0,1.0,,,,,,1.0,,,,,,,,,,,1.0,,,,,,,,,,1.0,,,,,,,1.0,1.0,,,,,1.0,,,,,,,,,,,,,1.0,,,,,1.0,1.0,,,,,,,,1.0,,,,,,,,,,,,,,,,1.0,,,,,,,,,,,,,,,,,,,,,,,,,,,,,,,,,1.0,,,,,1.0,,,,,,1.0,,1.0,,,,1.0,,,,,,,,,,1.0,,,,,,,,,,,,1.0,,,,,,,,,,,,,,,,,,,,,,,,,1.0,,,,,,,,,1.0,,,1.0,,,,,,,,,,
forecast2016,2015-10-02,1,1.0,,,,,,,1.0,,,,,,1.0,,,,,,,,,,,,,1.0,,,,,,,,,,,,,1.0,,,,1.0,,,,,,,,,1.0,,,,1.0,,,,,,,,,,,,,,,,,,,,,,,,1.0,,,,,,,,,,,,,1.0,1.0,,,,,,,,,,,,,,,,,,,,,,1.0,,1.0,1.0,1.0,,,,,1.0,,,,,,,,,,,,,,,,,,,,,,,,1.0,,,,,1.0,,,,,1.0,,,,,,1.0,,,,,,1.0,1.0,,,,,1.0,,,,,,,,,,,,,,,,,,,,,,,,,,,,1.0,,,,,,,,,,,,,,,,,,,,,,,,,,,,,,,,,,,1.0,,,,,,,,,,,,,,,,,,,,,,1.0,,,,1.0,,,,,,,,,,,,,,,,,,,,,,,,,,,,,,,,,,,,,,1.0,,,,,,,,,,,,,,,,,
forecast2016,2015-10-03,2,,,,,,,,,,,,,,,,,,,,,,,,,,,,,,,,,,,,,,,,,,,,,,,,,,,,,,,,,,,,,,,,,,,,,,,,,,,,,,,,,,,,,,,,,,,,,,,,,,,,,,,,,,,,,,,,,,,,,,,,,,,,,,,,1.0,,,,,,,,,,,,,,,,,,,,,,,,,,,,,,,,,,,,,,,,,,,,,,,,,,,,,,,,,,,,,,,,,,,,,,,,,,,,,,,,,,,,,,,,,,,,,,,,,,,,,,,,,,,,,,,,,,,,,,,,,,,,,,,,,,,,,,,,,,,,,,,,,,,,,,,,,,,,,,,,,,,,,,,,,,,,,,,,,,,,,,,,,,,,,,,,,,
forecast2016,2015-10-05,2,,,,,,,,,,,,,,,,,,,,,,,,,1.0,,,,,,,,,,,,,,,,,,,,,,,1.0,,,,,,,,,,,,,,,,,,,,,,,,,,,,1.0,,,,,,,,,,,,,,,,,,,,,,,,,,,,,,,,,,,,,,,,,,1.0,,,,,,,,,,,,,,,,,,,,,,,,,,,,,,,,,,,,,,,,,,,,,,,,,,,,,,,,,1.0,,,,,,,,,,,,,,,,,,,,,,,,,,,,,,,,,,,,,,,,,,,,,,,,,,,,,,,,,,,,,,,,,,1.0,,,,,,1.0,,2.0,,,,,,,,,,,,,,,,,,,,,,,,,,,,,,,,,,,,,,,,,,,,,,,,,,,,,,,,,,,,,,,,,,,,,,,,,
forecast2016,2015-10-06,1,,,,,,,1.0,1.0,,,,,,1.0,,,,,,,,,,1.0,,,,,1.0,,,,,1.0,,,,,,1.0,,1.0,,,,,,,,,,,,1.0,,,,1.0,,1.0,,,,,,,,,1.0,,,,,1.0,1.0,,,,,,1.0,,,,,,,,,,,,,,,,,,,,,,,,,,,,1.0,,,,,,,,,,,,,,,,,,,,,,,,,,,,,,,,,,,,,,1.0,,,,1.0,,,,,,,,1.0,,,,,,1.0,,,,,,,,,,,,,,,,,,,,,,,,,,,1.0,,,,,,,,,,,,,,,,,,,,,,,,,,,,,,,,,,,,,,,,,,,,,1.0,,,,,,,,,,,,,,,,,,,,,,,,,,,,,,,,,,,,,,,,,,,,,,,,,,,,,,,,,,,,,,,,,,,,,,,,,,,,,,,,,,,,,
forecast2016,2015-10-10,3,1.0,,1.0,1.0,1.0,1.0,1.0,2.0,,,,,,,,,,,,,,,,,,,,,,,,,,,,,,,,1.0,,,1.0,2.0,,2.0,,2.0,1.0,1.0,,,1.0,1.0,,,,,,2.0,,,,,,,,,,,1.0,,,,,1.0,,,,,,,,,,,,,,,,,,,,,,,,,,,,,,1.0,,,1.0,,,,1.0,,,1.0,,,,,1.0,,,,,1.0,,,,,,,,,1.0,,,,,,,,,,,,2.0,,,,,,,1.0,,,,,1.0,2.0,,,,,,,,,1.0,,,2.0,1.0,1.0,,,,,1.0,,,,,,,,,,,,,,,,,,2.0,,,,,,,,,,,,,1.0,,,,,,,,,,,,,,,,,,,,,,,,1.0,,1.0,2.0,,,,1.0,,,,,,1.0,1.0,2.0,1.0,,,,,,,,,,,,,1.0,,1.0,,,,,,,,,,1.0,,,,,,,,,,,,,,,,,,,,,,,,,,,,,,,,,,,,,,,,,,,,,,,
forecast2016,2015-10-13,2,1.0,,,,,1.0,,1.0,,,,,,1.0,,,,,,,,,,1.0,,,,,,1.0,,,,,,,,,,,,,,,,,,,,,,,,,,,2.0,,1.0,1.0,,,,,,,,,,,1.0,,,,1.0,1.0,,,,,,,,,,,,,,,,,,,,,,,,,,,,,,,,,,,,,,,,,,,2.0,,,,,,,,,,,,,,,,,,,,,,,,,,,,1.0,,,,,,,1.0,,,,,,,,,1.0,,,,,,,,,1.0,,,,,,2.0,,,,,,,,,1.0,,,,,,,,,,1.0,,,,,,,,,,,,,,1.0,,,,,,,,,,,,,,,,,,,,,,,,,1.0,,,,,2.0,,,,,,2.0,,2.0,2.0,,,,,,,,,,,,,2.0,,,,,,,,,,,,2.0,,,,,,,,,,,,,,,,,,,,,,,,,1.0,,,,,,,,,1.0,,,2.0,,1.0,,,,,,,,
forecast2016,2015-10-14,1,,,,,,,,,,,,,,,,,1.0,,,,,,,,,,,,,,,,,,,,,,,,,,,,,,,,,,,,,,,,1.0,,,1.0,,,,,,,,,,,1.0,,,,,,,,,,,,,,,,,,,,,,,,,,,,,,,,,,,1.0,,,,,,,,,,,,,,,,,,,,,,,,,,,,,,,,,,,,,,,,,,,,,,,,,,,,,,,,,,,,,,,,,,,,,,,,,,,1.0,,,,,,,,,,,,,,,,,,,,,,,,,,,,,,,,,,,,,,,,,,,,,,,,,,,,,,,,1.0,,,,,,,,,,,,,,,,,,,,,,,,,,,,,,,,,,,,,,,,,,,,,,,,,,,,,,,,,,,,,,,,,,,,,,,,,,,,,,,,,,,,,
forecast2016,2015-10-16,1,1.0,,1.0,,,,,,,,,,,1.0,,,1.0,,,,,,,1.0,,,,,,1.0,,,,1.0,,,,1.0,,,,1.0,1.0,,,,,,,,,,,1.0,,1.0,,,,,,,,,,,1.0,1.0,,,,,,,,,,,,,,,,,,,,,,,,,,,,,,,,,,,,,,,,,,,,,,,,1.0,1.0,1.0,,,,,,,,1.0,,,,,,,,,,,1.0,,,,,,,,,,1.0,,,1.0,,,,,,,,,,1.0,,,,,,,1.0,,,,1.0,,,,,,,,1.0,,,,,,,,,,,,,,,,,,,,,,,,1.0,,,,,,,,,,,,,1.0,,,,,,,,,,,,,,,,,,,,1.0,1.0,,,,1.0,,,,,,1.0,,1.0,1.0,,,,,,,,,,,,,1.0,,,,,,,,,,,,1.0,,,,,,,,,,,,,,,,,,,,,,,,,,,,,,,,,,,,,,,,,,,,,,,
forecast2016,2015-10-17,3,1.0,,,,,,,,,,,,,,,,,,,,,,,,,,,,1.0,,,,,1.0,,,,,,,,,,,,,,,,,,,,,,,,,1.0,,,,,,,,,,,,1.0,,,,,,,,1.0,,,,,,,,,,,,,,,1.0,,,,,,,,,,,,,,,,1.0,,1.0,,1.0,,,,,,,,,,,,,,1.0,,,,,,,,,,,,,,,,,,,,,,1.0,,,,2.0,,,,,,1.0,,,,,,,,,,,,,1.0,,,,1.0,,,,,,,,,,1.0,,,,,,,,,,1.0,,,,,,,,,1.0,,,,1.0,,,,,,,,,,,,,,,1.0,,,,,,,,,1.0,,1.0,,,,,,,,,,,,,,1.0,,,,,,,,,,,,,1.0,,,,,,,,,,,,,,,,,,,,,,,,,,,,,,,,,,,,,,,,,,,,,,,,,,,,,,,,,,,
forecast2016,2015-10-19,1,,,,,,,1.0,1.0,,,,,,,,,,,,,,1.0,,,,,1.0,,,,,,,,,,,,,,,,,1.0,,1.0,,,,1.0,1.0,,,,,,,,,,,,,,,,1.0,1.0,,,,,,,,1.0,,,,,,,,,,,,,,,,,,,,,,,,,,,,,,1.0,,,,,,,,,,,1.0,,,,,,,,,,,,,,,,,,,,1.0,,,,,,,,,,,,,,,,,,1.0,,,1.0,,,,,,,,,,,,1.0,,,1.0,,,,,,,,,,,,,,1.0,,,,,,,1.0,,,,,,,,,,,1.0,,,,,,,,,,,1.0,,,,,,,,,,,,,,,,,,,,,1.0,,,1.0,1.0,,,,,,1.0,,1.0,,,,,,,,,,,,,,,,,,,,,,,1.0,,,,,,,,,,,,,,,,,,,,,,,,,,,,,,,,,,,,,,,,,,,,,,,,,,
forecast2016,2015-10-20,3,,,1.0,1.0,,2.0,1.0,2.0,,,,,1.0,,,,,,1.0,,,1.0,,2.0,,,,,1.0,,,,,1.0,,,,,1.0,1.0,,,1.0,,,1.0,,,,1.0,,,,,1.0,,1.0,1.0,1.0,1.0,,,,1.0,,,,1.0,,,,,,,,,,,1.0,,1.0,,1.0,,,,,,,,,,,2.0,1.0,,,,,,,,,,,1.0,,,,,,,,,,1.0,1.0,,1.0,,2.0,,,,1.0,1.0,,1.0,,,,,,,1.0,,2.0,1.0,1.0,,,,,,,1.0,1.0,,,,,,,,,,,1.0,1.0,2.0,,,1.0,,,,2.0,,,,,1.0,1.0,,,,,1.0,,,,,,,,,,,,,,,,,,,,,,,,,,,,,,,,,,,,,,1.0,,,,,,,,,1.0,,,,,,,,,,,,,,,1.0,2.0,,,1.0,,,2.0,,2.0,1.0,1.0,,2.0,,,,,,,,,,2.0,,,,,,,,,,,,1.0,,,,,,,,2.0,,,,,,,,,1.0,,,,,,,,1.0,,,,,,,,,1.0,,,1.0,,1.0,,,,,,,,
forecast2016,2015-10-21,3,1.0,,,,,,1.0,,,1.0,,,,2.0,,,,,,1.0,,1.0,,,1.0,,,,,,,,1.0,1.0,,,,,1.0,1.0,1.0,,,,,1.0,,,,,1.0,,1.0,,,,,,,,,,,,,,,,,,,,,,1.0,,,,,,,,,,,,,,,,,,1.0,2.0,,,,,,,1.0,,,,,,,,,,,,,,,,1.0,,,1.0,,,,,,1.0,,,,,,1.0,,,,,,,,,,,,,,,1.0,,,1.0,,,,,,,,,2.0,1.0,,,,,,,,,,,,,2.0,,,,,,2.0,,,,,,,,,,,,,,,,,,,,,,,,,1.0,,1.0,,,,,1.0,,,,,,,,,,,,,,,,,,,,,,,,,,1.0,,,,2.0,,,,,,2.0,1.0,1.0,,,,,,,,,,,,,,1.0,1.0,,,,,,,,,,,1.0,,,,,,,,1.0,,,,,,,,,,,,,,1.0,,,,,,,,,,,,,,,,,,,,,,,,,
forecast2016,2015-10-22,10,1.0,,1.0,2.0,,,2.0,1.0,,,,,,1.0,,,,,,,,,,,,2.0,1.0,,,,,,2.0,,,,,,1.0,1.0,,,1.0,3.0,,1.0,,3.0,,1.0,1.0,,1.0,1.0,,,,,,,,,,,,,,1.0,,,1.0,,,,,,1.0,,2.0,,,,1.0,,,,,,,,,,1.0,1.0,,,,,1.0,,1.0,,,1.0,,1.0,,,,,,,,,,,,1.0,1.0,,,,,,2.0,1.0,,,,,,,,,,,1.0,,,,,,,,,,,,,1.0,,,,,,,,,1.0,,1.0,,,,,,,,,,,,,,,,1.0,,,,,,,,,,,,,1.0,,,,,,,,,,,,,,1.0,,,,,,,,,,,1.0,,,,,,,,,,,,,,,,,,,,,1.0,1.0,,,,4.0,,,,,,2.0,,4.0,,,,,,,,,,1.0,,,,,,2.0,,,,,,,,,,,,,,,,,,,,,,,,,,,,,,,,,,,,,,,,,,,,,,,1.0,,,,,,,,,,
forecast2016,2015-10-23,4,2.0,,,1.0,,,1.0,1.0,,,,,,1.0,,,,,,,,,,1.0,,,1.0,,,,,,1.0,1.0,,,,,,,,,,,,1.0,,,,1.0,,,,,,,,1.0,1.0,1.0,,,,,,,,,,,1.0,,,,,,,,1.0,,,,1.0,,,,,,,,,,,,,,,,,,,,,,,,,,,,,,,,,,1.0,,1.0,,,,,,,1.0,,,,1.0,,,,,,,,,,,,,,,,,,,,1.0,,,,,,,,,,,,,,,,,,,,1.0,,,,,,,,1.0,,,,,,,,,,,,,,,,,,,,,,,,,,,,,,,,,,,,,,,,,,,,,,,,,,1.0,,,,,,,,1.0,1.0,,,,1.0,,,,,,,,1.0,,,,,,,,,,,,,,,,,,,,,,,,,,,,,,,,,,,,,,,,,,,,,,,,,,,1.0,,,,,1.0,,,,1.0,,,1.0,,1.0,,,,,,,,
forecast2016,2015-10-24,1,,,,,,,,,,,,,,,,,,,,,,,,,,,,,,,,,,,,,,,,,,,,,,,,,,,,,,,,,,,,,,,,,,,,,,,,,,,,,,,,,,,,,,,,,,,,,,,,,,,,,,,,,,,,,,,,,,,,,,,,,,,,,,,,,,,,,,,,,,,,,,,,,,,,,,,,,,,,,,,,,,,,,,,,,,,,,,,,,,,,,,,,,,,,,,,,,,,,,,,,,,,,,,,,,,,,,,,,,,,,,,,,,,,,,,,,,,,,,,,,,,,,,,,,,,,,,,,,,,,,,,,,1.0,,,,,,,,,,,,,,,,,,,,,,,,,,,,,,,,,,,,,,,,,,,,,,,,,,,,,,,,,,
forecast2016,2015-10-25,4,,,,,,,,,,,,,,1.0,,,,,,,,,,,,,,,,,,,,1.0,,,,,,,,,1.0,,,,,,,,,,,,,,,,,,,,,,,,,,1.0,,,,,,,,,,,,,,,,,,,,,,,,,,,,,,,,,,,,,,,,,,,,,,,,,,,,,,,,,,,,,,,,,,,,,,,,,,,,,,,,,,,,,,,,,,,,,,,,,,,,,,,,,,,,,,,,,,,,,,,,,,,,,,,,,,,,,,,,,,,,,,,,,,,,,,,,,,,,1.0,,,,,,,,,,,,,,,,3.0,,,,,,,,3.0,,,,,,,,,,,,,,,,,,,,,,,,,,,,,,,,,,,,,,,,,,,,,,,,,,,,,,,,,,,,,,,,,,,,,,,,,
forecast2016,2015-10-26,3,1.0,,,1.0,,,,,,,,,,,,,,1.0,,,,,,,,,,,,,,,,,,,,,,,,,,,,,1.0,,,,,,,,1.0,,,,1.0,,,,,,,,,,,,1.0,,,,,,,,,,,,,,,,,,,,,,1.0,1.0,1.0,,,,,1.0,,,,,,1.0,,,,3.0,,,,,,,,,,,1.0,,,,,1.0,,,,,,,,,,1.0,,,,,,,,,,1.0,,,,1.0,,,,,,,,,,,,,1.0,,,,,,,,,,,,,,,,,,,,,,,,,,,,,,,,,,,,,,,,,,,,,,,,,,,,,,,,,,,,,,,,,,,,,,,1.0,,,,,,,1.0,,,,,,,,,1.0,,,,,,,,,,,,,1.0,,,,,,,,,,,,,,,,,,,,,,,,,,,,,,,,,,,,,,,,,,,,,,,,,,,,,,,,,,,
forecast2016,2015-10-27,18,3.0,,1.0,2.0,,,,2.0,,1.0,,,2.0,3.0,,,1.0,1.0,,1.0,2.0,2.0,,2.0,1.0,,,1.0,,2.0,,,,1.0,,,,,,1.0,,,1.0,,,1.0,,3.0,2.0,1.0,2.0,,1.0,,,,,,1.0,,,,,,,,,,,1.0,5.0,,,,2.0,,,,,,2.0,,1.0,1.0,3.0,,,1.0,,,,,,,,,,,1.0,1.0,3.0,,,1.0,,4.0,,,,,,1.0,2.0,,,4.0,,,,1.0,4.0,,,,,2.0,,2.0,,,,,,,,,1.0,,,,,,,,,1.0,,,,1.0,,,,,,,,,,4.0,,1.0,1.0,,,,1.0,1.0,,,,1.0,4.0,,,,,,,,,,,,,,1.0,,,,,1.0,,,,,1.0,,,,,,,1.0,3.0,1.0,,,,,,,1.0,,,,,,,,,,,,3.0,1.0,,,,,,,,2.0,,,1.0,,,,3.0,,,,,,1.0,,3.0,1.0,,,,,,,,,,,,,,,,,,,,,,,,,,,,,,,,,1.0,,,,,,,,,,,,,,,,,,,,,,,,,1.0,,,,,,,,,,,,,,
forecast2016,2015-10-28,1,1.0,,,,,,,1.0,,,,,,,,,,,,,,,,,,,,,,,,,,,,,,1.0,,,1.0,,,,,,,,,,,,1.0,,,,,,,,,,,,,,1.0,,,,1.0,,,,,,,,,,,,,,,,,,,,,,,,,,,,,,,,,,,,,,,,,,,,,,1.0,,,,,,,,,1.0,,,,,,,,,,,,,,,,,,,,,1.0,,,,,,,1.0,,,,,,1.0,,,,,,,,,,,,,1.0,,,,,,,,,,,,,,,,,,,,,,,,,,,,,,,,,,,,,,,,,,,,,,,,,,,,,,,,,,,,,,,,1.0,,,,1.0,,,,,,,,1.0,1.0,,,,,,,,,,,,,1.0,,,,,,,,,,,,,,,,,,,,,,,,,,,,,,,,,,,,,,,,,,,,,,,,,,,,,,,,,,,
forecast2016,2015-10-29,4,2.0,,1.0,1.0,,,2.0,1.0,1.0,,,,,1.0,,,,,,,1.0,,1.0,,,,,,1.0,,,,,,,,,1.0,,,1.0,,,,1.0,,,,,1.0,1.0,,,1.0,,,1.0,,1.0,1.0,,,,,,,,,,,2.0,,,,,,,,1.0,,1.0,,,,1.0,,,,,,,,,1.0,1.0,,,,,,,1.0,,,,,,,,,,,,1.0,,2.0,,,1.0,,,,,,,1.0,,,,,,,,,,,,,,,,,,,,,2.0,,,,,,,1.0,,,,,,1.0,1.0,,,,,,1.0,,,,,1.0,1.0,1.0,,,,1.0,,,,,,,,,,1.0,,,,,,,,,1.0,,,,,,,,,,,,,,,,1.0,,,,,,,,,,,,,,,,,,,,,1.0,,,1.0,,,,4.0,,,,,,2.0,,4.0,2.0,,,,,,,,,,,,,3.0,,,,,,,,,,,,2.0,,,,,,,,,,,,,,,,,,,1.0,,,,,,,,,,,,,,,1.0,,,1.0,,,,,,,,,,
forecast2016,2015-10-30,1,,,,,,,,,,,,,,,,,,,,,,,,,,,,,,,,,,,,,,,,,,,,,,,,,,,1.0,,,,,,,,,,,,,,,,,,,,,,,,,,,,,,,,,,,,,,,,,,,,,,,,,,,,,,,,,,,,,,,,,,,,,,,,,,,,,,,,,,,,,,1.0,,,,,,,,,,,,,,,,,,,,,,,,,,,,,,,,,,,,,,,,,,,,,,,,,,,,,,,,,,,,,,,,,,,,,,,,,,,,,,,,,,,,,,,,,,,,,,,,,,,,,,,,,,,,,,,,,,,,,,,,,,,,,,,,,,,,,,,,,,,,,,,,,,,,,,,,,,,,,,,,,,,,,,,,,,,,,,,,,,,,,,,,,
forecast2016,2015-11-02,2,,,,1.0,,1.0,,,,,,,,,,,1.0,,1.0,,,1.0,,,,,,,,,,,,,,,,,,,,,,,,,,1.0,,,,,1.0,,,,1.0,,,1.0,,,,,,,,,,,1.0,,,,,,,,,,,,,,,,,,,,,,,,,,1.0,,,,,,,,,,,,,,,,,,,,,,1.0,,,,,,,,,,,,,,,,,,,,,,,,,,,,,,,,,,,,,,,,,,,,,,,,,1.0,,,,,,,,,,1.0,,,,,,,,,,1.0,,,,,,,,,,,,,,,,,,,,,,,,,,,,,,,,,,,1.0,,,,,,,,,,,,,,1.0,,,,,,,,,,,,,,,,,,,,,,,,,,,,,,,,,,,,,,,,,,,,,,,,,,,,,,,,,,,,,,,,,,,,,,,,1.0,,,1.0,,1.0,,,,,,,,
forecast2016,2015-11-03,7,1.0,,,1.0,,,1.0,2.0,,,,,,2.0,,,,1.0,,,,,1.0,,,,,,,,,,,1.0,,,1.0,,,,,,,,,,,,,1.0,,,2.0,1.0,,,1.0,,,1.0,,,1.0,,,,,,1.0,,2.0,,,1.0,,,,,,,,,,,,,,,,,,,,,,,,,,,1.0,,,,,1.0,,,,,,,,,,,,,2.0,,2.0,,,,,,,,,,,,,,,,,,,,,,,,,,1.0,,,1.0,,,,1.0,,,,,,2.0,,,,,,,,,,1.0,,1.0,1.0,,,,,2.0,,,,,,,,,1.0,,,,,,,,,,3.0,,,,,,1.0,,,1.0,,,,,,,,,,,,,,,,,,,1.0,,,,,,,,,2.0,,1.0,1.0,,,,3.0,,,,,,,,3.0,,,,,,,,,,,,,,,,,,,,,,,1.0,,,,,,,,,,,,,,,,,,,,,,,,,,,,1.0,,,,,,,,,3.0,,,1.0,,,,,,,,,,
forecast2016,2015-11-04,6,,,,,,,1.0,,,,,,,,,,,,,,2.0,,,,,1.0,,,,,,,,,,,,,,,,1.0,1.0,,,,,,,,1.0,,,,,,,,,,,,,,,,,,2.0,,,,,,,,,,,,,,,,,,,,,,,,,,,,,,,,,,,,,,,,,,,,,,,,,2.0,,,1.0,,,,,,,,,,,,,,,,,,,,,,,,,,1.0,,,,,,,,,,,,,,,,,,,,,,,,,,,,,,,,,,,,,,,,,,,,,,,1.0,,,,,,,,,,,2.0,,,,,2.0,,,,,,,,,,,,,,,,,,,,,,,,,,,,,,,3.0,,,,,,,,3.0,1.0,,,,,,,,,,,,,,,,,,,,,,,,,,,,,,,,,,,,,,,,,,,,,,,,,,,,,,,,,,,,,,,,,,,,,,,,
forecast2016,2015-11-06,1,,,,,,,,,,,,,,,,,,,,,,,,,,,,,,,,,,,,,,,,,,,,,,,,,,,,,,,,,,,,,,,,,,,,,,,,,,,,,,,,,,,,,,,,,,,,,,,,,,,,,,,,,,,,,,,,,,,,,,,,,,,,,,,,,,,,,,,,,,,,,,,,,,,,,,,,,,,,,,,,,,,,,,,,,,,,,,,,,,,,,,,,,,,,,,,,,,,,,,,,,,,,,,,,,,1.0,,,,,,,,,,,,,,,,,,,,,,,,,,,,,,,1.0,,,,,,,,1.0,,,,,,,,,,,,,,,,,,,,,,,,,,,,,,,,,,,,,,,,,,,,,,,,,,,,,,,,,,,,,,,,,,,,,,,,,
forecast2016,2015-11-09,1,1.0,,,1.0,1.0,,,1.0,,,,,,1.0,,,,1.0,,,,,,,1.0,1.0,,,1.0,1.0,,,,,,,,,,,,,,,,,,,,,1.0,,,1.0,,,1.0,,1.0,1.0,,,,,,,,1.0,,,1.0,,,,,,,,,,,,1.0,,,,,,,,,,,1.0,,,,,,,,,,,,1.0,,,,,,,,,,,1.0,,,1.0,,,,,,1.0,,,,,,,,,1.0,,,,1.0,,,,,,,,1.0,,,,,,,1.0,,,,1.0,,1.0,,,,,,,,,,,,1.0,1.0,,,,,,,,,,,,,,,,,,,,,,,,1.0,,,,,,,,,1.0,,,,,,,1.0,,,,,,,,,,,,,,,,,,,,,,,1.0,1.0,,,,1.0,1.0,,,1.0,,,,,,,,,,,,,,,,,,1.0,,,,,,,,,,,,,,,,,,,,,,,,,,,,,,,,,,,,,,,,,,,,,,,,,,,,,,,,,,,
forecast2016,2015-11-10,4,2.0,,,,,,,2.0,,,,,,,,,,2.0,2.0,,,,,,,,,,,,,,,,,,,,,,,,2.0,,,,,,,,2.0,,,,,,2.0,,2.0,2.0,,,,,,,,,2.0,,2.0,,,,,,,,,,,,,,,,,,,,,,,,,,,,,,,,,,,,,,,,,,,,,,,,,,,,,,2.0,,,,,,,,,,,,,,,,,,,,,,,,,,,,,,,,1.0,,,2.0,,,,,,,,,,,,2.0,2.0,,,,,,,,,,,,,,,,,,,,,,,,2.0,,,,,,,,,,,,,2.0,,,,,,,,,,,,,,,2.0,,,,,,,,,2.0,,,,,,,3.0,,,,,,,,3.0,,,,,,,,,,,,,,,,,,,,,,,2.0,,,,,,,,,,,,,,,,,,,,,,,,,,,,,,,,,,,,,,,,,,,,,,,,,,
forecast2016,2015-11-11,1,,,,,,,,,,,,,,,,,,,,,,,,,,,,,,,,,,,,,,,,,,,,,,,,,,,,,,,,,,,,,,,,,,,,,,,,,,,,,,,,,,,,,,,,,,,,,,,,,,,,,,,,,,,,,,,,,,,,,,1.0,,,1.0,,,,,,,,,,,,,,,,,,,,,,,,,,,,,,,,,,,,,,,1.0,,,,,,,,,,,,,,,,,,,,,,,,,,,,,,,,,,,,,,,,,,,,,,,,,,,,,,,,,,,,,,,,,,,,,,,,,,,,,,,,,,,,,,,,,,,,,,,,,,,,,,,,,,,,,,,,,,,,,,,,,,,,,,,,,,,,,,,,,,,,,,,,,,,,,,,,,,,,,,,,,,
forecast2016,2015-11-12,1,,,,,,,,,,,,,,,,,,,,,,,,,,,,,,,,,,,,,,,,,,,,,,,,,,,,,,,,,,,,,,,,,,,,,,,,,,1.0,,,,,,,,,,,,,,,,,,,,,,,,,,,,,,,,,,,,,,,,,,,,,,,,,,,,,,,,,,,,,,,,,,,,,,,,,,,,,,,,,,,,,,,,,,,,,,,,,,,,,,,,,,,,,,,,,,,,,,,,,,,,,,,,,,,,,,,,,,,,,,,,,,,,,,,,,,,,,,,,,,,,,,,,,,,,,,,,,,,,,,,,,,,,,,,,,,,,,,,,,,,,,,,,,,,,,,,,,,,,,,,,,,,,,,,,,,,1.0,,,1.0,,,,,,,,,,
forecast2016,2015-11-13,1,,,,,,,,,,,,,,,,,,,,,,,,,,,,,,,,,,,,,,,,,,,,,,,,,,,,,,,,,,,,,,,,,,,,,1.0,,,,,,,,,,,,,,,,,,,,,,,,,,,,,,,,,,,,,,,,,,,,,,,,,,,,,,,,,,,,,,,,,,,,,,,,,,,,,,1.0,,,,,,,,,,,,,,,,,,,,,,,,,,,,,,,,,,,,,,,,,,,,1.0,,,,,,,,,,,,,,,,,,,,1.0,,,,1.0,,,,,,,,,,,,,,,,,,,,,,,,,,1.0,,,,,,,,1.0,,,,,,,,,,,,,,,,,,,,,,,,,,,,,,,,,,,,,,,,,,,,,,,,,,,,,,,,,,,,,,,,,,,,,,,,,
forecast2016,2015-11-14,3,,,,1.0,1.0,,,,,,,,,2.0,,,,,,,,,,,1.0,,1.0,,,,,,1.0,2.0,,,,,,,,,,,,,,1.0,,,,,,,,,,1.0,,1.0,,,,,,,,,,,,,,,,,,,,,,,1.0,,,,,,,,,,,,,,,,,,,,,,,,,,,,,,1.0,,,,,,1.0,,1.0,,,,,1.0,,,,,,,,,,,,,,,,,,,,,1.0,,,,,,,,,,,,,,,,,,,,,,,,,,,,,,,1.0,,,,,,,,,,,,,,,,,,,,,,,,,,,,,,,,,,,,,1.0,,,,,,,,,,,,,,,,,,,,,1.0,,,,,,,,,,,,,1.0,,,,,,1.0,,,,,,,,,,,,,,,,,,,,,,,,,,,,,,,,,,,,,,,,,,,,,,,,,,,,,,1.0,,,1.0,,1.0,,,,,,,,
forecast2016,2015-11-18,3,,,,1.0,,,1.0,1.0,,,,,,1.0,,,,,,,,,,1.0,,,,,,,,,,,,,,,,,,,,,,,,,,,,,,,,,,1.0,,,,,,,,,,,,,,,,,1.0,,,,,,,,,,,,,,,,,,,,,,,,,,,,,,,,1.0,,,,,,,,,1.0,,,1.0,,1.0,,,,,,,,,,,,,,,,,,,,,,,,,1.0,,1.0,,,,,,,,,,,1.0,,,,,,,,,,,,,1.0,,,1.0,,,,,,,,,,,,,,,1.0,,,,,,,,,,,,,,,,,,,,1.0,,,,,,,,,,,,,,,,,,,,,,,,,,,1.0,,,,,,,,,,,,,,,,,,,,,,,,,,,,,,,,,,,,,,,,,,,,,,,,,,,,,,,,1.0,,,,,,,,,,,,,,,,1.0,,,,,1.0,,,,,,,,
forecast2016,2015-11-25,2,,,,1.0,,,,,,,,,,,,,,,,,,,,,,,,,,,,,,,,,,,,,,,,,,,,,,,,,1.0,,,,,,,,,,,,,,,,,,,,,,,,,,,,,,,,,,,,,,,,,,,,,,,,,,,1.0,,,,,,,,,,,,,,,,,,,,,,,,,,,,,,,,,,,,,,,,,,,,,,1.0,,,,,,,,,,,,,,,,,,,,,,1.0,,,,,,,,,,,,,,,,,,,,,,,,,,,,,,,,,,,,,,,,,,,,,,,,,,,,,,,,,,,,,,,,,,,,,,,,,,,,,,,,,,,,,,,,,,,,,,,,,,,,,,,,,,,,,,,,,,,,,,,,,,,,,,,,,,,,,,,,,,,,,,,,,,,,,,
forecast2016,2015-11-29,1,,,,1.0,,,,1.0,,,,,1.0,,,,,,,,,,,,,,1.0,,,,,,,,,,1.0,,,,,,,1.0,,,,,,,,,,,,,,,,,,,,,,,,,,,,,,,,,,,,,,,,,,,,,,,,,,,,,,,,,,,,,,,,,,,,,,,,,,,,,,,,,,,,,,,,,,,,,,,,,,,,,,,,,,,,,,,,,,,,,,,,,,,,,,,,,,,,,,,,,,,,,,,,,,,,,,,,,,,,,,,,,,,,,,,,,,,,,,,,,,,,,,,,,,,,,,,,,,,,,,,,,,,,,,1.0,,,,,,,,,,,,,,,,,,,,,,,,,,,,,,,,,,,,,,,,,,,,,,,,,,,,,,,,,,,,,,,,,,,,,,,,
forecast2016,2015-12-02,1,,,1.0,1.0,,,,1.0,,,,,,1.0,,,,,,,,,,1.0,1.0,,,,1.0,1.0,,,,1.0,,,,1.0,,,,,,,,1.0,,,1.0,,,,,,,,1.0,,,1.0,,,,,,,,,,,,,,,1.0,1.0,,,,,,,,,,,,,,,,,,,,,,,,,,,,,,,,,1.0,,,,,,,,,,,,1.0,,,,,1.0,,,,,,,,1.0,,,,,,,,,,,,,1.0,,,,,,,,,,,,,1.0,,,,,,,,,,,,,1.0,,,,,1.0,,,,,,,,,,,,,,1.0,,,,,,,,,,,,,,,,,,,,,,,,,,,,,,,,,,,,,,,,,,,,1.0,,,,,1.0,,,,,,,,1.0,,,,1.0,,,,,,1.0,,,,,,,,,,,,,,,,,,,,,,,,,,,,,,,,,,,,,,,,,,,,,,,,,,1.0,,,,,1.0,,,,,,,,
forecast2016,2015-12-03,3,,1.0,,,,,,,,,,,,,,,,,1.0,,,,,,,,,,,,,,,,,,,,,,,,,,,,,,,,,,,,,,,,,,,,,,,,,,1.0,,,,,,,,,,,,,,,,,,,,,,,,,,,,,,,,,,,1.0,,,,,,,,,,,,,1.0,,,,,,,,,,,,,,,,,,,,,,,,,,,,,,,,,1.0,,,,,,,,,,1.0,,,,,,,,,,,,,,1.0,,,,,,,,,,,,,,,,,,,,,,,,,,,,,,,,,,,,,,,,,,,,,,,,,,,,,,,,,,,,,,,,,,,,,,,,,,,,,,,,,,,,,,,,,,,,,,,,,,,,,,,,,,,,,,,,,,,,,,,,,,,,,,,,,,,,,,,,,,,,,,,,,,,,
forecast2016,2015-12-04,5,,,,1.0,,,,1.0,,,,1.0,,,,,,,,,1.0,,,,,,,,,,,,,,,,,,,,,,,,,,,,,,,,,,,,,,,,,,,,,,,,,,1.0,,,,,1.0,,,,,1.0,,,,,,,,,,,,,,1.0,,,,,,,1.0,,,,,,,,,,,,,,,,,,,,,,,,,,,,,,,,,,,,,,,,,,,,,,,,,,,,,1.0,,,,,1.0,,,,,,,,,,,,,,,,,,,,,,,,,,,,,,,,,,,,,,,,,,,,,,,,,,,,,,,,,,,,,,,,,,,,,,,,,,,,,,,,,,,,,,,,,,1.0,,,,,,,,,,,,,,,,,,,,,,,,,,,,,,,,,,,,,,,,,,,,,,,,,,,,,,,,,,,,,,,,,,,,,,,,
forecast2016,2015-12-05,10,,1.0,,1.0,,,1.0,2.0,,,,,,4.0,,,,1.0,1.0,,4.0,,,,,,,,,1.0,,,,1.0,,1.0,2.0,,,,,,2.0,,1.0,1.0,1.0,3.0,,1.0,,,,,,,1.0,,,,,,,,,,1.0,,,,,,,,3.0,1.0,1.0,1.0,1.0,,1.0,,2.0,1.0,,,,,,,,,,,,,,,,,1.0,,,,,1.0,,,,,,1.0,1.0,,,,1.0,,,1.0,1.0,,,,2.0,,,1.0,,,,,,,,,,,,,,,,,,1.0,1.0,1.0,,1.0,,,,,,,,,,1.0,1.0,,,,,,1.0,,2.0,,,1.0,1.0,,1.0,,,3.0,1.0,,1.0,,,,,,1.0,,,,,1.0,,,,,1.0,,,,,1.0,,,1.0,,,,,,,,1.0,,,,,,,,,1.0,,,,,,,,,,,,,,1.0,1.0,,,,3.0,1.0,,,,,,,2.0,2.0,,,,,1.0,,,,,,,,2.0,,,,1.0,,,,,,,,,,,,,,,,,,,,,,,,,,,,,,,,,,,,,,,,,,1.0,,,1.0,,3.0,,,,,,,,
forecast2016,2015-12-07,4,1.0,,,,,,,,,,,,,1.0,,,,1.0,,,,,,,,,,,,,,,,1.0,,,,,,,,,,,,,1.0,,1.0,,1.0,,,,,,,,1.0,,,,,,,,1.0,1.0,,,1.0,,,,,,,,,,,,,,,,,,,,,,,,,,,,,,,,,,,1.0,,,,,,,,,,,,,,,1.0,,,,,1.0,,,,,,,1.0,,,,2.0,,,,,,,,,,,,,,,,,1.0,,,,1.0,,1.0,,,,,,,1.0,,,,,,,,,,,1.0,,,,,,,,,1.0,,1.0,,,,,,,,,,,,,,,1.0,,1.0,,,,,,,,,,,,,,,,,,,,,,,,,,,,1.0,,,,,,,,,,,,,,,1.0,,,,,,,,,,,,,,,,2.0,,,,,,,,,,,,,,,,,,,,1.0,,,,,,,,,,,,,,,,,,,,,,,,1.0,,,1.0,,1.0,,,,,,,,
forecast2016,2015-12-08,4,3.0,1.0,,,,,1.0,,,,,,1.0,1.0,,,2.0,4.0,,,2.0,,,1.0,,,,,,1.0,,,1.0,,,1.0,,,,1.0,,,,,,,,1.0,,,2.0,,2.0,,1.0,,2.0,,3.0,1.0,,,,,1.0,,1.0,1.0,,,3.0,,,,2.0,1.0,,,,,1.0,,,,1.0,,,,1.0,,,1.0,,,,,,,,,,1.0,,1.0,,2.0,,,,,,,,1.0,,,,1.0,,,,,,,1.0,1.0,,,,,,,1.0,,1.0,,,,,,,,,,,1.0,1.0,,,1.0,,,1.0,,,,,1.0,,3.0,,,,,,,,,,,,,2.0,,,,,,,,,,,,,,1.0,,,,,,,,,,1.0,,,,,,,,2.0,2.0,,,,,,,1.0,,2.0,,,,,,,,,,2.0,,,,,,,,,2.0,,,1.0,,,,1.0,,,,,,,,1.0,,,,,,,,,,,,,,,,,,,,,,,,,,,,,,,,,,,,1.0,,,,,,,,,,,,,,,,,,,,,,,,,,,,,,,,,,,,,
forecast2016,2015-12-09,4,,,1.0,,,,,1.0,,,,,,,,,,,,,1.0,,,,,,,,,,,,,,,,,,,,1.0,,,,,,,,1.0,,,,1.0,,,,,,,,,,,,,,1.0,,,1.0,,,,,,,,,,,1.0,,,,,,,,,,,,,,,,,,,,,,,,,1.0,,,,,,,,,,,,,,,,,,,,1.0,,,,,,,,,,,,,,,,,,,,,,,,1.0,,,,,,,,,,,,,,,,,1.0,,,,,,,,,,,1.0,,,,,,,,,,,,,,,,,,,,,,,,,,1.0,,,,,,,,,,,,,,,,,,,,,,,,,,,,,,,,,1.0,1.0,,,,,,,,,,1.0,,,,,,,,,,,,,,,,,,,,,,,,,,,,,,,,,,,,,,,,,,,,,,,,,,,,,,,,,,,,,,,,,,,,,,,,,,
forecast2016,2015-12-14,3,,1.0,,,,1.0,2.0,1.0,,,,,1.0,1.0,1.0,,,1.0,,,,,,,1.0,,,,,1.0,,,,,,,,,,,,,,,1.0,,,,,,,,,1.0,,,1.0,1.0,1.0,1.0,,,,,,,1.0,,,,,,,,,,,,,,,,,,1.0,,,,,,,,,1.0,,,1.0,,,,,,,,,,,,,,,,,,,,,,1.0,,,,,,2.0,,,,,1.0,,,,,,,,1.0,1.0,,,,,,,,1.0,,,,,,,,,,,,,,,,,,,,,1.0,,,,1.0,,,,,,1.0,1.0,,,1.0,,,,,,,1.0,,,,,1.0,,,,,,,,,1.0,,,,,,,,,,1.0,,1.0,,,,,,,,,,,,,,,,,,,,,1.0,1.0,,,,,1.0,,1.0,,,,,,,,,1.0,,,,,,,,,,,,,,,,,,,,,,,,,,,,,,,,,,,,,,,,1.0,,,,,,,,,,,,,,,,1.0,1.0,,1.0,,1.0,,,,,,,,
forecast2016,2015-12-15,2,1.0,,,,,1.0,,1.0,,,,,,1.0,,,,,,,,1.0,,,,1.0,,,,,,,,,,,,,,,,,,,,,,1.0,,,,,1.0,,,,,,1.0,,,,,,,,,1.0,,1.0,,,,,,,,,,,,,,,,,,,,,,,,,,,,,,,,,,,,,,,,,,,,,,,,,,,,,,,,,,,,,,,,,,,,,,,,,,,,,,,,,,,,,,,,,,1.0,,,,,,,,,,,,,,,,,,,,,,,,,,,,,,,,,,,,,,,,,,,,,,,,,,,,,,,,,,,,,,,,,,,,,,,,,,,,,1.0,,,,,,,,,,,,,,,,,,,,,,,,,,,,,,,,,,,,,,,,,,,,,,,,,,,,,,,,,,,,,,,,,,,,,,,,,,,,,,,,,,,,,
forecast2016,2015-12-16,6,1.0,,,,,1.0,,,1.0,,,,,,,,,,,,3.0,,,,1.0,,,,1.0,1.0,,1.0,,1.0,,,,,,1.0,1.0,,3.0,,2.0,,,2.0,1.0,1.0,,,1.0,,2.0,,,1.0,1.0,,,,,,,,1.0,,,,2.0,,,,,,,,1.0,,,,,,1.0,,,,,,,,,,,,,,,,,,,1.0,,1.0,,,,,,,,,,1.0,,,1.0,,1.0,,,,1.0,1.0,,1.0,,1.0,,,,,,,2.0,,,,,,,,,,,,,1.0,,,,1.0,,,,,,2.0,,,,,,,,,,,,,,,,,,1.0,,,,,,,,,,,1.0,,,,,1.0,,,,,,,,,,,,1.0,,,,,,,,,1.0,,,,,,,,2.0,,,,,,,,,,,,,1.0,1.0,,,,,,,,,,,,,,,,,,,,,,,,,,,,,,,,,,,,,,,,,,,,,,,,,,,,,,,,,,,,,,,,,,,,,,,,1.0,,,1.0,,1.0,,,,,,,,
forecast2016,2015-12-17,5,1.0,1.0,1.0,,,,1.0,2.0,,1.0,,,,2.0,,,2.0,,,1.0,1.0,2.0,,,,,,,2.0,1.0,,,,2.0,,,,1.0,,,,,,,1.0,3.0,1.0,3.0,2.0,1.0,2.0,,4.0,2.0,1.0,,1.0,1.0,,1.0,,,,,,,1.0,,1.0,,1.0,,,1.0,1.0,,,,1.0,,1.0,,1.0,,1.0,,,,,,,,2.0,1.0,,,,,,1.0,1.0,1.0,,,,2.0,,,,,,,3.0,,,,1.0,,,,2.0,,,,1.0,,,,,1.0,,,,,,,1.0,,,,,,,,,,,,,1.0,,,1.0,1.0,1.0,,,,,2.0,,,,,,,,,2.0,,,,2.0,,1.0,,1.0,1.0,1.0,,,,,,,,,1.0,,,,,,1.0,,,2.0,,,,,,,,2.0,2.0,,,,,1.0,,,,,,,,,,,,,,,,,,,,,,,,,1.0,1.0,,,,2.0,,,1.0,,,,,3.0,1.0,,,,,,,,,,,,,1.0,,,,,,,,,,,,,,,,,,,,,,,,,,,,,,,,,,,,,,,,,,,,,,,,,,,1.0,,,,,,,,
forecast2016,2015-12-18,2,,,,,,,,,,1.0,,,,,,,,,,,1.0,,,,,,,,,,,,,,,,,,,,,,,,,,,,,,1.0,,1.0,,,,,,1.0,,,,,,,,,,,,1.0,1.0,,,,,,,,,,,,,1.0,,,1.0,,,,1.0,,,,,,,,,,1.0,,,,,,,,,,,,,,,,,,,,,,,,,,,,,,,,,,,,,,,,,,,,,,,,1.0,,,,,,,,,,,,,,,,,,,,,,,,,,,,1.0,1.0,,,,,,,,,,,,,,1.0,,,,,,,,,,,,,,,,,,,,,,,,,,,,,,,,,,,,,,,,,,,1.0,1.0,,,,,,,,,,,,,1.0,,,,,,,,,,,,,,,,,,,,,,,,,,,,,,,,,,,,,,,,,,,,,,,1.0,,,,,,,1.0,,,,,,,,,,,,,,,,,,
forecast2016,2015-12-19,2,,,,,,,,,,,,,,,,,,,,,,,,,,,,,,,,,,,,,,,,,,,,,,,,,,,,,,,,,,,,,,,,,,,,,,,,,,,,,,,,,,,,,,,,,,,,,,,,,,,,,,,,,,,,,,,,,,,,,,,,,,,,,,,,,,,,,,,,,,,,,,,,,,,,,,2.0,,,,,,,,,,,,,,,,,,,,,,,,,,,,,,,,,,,,,,,,,,,,,,,,,,,,,,,,,,,,,,,,,,,,,,,,,,,,,,,,,,,,,,,,,,,,,,,,,,,,,,,,,,,,,,,,,,,,,,,,,,,,,,,,,,,,,,,,,,,,,,,,,,,,,,,,,,,,,,,,,,,,,,,,,,,,
forecast2016,2015-12-21,2,1.0,,,,,,,,,,,,,1.0,,,,,,,,,,,,,,,,,,,,1.0,,,,,,,,,,,,,,,,1.0,,,,,1.0,,,,,,,,,,,,,,,1.0,1.0,,,,,1.0,1.0,,,,,,,,,,,,,,,,,,,,,,,,,,,,,,,,,,,,,,,,,,,,1.0,,,,,,,,,,,1.0,,,,,,,,,,,,,,,,,,2.0,,,,,,,,,2.0,1.0,,,,,,,,,,1.0,,,,,,,1.0,,,,,,,,,,,,,,,,,1.0,,,,,,,,,,,,1.0,,,,,,,,,1.0,,,,,,,,,,1.0,,,,,,,,,1.0,,,,,,,,,,,,,,,,,,,,,,,,,,,,,,,,,,,,,,,,,,,,,,,,,,,,,,,,,,,,,,,,,,,,,,,,,,,,,,,,,,,,,,,,
forecast2016,2015-12-22,1,,,,,,,,,,,,,,1.0,,,,,1.0,,,,,,,,,,,,,,,,,,,,,,,,,,,,,,,1.0,1.0,,,,,,,,,,,,,,,,,,,,,,,,,,,,,,,,,,,,,,,,,,,,,,,,,,,,,,,,,,,,,,,,,,1.0,,,,,,,,,1.0,,,,,,,,,,,,,,,,,,,,,,,,,,,,,,,,,,,,,,,,,,,,,,,,,,,,,,,,,,,,,,,,,,,,,,,,,,,,,,,,,,,,,,,,,,,,,,,,,,,,,,,,,,,,,,,1.0,,,,,,,,,,,,,,,,,,,,,,,,,,,,,,,,,,,,,,,,,,,,,,,,,,,,,,,,,,,,,,,,,,,,,,,,,,,,,,,,,,,,,
forecast2016,2015-12-23,3,1.0,,,2.0,,,,1.0,,,,,,,,,,,,,,,,,,,,,,,,,,,,,,,,,,,,,,,,2.0,,,1.0,,,,,,,2.0,,,,,,,,,,,,,,,,,,,,,,,1.0,,,,1.0,,,,,,,,,,,,,,,,,,,,,2.0,,,,,,,,,,,,,,,,,,,,,,,,,,,,,,,,,,,,,,1.0,,,,,,,,,,,,,,2.0,,,,,,,,,1.0,,,,,1.0,,,,,,,,,,,,,,,,,,,,,,,,,,,,,,,1.0,,,,,,,,,,2.0,,1.0,,,,,,,,,,,,,,,,,,,,,1.0,,,,,1.0,,,,,,,,,,,,,,,1.0,,,,,,,1.0,,,,,,,,,,,,,,,,,,,,,,,,,,,,,,,,,,,,,,,,,,,,,,1.0,,,,,1.0,,,,,,,,
forecast2016,2015-12-24,1,,,,,,,,,,,,,,,,,,,,,,,,,,,,,,,,,,,,,,,,,,,,,,,,,,,1.0,,1.0,,,,,1.0,,,,,,,,,,,,,,,,,,,,,,,,,,,,,,,,,,,,,,,,,,,,,,,,1.0,,,,,,,,1.0,,,1.0,,,,,,,,,,,,,,,,,,,,,,,,,,,,,,,,,1.0,,,,,,,,,,,,,,,,,,,,,,1.0,,,1.0,,,,,,,,,,,,,,,,,,,,,,,,,,,,,,,,,,,,,,,,,,,,1.0,,,,,,,,,,,,,,,,,,,,,,,,,,,,,,,,,,,,,,,,,,,,,,,,,,,,,,,,,,,,,,,,,,,,,,,,,,,,,,,,,,,,,,,,,,,,,,,,,,,,,,,
forecast2016,2015-12-29,1,,,,,,,,,,,,,,,,,,,,,,,,,,,,,,,,,,,,,,,,,,,,,,,,,,,,,,,,,,,,,,,,,,,,,,,,,,,,,,,,,,,,,,,,,,,,,,,,,,,,,,,,,,,,,,,,,,,,1.0,,,,,,,,,,,,,,,,,,,,,,,,,,,,,,,,,,,,,,,,,,,,,,,,,,,,,,,,,,,,,,,,,,,,,,,,,,,,,,,,,,,,,,,,,,,,,,,,,,,,,,,,,,,,,,,,,,,,,,,,,,,,,,,,,,,,,1.0,,,,,,,,,,,,,,,,,,,,,,,,,,,,,,,,,,,,,,,,,,,,,,,,,,,,,,,,,,,,,,,,,,,,,,,,,
forecast2016,2015-12-30,2,,,,,,,,,,,,,,,,,,,,,,,,,,,,,,,,,,,,,,,,,,,,,,,,,,,,,,,,,,,,,,,,,,,,,,,,,,,1.0,,,,,,,,,,,,,,,,,,,,,,,,,,,,,,,,,,,,,,,,,,,,,,,,,,,,,,,,,,,,,,,,,,,,,,,,,,,2.0,,,,,,,,,,,,,,,,,,,,,,,,,,,,,,,,,,,,,,,,,,,,,,,,,,,,,,,,,,,,,,,,,,,,,,,,,,,,,,,,,,,,,,,,,,,1.0,,,,,,,1.0,1.0,,,,,,,,,,,,,,,,,,,,,,,,,,,,,,,,,,,,,,,,,,,,,,,,,,,,,,,,,,,,,,,,,,,,,,,,,
forecast2016,2015-12-31,2,,,,,,,,,,,,,,,,,,,,,,,,,,,,,,,,,1.0,,,,,,1.0,,,,,,,,,,,,,,,,,,,1.0,,,,,,,,,,,,,,,,,,,,,,,,,,,,,,,,,,,,,,,,,,,,1.0,,1.0,,,,,,,,,,,,,,,,,,,,,,,,,,,,,,,,,,,1.0,,,,,,,1.0,,,,,,,,,,,,,,,,,,,,,,,,,,1.0,1.0,,,,,,,,,,,,,,,,,,,,,,,,,,,,,,,,,,,,,,,,,,,1.0,,,,,,,,,,,,,,,,,,,,,,,,,,,,,,,,,,,,,,,,,,,,,,,,,,,,,,,,,,,,,,,,,,,,,,,,,,,,,,,,,,,,,,,,,,,,,,,,,,,,,,,,,,
forecast2016,2016-01-05,2,2.0,,,,,,1.0,,,,,,,,,,1.0,,,,,,,,,,,,,,,,,,,,,,,1.0,,,,,,,,1.0,,,,,,,,,1.0,,,1.0,,,,,,,,,,,1.0,,,,,1.0,1.0,,,,,,,,,,,,,,,,,,,,,,,,,,,,,,,,,,,,,,,1.0,,,,,,,,,,1.0,,,,1.0,,,,,,,,,,,,,,,,,,,,1.0,,,,,,,,1.0,1.0,2.0,,,,,,,1.0,,,,,1.0,1.0,,,,,1.0,,,,,,,,,,,,,,,,1.0,,,,,,,,,,,,,,,,,,,,,,,,,,,,,,,,,,,,,,,,,,1.0,1.0,,,,,,,,,,,,,,,,1.0,,,,,,,,,,,,,,,,,,,,,,,,,,,,,,,,,,,,,,,,,1.0,,,,,,1.0,,,,,,,,,1.0,,,,,1.0,,,,,,,,
forecast2016,2016-01-06,2,,,,,,,1.0,,,,,,,,,,,,,,,,,,,,,,,,,,,,,,,,,,,,,,,,,,,,,,,1.0,,,,,,,,,,,,,,1.0,,,,,,,,,,,,,,,,,,,,,,,,,,,,,,,,,,,,,,1.0,,,,,,,,,,,1.0,,,,,,,,,,,,,,,,,,,,,,,,,,,,,,,,,,,,,,,,,,,,,,,,,,,,,,,1.0,,,,,,,,,,,,,,,,,,,,,,,,,,,,,,,,,,,,,,,,,,,,,,,,,,,,,,,,,,,,,,,,1.0,,,,,,,,,,,,,,,,,1.0,,,,,,,,,,,,,,,,,,,,,,,,,,,,,,,,,,,,,,,,,1.0,,,,,,,,,,,,,,,,,,,,,,,,,,,,
forecast2016,2016-01-07,3,3.0,,1.0,1.0,,,,1.0,1.0,,,,,1.0,1.0,,,,,,1.0,,,1.0,,1.0,,,,1.0,,1.0,,,,,,,,1.0,,,,,1.0,,,,,1.0,,,2.0,,,,2.0,1.0,3.0,1.0,1.0,,,1.0,,,,,,,3.0,,,,1.0,,,,,,,,1.0,,,,,,1.0,,,,,,2.0,,,,,,,,,,,,,,,,,,,1.0,,,1.0,,1.0,1.0,1.0,,,,,1.0,,,1.0,,,,,,,,,,,,,,,,,,2.0,,,,,,1.0,2.0,,,,1.0,,3.0,,,,,,,1.0,,,,,1.0,,,,,,1.0,1.0,,,,,,,,,1.0,,,,,,,,,1.0,,,,,,1.0,,,2.0,,,,1.0,,,1.0,,2.0,,,,,,,,,,,,,,,,,,,1.0,,2.0,2.0,,,,1.0,,,,,,,,1.0,,,,1.0,,,,,,,,,,,,,,,,,,,1.0,,,,,,,,,,,,,,,,,,,,,,,,,,,,,,,,,,,,,1.0,,,1.0,,1.0,,,,,,,,
forecast2016,2016-01-08,1,,,,,,,,,,,,,,,,,,,,,,,,,,,,,,,,,,,,,,,,,,,,,,,,,,,,,,,,,,,,,,,,,,,,,,,,,,,,,,,,,,,,,,,,,,,,,,,,,,,,,,,,,,,,,,,,,,,,,,,,,,,,,,,,,,,,,,,,,,,,,,,,,,,,,,,,,,,,,,,,,,,,,,,,,,,,,,,,,,,,,,,,,,,,,,,,,,,,,,,,,,,,,,,,,,,,,,,,,,,,,,,,,,,,,,,,,,,,,,,,,,,,,,,,,,,,,,,,,,,,,,,,1.0,,,,,,,,,,,,,,,,,,,,,,,,,,,,,,,,,,,,,,,,,,,,,,,,,,,,,,,,,,
forecast2016,2016-01-09,3,,,,,,1.0,,3.0,,,,,,3.0,,,2.0,1.0,1.0,,,,,1.0,,,,,,1.0,,1.0,,2.0,,,,1.0,,,1.0,,1.0,,,1.0,,,1.0,1.0,1.0,,1.0,,,,1.0,,1.0,,,,,1.0,,,,,,,,,,,,,,,,,,,,,,,,,,,,,,1.0,1.0,,,,,1.0,,,,,,,,,,,,,,,,,,,,,,,,,,,,1.0,,,,,,,,,,,1.0,,,,,,,,1.0,,,1.0,,,,,,,,,,2.0,,,,,,,,,,,,1.0,1.0,,,,,1.0,,,,,,,,,,1.0,,,,,,1.0,,,,,,,,,,,,,,,,1.0,,,,,1.0,,,,,,,,,,,,,,,,,,,,,,,,,,2.0,,,,,,,,2.0,1.0,,,,,1.0,,,,,,,,,,,,,,,,,,,,,,,,,,,,,,,,,,,,,,,,,,,,,,,,,,,,,,1.0,,,,,1.0,,,,,,,,
forecast2016,2016-01-11,14,1.0,1.0,,2.0,,,1.0,5.0,,,,,,5.0,,,1.0,1.0,3.0,,1.0,1.0,1.0,2.0,,1.0,1.0,,1.0,2.0,,,,5.0,,,,1.0,,,,2.0,2.0,1.0,,2.0,,3.0,,3.0,5.0,,2.0,1.0,1.0,,4.0,4.0,6.0,4.0,,,,1.0,,,1.0,3.0,1.0,,5.0,,,,1.0,,1.0,,,,,,1.0,,1.0,,,,,,,,,,1.0,2.0,1.0,,,1.0,1.0,,,1.0,,1.0,,,,,,,1.0,2.0,,,,,1.0,,2.0,,,,1.0,4.0,,2.0,1.0,1.0,,,,,1.0,,,,1.0,,,,,,,,5.0,,,7.0,,2.0,1.0,5.0,,,,,3.0,5.0,,,2.0,,,,1.0,,1.0,,,5.0,2.0,,,,1.0,4.0,,,,2.0,,,,,1.0,2.0,,2.0,,,,,,,3.0,,,,,,,,,5.0,,,,2.0,,,3.0,,6.0,,,1.0,,,,,,,1.0,,,,,,,,,,,4.0,,,,1.0,4.0,1.0,,,,,,,4.0,,,,1.0,,,,,,,,,,,,,,,,,,,,,,,,,,,,,,,,,,,,,,,,1.0,1.0,,,1.0,,,,,,,,,,,,2.0,,,1.0,,3.0,,,,,,,,
forecast2016,2016-01-12,13,4.0,,,,1.0,,,,,,,,,1.0,,,1.0,2.0,1.0,1.0,,,,1.0,1.0,,,,,2.0,,1.0,,2.0,1.0,,,,,,,,,,,1.0,,1.0,2.0,1.0,1.0,1.0,4.0,,,,1.0,,1.0,,,,,1.0,1.0,,2.0,,,,3.0,,,,3.0,,,,1.0,1.0,,,,,,,,,,,,,1.0,,,,,,1.0,,,1.0,,,,,,,1.0,,1.0,,,,1.0,,,,1.0,,1.0,,,,,2.0,,,2.0,,,1.0,,,,,,,,,,,1.0,,,1.0,2.0,,,3.0,,,,1.0,,,,1.0,,4.0,1.0,,,,,,,,,,,,3.0,,1.0,,,1.0,,,,,,,,1.0,1.0,,,,,,,1.0,,,,,,,,1.0,,,,1.0,,,,2.0,,,,,,1.0,,,,,,1.0,,1.0,1.0,,,,,,,,,,,1.0,2.0,,,,4.0,,,1.0,,,,1.0,4.0,1.0,1.0,,,,,1.0,,,,,,,1.0,,2.0,,,,,,,,,,,,,,,,,,,,,,,,,,,,,,,,,,,1.0,,,,,,,,,1.0,,,1.0,,,,,,,,,,
forecast2016,2016-01-13,8,1.0,,,1.0,1.0,,,3.0,,,,,,2.0,,,,,1.0,,2.0,1.0,,1.0,,,1.0,,,1.0,,,1.0,,,,1.0,,,,,,,,,,,,,1.0,1.0,,1.0,,,,,2.0,,1.0,,,,,,,1.0,,,,1.0,,,,2.0,2.0,,,,,,,1.0,,,,,,,,,,,,,,,1.0,1.0,,,,,,,,,,,,,,,,,,2.0,,,,1.0,1.0,,,1.0,,,,,,,,,,,,,,,,,,,,,,1.0,,,2.0,,,,1.0,,,,,1.0,1.0,,,1.0,,,,,,,,,1.0,1.0,,,,,1.0,,,,,,,,,,,,,,1.0,,,,,,,,,,,,,,,,,,,,,,,1.0,,,,,,,,,,,,,,,,,,,,,1.0,,,,,1.0,,,,,,,,,,,,,,,,,,,,,,,,,,,,,,,,,,,,,,,,,,,,,,,,,,,,,,,,,,,1.0,,,,,,,,,1.0,,,,,1.0,,,,,,,,
forecast2016,2016-01-14,9,,,,,,,1.0,2.0,1.0,,,,,3.0,,,2.0,,,,2.0,1.0,,,,,1.0,,,,,,,1.0,,,1.0,,1.0,,,,,,,,,1.0,,,1.0,,1.0,,,,,,,1.0,,,,,,,,2.0,,1.0,,1.0,,,,,,,2.0,,,,2.0,,,,,,,,,,,,,,,,2.0,,1.0,1.0,,,,,,,,,,,,,,,,1.0,,,1.0,,,,,,,,,,,,,,,,,,,,,,,,,,,,,1.0,,,,,,,,,,,,,,,,,,,,,,,,,,,,1.0,1.0,,,,,,,,1.0,1.0,,,,1.0,,,,,,,,,,,,1.0,,,,,,,,,,,,,,,,,,,,,,,,,,,1.0,,,,,,1.0,,,,1.0,,,,,,,,1.0,,,,,,,,,,,,,,,,,,,,,,,,,,,,,,,,,,,,,,,,,,,,,,,,,,,,,,,,,,,,,,,,,1.0,,,,,,,,
forecast2016,2016-01-15,3,2.0,1.0,1.0,2.0,,1.0,,,,,,,,1.0,,,,1.0,,,,1.0,,,1.0,,,,,,,,,1.0,,,,1.0,,1.0,,,,,1.0,,,,1.0,,,,,,,,2.0,,,,,,,,,,,,,,,,,,,,,,,,,,,,,,,,,,,,,,,,,,,,,,,,,1.0,,,,,,,1.0,,,,1.0,,1.0,,1.0,,,,,,,,,,,,,,1.0,,,,,,,,,,,,,,,2.0,,,,,,,,,,2.0,,,1.0,,,1.0,,,,,,1.0,,,,,,2.0,,,,,,,,,,,,,,,,,,,,,,,,,,,1.0,,,,,,,,,,,,,,,,,,,,,,,,,,1.0,,,,,2.0,,,,,,,,,,,,,,,,,2.0,,,,,,,,,,,,,,,,,,,,,,,,,,,,,,,,,,,,,,,,,1.0,,,,,,1.0,,,,,,,,,1.0,,,1.0,,2.0,,,,,,,,
forecast2016,2016-01-18,2,1.0,,,1.0,1.0,,,,,,,,,1.0,,,1.0,,,,,,,,,,,,,,,,,,,,,,,,,,,1.0,,,,,,,1.0,,1.0,,,,,1.0,,,,,,,,,,,,,1.0,,,,,,1.0,,,,,,,,,,,,,,,,,,,,,,,,,,,,,,,,,,,,,,,,,,,,,,,,,,,,,,,,,,,,1.0,,,,,1.0,,,,,,,,,,,1.0,,,,,,,1.0,,,,,,,,,,,,1.0,1.0,,,,,,,,,,,,,,,,,,,,,1.0,,,,,,,,,,,,,,,,,,,,,,,,,,,,,,,,,,,,,,,,,,,,,,,,,,,,,,,,,,,1.0,,,,,,,,,,,,,,,,,,,,,,,,,,,,,,,,,,,,,,,,,,,,,,,,,,,,,,,,,,,,,,,,,,,,,
forecast2016,2016-01-19,18,3.0,,,3.0,1.0,1.0,4.0,5.0,1.0,,,,,4.0,,,3.0,,2.0,,3.0,1.0,,2.0,2.0,1.0,,,3.0,2.0,1.0,2.0,,1.0,1.0,1.0,1.0,2.0,,,2.0,1.0,1.0,4.0,2.0,1.0,,2.0,1.0,,2.0,,3.0,,1.0,1.0,1.0,6.0,3.0,1.0,,,,,1.0,,2.0,3.0,,,5.0,,,,2.0,1.0,,,,,2.0,,,,1.0,,,,,,,,,1.0,1.0,,,1.0,1.0,1.0,1.0,1.0,,1.0,,2.0,,,,,1.0,1.0,,,1.0,,,,1.0,1.0,6.0,,,,2.0,2.0,,,1.0,1.0,,1.0,,,,1.0,2.0,1.0,,,,,1.0,,,,,1.0,2.0,3.0,,1.0,,2.0,,,,,,5.0,,,,,,,,,,1.0,,1.0,4.0,,1.0,,,2.0,1.0,,1.0,,,1.0,,1.0,,,,,,,1.0,1.0,,,3.0,,,,,1.0,1.0,,1.0,,,,,2.0,1.0,,1.0,,2.0,1.0,,1.0,,,,,,,,,,,,,,,,,,2.0,1.0,,,,3.0,,,,,,,2.0,4.0,,1.0,,,,,1.0,,,,,,,1.0,,,,,,,,,,,,,,,,,,,,,,,,,,,,,,,,,,,,,,,,,,,,,,3.0,,,1.0,,2.0,,,,,,,,
forecast2016,2016-01-20,12,,,,,,,,2.0,,,,,,2.0,,,,,1.0,,1.0,,,,,,,,,,,,,1.0,,,,,,,,1.0,1.0,1.0,,2.0,,3.0,,,1.0,,,,,,,1.0,1.0,,,,,,,,,2.0,,,1.0,,,,1.0,,1.0,,,,1.0,,,,1.0,,,,,,,,,,1.0,,,1.0,,,,,,1.0,,1.0,,,,,,,,1.0,,,,,,,,1.0,,,,1.0,,,,,,,,,,,,,,,,,,,,,,,,2.0,,,,2.0,,,,,1.0,1.0,,,,,,,,,,1.0,,1.0,1.0,,,,,,,,1.0,,,,,,,,1.0,1.0,,,,,,,,,,,,,,,,1.0,,,,,,,,,,,,1.0,,,,,1.0,,,,,,,,,,,,,,,,,,1.0,,,1.0,,,,,1.0,,,,,,1.0,,,,,,,,,,1.0,,,,,,1.0,,,,,,,,,,,,,,,,,,,,,,,,,,,,,,,,,,,,,,,,,,,,,,,,,,,
forecast2016,2016-01-21,24,,2.0,1.0,4.0,,1.0,,5.0,2.0,1.0,,,,4.0,,,1.0,2.0,1.0,,1.0,,,2.0,1.0,,1.0,,,1.0,,1.0,,3.0,1.0,,,,1.0,,,,3.0,,1.0,1.0,,,,2.0,1.0,,1.0,2.0,,,,2.0,1.0,,,,,1.0,,,,1.0,2.0,2.0,4.0,,,,,,,,,,3.0,,,,3.0,,,1.0,,,,,,,,,,,1.0,,2.0,,,,,,,,,,,,1.0,,,,,,,3.0,,,,,,1.0,,1.0,,1.0,,,,,,,1.0,,,,,,,,,,,,,5.0,2.0,,,2.0,,,,,1.0,1.0,,1.0,,,,,,,2.0,,1.0,,1.0,1.0,1.0,,,1.0,2.0,,,,,,,,1.0,,,,,,1.0,2.0,,,1.0,,,,,,,,1.0,1.0,,,,,,,1.0,,,2.0,,,,,,,,,,,,,,,,,,,,,,,,,3.0,,,,,,,1.0,4.0,1.0,,,,,,,,,,,,,1.0,,1.0,,,,,,,1.0,,,,,,,,,,,,,,,,,,,,,,,,,,,,,,,,,,,,,,,,,,,,,,,,,,
forecast2016,2016-01-22,7,2.0,,,,,1.0,,3.0,2.0,,,,,2.0,,,,,,,1.0,2.0,,2.0,,,1.0,,,,,,,,,,,,1.0,,1.0,,2.0,,,2.0,,,,,1.0,,,,,,,2.0,,1.0,,,,,,,,,,,1.0,,,,1.0,,,,,,,,,,,,,,1.0,,,,,,,,1.0,,,,,,,,,1.0,,,,,,2.0,1.0,,,,,,1.0,,,,,,1.0,1.0,,,,,,,,,,,,,,,,1.0,,,,,1.0,,,2.0,,,,1.0,,,,,,1.0,,,,,,,,,1.0,,,1.0,1.0,,1.0,,,2.0,,,,,,,,,1.0,,,,,,,,,,,,,,,,1.0,,,1.0,,,,,1.0,,1.0,,,,,,,,,,,,1.0,,,,,,,,,1.0,,,,,,,3.0,,,,,,,,2.0,,,,1.0,,,,,,,,,,,,,,,,,,,,,,,,,,,,,,,,,,,,,,,,1.0,,,,,,,,,,,,,,,,1.0,,,1.0,,2.0,,,,,,,,
forecast2016,2016-01-23,10,,,1.0,,,1.0,4.0,4.0,1.0,,,1.0,,1.0,,,,4.0,2.0,,2.0,,1.0,2.0,,,1.0,,1.0,1.0,1.0,,,1.0,,1.0,1.0,,1.0,,1.0,1.0,,1.0,1.0,1.0,,2.0,1.0,3.0,,,2.0,1.0,3.0,,,1.0,3.0,2.0,,,,2.0,,,1.0,,,1.0,4.0,,,,2.0,1.0,,1.0,,,1.0,,1.0,,1.0,,,,,,,,,,,,,,2.0,1.0,1.0,,,1.0,,2.0,,,1.0,,,,1.0,1.0,,1.0,,1.0,,1.0,,,,,,3.0,,,,2.0,,,,,,,,,,,,3.0,,,,,2.0,,,4.0,2.0,,2.0,4.0,1.0,,,1.0,1.0,1.0,1.0,,1.0,,,,,,,,,1.0,2.0,,,,2.0,2.0,1.0,,,,,,,,1.0,,,,,,,1.0,,,,,,,,,,,1.0,2.0,,,,,1.0,,1.0,,1.0,1.0,,1.0,,,1.0,,,,1.0,,,,,,,,,1.0,,2.0,1.0,,,,3.0,2.0,,1.0,,,,,1.0,,,1.0,,,,,,,,,,,2.0,,,,1.0,,,,,,,,,,,,,,,,,,,,,,,,,,,,,,,,,1.0,,,,,1.0,,,,1.0,,,,,1.0,,,,,,,,
forecast2016,2016-01-24,16,,1.0,1.0,1.0,,,1.0,2.0,,,,1.0,,2.0,,,,4.0,1.0,,,,,1.0,,,1.0,,1.0,,,,,,,1.0,1.0,,1.0,,,1.0,1.0,1.0,,,,1.0,1.0,,1.0,,,,1.0,,,,2.0,1.0,,,,,,,,2.0,,,2.0,,,,1.0,,,,,,,,,,,,,1.0,,1.0,,,,,,,,,1.0,,,2.0,,,,,,,,,,,1.0,1.0,,1.0,2.0,,,,1.0,,,,,1.0,,,,,,,,,,,,,2.0,,,,,,,,1.0,,,4.0,1.0,,1.0,2.0,,,,,,2.0,,,1.0,,,,,,,1.0,,3.0,3.0,,,,1.0,1.0,,,,,,,,,,,,,,,1.0,,,,,,,,,,,,1.0,2.0,,,,,,,,,1.0,,,,,,,,,,1.0,,,1.0,,,,,,3.0,,1.0,,,,,,1.0,,,,,,,1.0,1.0,,,1.0,,,,,,,,,,,,,,,,,,,,,,,,,,,,,,,,,,,,,,,,,,,,,,,,,,,,,,,,,,,,,,,,,,,,,
forecast2016,2016-01-25,11,,,,1.0,,,,1.0,,,,,,2.0,,,1.0,,2.0,,2.0,1.0,,3.0,1.0,1.0,,,,,,,,,,,,1.0,,,,,,,,,,,,,2.0,,2.0,3.0,2.0,,,3.0,2.0,1.0,,,,,,,,,,,2.0,,,,,1.0,,,,,,,,,,,,,,,,,,,,,3.0,,,,,1.0,,,,,,,,,,,,,,,,,1.0,1.0,1.0,,,,,,,,,,,,,,,,,,,,,,,,,,2.0,,,1.0,1.0,,,1.0,,,,,,,,,,,,,,,,,,1.0,1.0,,,,,1.0,,,,,,,,,,,1.0,,2.0,,,,,,1.0,,,,,,,,,,,,,,,,,,2.0,2.0,,,,,,,,,,,,,,,,,,,,1.0,,,,,2.0,2.0,,,,,,,2.0,3.0,,,,,,,,,,,,,3.0,,,,,,,,,,,,,,,,,,,,,,,,,,,,,,2.0,,,,,,,1.0,,,,,,,,,1.0,,,1.0,,2.0,,,,,,,,
forecast2016,2016-01-26,19,1.0,,1.0,,,,3.0,2.0,,,,,,5.0,,,1.0,1.0,,,1.0,,,1.0,,,,,1.0,,,,,1.0,,,1.0,,,1.0,1.0,,4.0,,,1.0,,1.0,,1.0,2.0,,,1.0,,,1.0,2.0,1.0,,,,,,,,,,,,2.0,,,,1.0,,,,,,1.0,,,,2.0,,,,,,,,,,1.0,,1.0,,,,,,,,,1.0,2.0,,,,,1.0,,1.0,,,1.0,,,1.0,1.0,,,,1.0,1.0,,,,,,,,,,,,,,,,1.0,,,,,2.0,1.0,,6.0,1.0,,,3.0,1.0,,,,,,,,,,,,3.0,,,1.0,,1.0,,,,,,1.0,1.0,,,,,,,,,,,1.0,,,,,,,,,,,,,,,,,,,,,,,1.0,,,1.0,,,,,,,,,,,,2.0,,,,,,,,1.0,1.0,,,,5.0,,,,,,,1.0,5.0,,,,,,,,,,,,,,1.0,,,,,,,,,,,,,,,,,,,,,,,,,,,,,,1.0,,,,,,,,,,,,,,,,,,,,,1.0,,,,,,,,
forecast2016,2016-01-27,20,1.0,,,3.0,1.0,1.0,2.0,3.0,,1.0,,,,3.0,1.0,,,3.0,1.0,,1.0,,2.0,,,,1.0,,,3.0,1.0,1.0,2.0,1.0,1.0,1.0,1.0,,4.0,,2.0,1.0,2.0,,1.0,1.0,,2.0,,4.0,5.0,,4.0,,,,2.0,,,1.0,,,,1.0,,,1.0,1.0,,,4.0,,,,5.0,2.0,1.0,1.0,,,,,2.0,1.0,,,,,,,,,,1.0,,,,,2.0,3.0,2.0,,,,,2.0,,,,,,,2.0,1.0,,,2.0,,2.0,,,,,,,2.0,1.0,3.0,2.0,1.0,,,,,,,,1.0,1.0,,,2.0,1.0,,,,1.0,,1.0,9.0,2.0,,,,,,,1.0,,,1.0,,3.0,,,,,,,,,3.0,1.0,1.0,,,1.0,1.0,3.0,,1.0,,,,,,,,1.0,1.0,1.0,,,4.0,,,,,,,,,,3.0,1.0,,,,,2.0,,,,,2.0,1.0,,,,,,,,1.0,,,,,,,,,,,,1.0,4.0,,,,3.0,1.0,,,,,,,3.0,,,,,,,,,1.0,,,,,,,,,,,,,,,,,,,,,,,,,,,,,,,,,,,,,,,,,,,,,,,,,,,,,,,,1.0,,,,,,,,
forecast2016,2016-01-28,16,5.0,,2.0,1.0,1.0,,1.0,1.0,1.0,,,,,5.0,,,2.0,2.0,2.0,,,,1.0,1.0,,,1.0,,,2.0,,1.0,,3.0,1.0,,,2.0,1.0,1.0,1.0,1.0,2.0,2.0,,,1.0,2.0,1.0,1.0,1.0,,1.0,4.0,,,1.0,2.0,5.0,2.0,,,,,,,2.0,2.0,,,7.0,,,,3.0,,1.0,1.0,1.0,,2.0,,1.0,1.0,1.0,,,1.0,,,,,1.0,,,,,1.0,1.0,1.0,2.0,2.0,,2.0,,1.0,,,,1.0,,,2.0,,,,3.0,,,2.0,2.0,,1.0,,1.0,4.0,,1.0,1.0,,,,,,,,1.0,,2.0,,,,,,,1.0,3.0,,,8.0,,1.0,1.0,1.0,,,,2.0,4.0,4.0,1.0,1.0,2.0,,1.0,,1.0,,,2.0,,4.0,5.0,,1.0,,,5.0,,,,,,,,,1.0,,1.0,2.0,,,2.0,,,,,,,,,,,1.0,,3.0,,,,,1.0,,,,3.0,,,1.0,,,,,,,1.0,,,,,,,,,1.0,,2.0,,,,,7.0,1.0,,2.0,,,,2.0,6.0,,,,,,1.0,,,,,,,,1.0,,,,,,,,,,,,,,,,,,,,,,,,,,,,,,,,,,,,,1.0,,,,,,,,1.0,,,,1.0,,2.0,,,,,,,,
forecast2016,2016-01-29,5,1.0,,,,,1.0,,1.0,,,,,,1.0,,,,,,,1.0,,,,,,,,,1.0,,,,1.0,,,,,,,,1.0,,,,,1.0,2.0,,,,,,1.0,,,,2.0,1.0,,,,,,,,,,,,1.0,,,,1.0,,,,,,1.0,,1.0,,,,,,,,1.0,,,,,,1.0,,,,,,,,,1.0,1.0,,,,,,,1.0,,,,,,,1.0,,,,1.0,,,,,,,,,,,,,,,,,,,,,,1.0,,,,,,,,,,,,,,,,,,,,,,,,,2.0,2.0,,,,,,1.0,,,,,,,,1.0,,,,,,,,,,,,,,,,,,,,,,,,,,,,,,,,,,,,,,,,,1.0,,,,,,,,,,,,,1.0,,,,,,,,1.0,,,,,,,,,,,,,,,,,,,,,,,,,,1.0,,,,,,,,,,,,,,,,,,1.0,,,,,,,,,,1.0,,,,,,,,,,,,,,,,,,,
forecast2016,2016-01-30,23,1.0,1.0,,3.0,2.0,,,5.0,,,,,1.0,1.0,,,4.0,3.0,,,2.0,2.0,,4.0,2.0,,1.0,,,2.0,,1.0,,2.0,1.0,,,2.0,,,,2.0,1.0,,1.0,1.0,,2.0,,2.0,5.0,,7.0,2.0,2.0,,3.0,3.0,,2.0,,,1.0,,2.0,,1.0,,,,5.0,,,,1.0,,1.0,,,,4.0,,1.0,,1.0,,,1.0,,,,,,,,,,1.0,,,2.0,,,,,3.0,,,,,,,1.0,3.0,,1.0,,,3.0,1.0,,,,2.0,2.0,3.0,,1.0,,1.0,1.0,,,,,,2.0,,,,,1.0,,,,,3.0,,1.0,5.0,1.0,,,1.0,,,,2.0,2.0,3.0,,1.0,,,,,1.0,,1.0,,,1.0,,,,,,7.0,,,,,,,,,,1.0,1.0,,1.0,,1.0,2.0,,,,,,,,,1.0,,1.0,6.0,,,,,,,1.0,,1.0,,,,,,1.0,,,1.0,,,,1.0,,,,,,2.0,,2.0,1.0,,,,7.0,,,1.0,,,,1.0,7.0,1.0,,,,,,1.0,,,,,,,2.0,,,,,,,,,,,,,,,,,,,,,,,,,,,,,2.0,,,,,,,,,,,,,,,,,5.0,,,2.0,,7.0,,,,,,,,
forecast2016,2016-01-31,5,,,,,,,,2.0,,,,,,,,,,,,,,2.0,,,1.0,,,,,,,,,,,,,,1.0,,,,1.0,,1.0,,,,1.0,1.0,,,2.0,1.0,,,,2.0,,,,,,,,,,1.0,,,1.0,,,,,,,,,,,,2.0,,,,,,,,,,,,,,,,1.0,,,,,1.0,,,,,,,,,1.0,,,,,,,,1.0,,,,,,,,,,,,,,,,,,,,,,,,,,,,,1.0,,,,,,,,,,,1.0,,,,,,,,,,,,,,,,,,,,,,,,,,1.0,,1.0,,,,,,,,,,,,,,,,,2.0,,,,,,,,,,,,,,,,,,,,,,,,,,,,,,,,,,,1.0,,,1.0,,,,,2.0,,,,,,,,,,,,,,,,,,,,,,,,,,,,,,,,,,,,,,,,,,,,,,,,,,,,,,,,,,,,,,,,,,,,,,,,,
forecast2016,2016-02-01,9,1.0,,,3.0,,1.0,1.0,1.0,,,,,,2.0,,,2.0,,1.0,,1.0,1.0,,1.0,,,,,,1.0,,3.0,,2.0,,,,2.0,,,,,2.0,1.0,,,,,2.0,3.0,1.0,,1.0,2.0,,,1.0,1.0,1.0,1.0,,,,,,,1.0,,,,2.0,,,,,,,,,,2.0,,,,,,,,,,,,,,,,,,,2.0,,,,1.0,,,,,,,,,,,,,,1.0,,,2.0,,,,1.0,,,,,,,,,,,,,,,,,1.0,,,,,2.0,,1.0,2.0,,,,,,1.0,,,,1.0,1.0,,,,,,1.0,,,,1.0,2.0,1.0,,2.0,,,1.0,1.0,,,,,,,,,3.0,,,,,,,,,,,,,,,,,1.0,2.0,,,,2.0,1.0,,1.0,,,1.0,,,,,,,,,,,,,,,,,,,,1.0,,,,,2.0,1.0,,1.0,,,,,2.0,1.0,,,,,,,,,,,,,1.0,,,,,,,,,,,,,,,,,,,,,,,,,,,,,,,1.0,,,,,,,,,,,,,,1.0,2.0,,,,,1.0,,,,,,,,
forecast2016,2016-02-02,11,2.0,,,2.0,,,,1.0,,,,,,1.0,,,1.0,1.0,,,1.0,,,1.0,,,1.0,,,,,,,,,1.0,,,,,2.0,,,1.0,,,1.0,1.0,1.0,,1.0,,1.0,1.0,,,1.0,2.0,1.0,,,,,,,,,1.0,,,,,,,,,,,,,,,,,1.0,,,,,,,1.0,,,,,,,,2.0,,,,1.0,,2.0,,,,,,,,,,,,,,1.0,1.0,1.0,,,,,,,,,,,,,1.0,,,,,,,1.0,,,,,,,,3.0,1.0,,,2.0,2.0,,,1.0,1.0,1.0,,,,,,,,,,,,,2.0,,,,,,,,,,,,,,,,2.0,1.0,,,,1.0,,,,,,,,,,,,,,,,,,,,,2.0,,,,,,,,,,,,,,,,1.0,,,,,,,,,,4.0,,,1.0,,,,,3.0,,,,1.0,,,,,,,,,,,,,,,,,,,,,,,,,,,,,,,,1.0,,,,,,,,,,,,,,,,,,,,,,,,,,,,,,,,,,,,,
forecast2016,2016-02-03,1,,,,,,,,,,,,,,,,,,,,,,,,,,,,,,,,,,,,,,,,,,,,,,,,,,,,,,,,,,,,,,,,,,,,,,,,,,,,,,,,,,,,,,,,,,,,,,,,,,,,,,,,,,,,,,,,,,,,,,,,,,,,,,,,,,,,,,,,,,,,,,,,,,,,,,,,,,,,,,,,,,,,,,,,,,,,,,,,,,,,,,,,,,,,,,,,,,,,,,,,,,,,,,,,,,,,,,,,,,,,,,,,,,,,,,,,,,,,,,,,,,,,,,,,,,,,,,,,,,,,,,,,,,,,,,,,,,,,,,,,,,,,,,,,,,,,,,,,,,,,,,,,,,,,,,,,,,,,,,,,,,
forecast2016,2016-02-04,5,2.0,1.0,1.0,1.0,,,1.0,2.0,,,,,,1.0,,,1.0,1.0,1.0,,,,,,1.0,,,,1.0,1.0,,,,2.0,,1.0,,,,1.0,,1.0,,1.0,,,,1.0,1.0,,,,1.0,2.0,,,1.0,1.0,,1.0,,,,,,,,,,,,,,,,,,,,,1.0,,,,1.0,,,,,,,,,,,,,,,,,1.0,,1.0,,,,,,,,,,,,,1.0,,1.0,1.0,1.0,,,,,1.0,,,,,,,,,1.0,,,,,,,,,,,1.0,,,,,1.0,,,,,,,1.0,,2.0,,,,,,,1.0,,,,,2.0,1.0,,,,,1.0,,,1.0,,,,,,,,,,,,,,,,1.0,,,,,,,,,,,,,,1.0,,,,,,,,,,,,,,1.0,,,,,,,,,,,,1.0,,,,2.0,,,,,,,,2.0,1.0,,,,,,,,,,,,,1.0,,,,,,,,,,,,,,,,,,,,,,,,,,,,,,1.0,,,,,,,,,,,,,,,,2.0,,,,,1.0,,,,,,,,
forecast2016,2016-02-05,4,1.0,,,,,,1.0,,,,,,,,,,,,2.0,,,,,1.0,,,,,,,,,,3.0,,,,,,1.0,,,,1.0,,,,,2.0,,2.0,,1.0,,1.0,,1.0,,2.0,,,,,,,,,1.0,,,2.0,,,,,,,,,,,,,,,,,,,,,,,1.0,,,1.0,1.0,,,,,,,,,,,,,,,,1.0,,,,,,,,,,,,,,,,,,,,,,,,1.0,,,,,,,,,1.0,,,3.0,,,,1.0,,,,,1.0,3.0,,,,,,,,,,,,2.0,3.0,,,,,,,,,,,,,,,,,,2.0,,,,,,,,,,,,,,,,,,,,,,,,,1.0,,,,,,,1.0,,,,,,,,,,,,,,1.0,,,,2.0,1.0,,,,,,,2.0,2.0,,,,,,,,,,,,,2.0,,,,,,,,,,,,,,,,,,,,,,,,,,,,,,,,,,,,,,,,,,,,,,,,,,,,,,,,,,,
forecast2016,2016-02-06,3,,,,1.0,,,,,,,,,,,,,,,,,,,,,,,,,,,,,,,,,,,,,,,,,,,,,1.0,1.0,1.0,,,,,,,,,,,,,,,,,,,,,,,,,,,,,,,,,,,,,,,,,,,,,,,,,,,,,,,,,,,,,,,,,,,,,,,,,,,,,,,,,,,,,,,,,,,,,,,,,,,,,,,,,,,,,,,,,,,,,,,,,,,,,,,,,,,,,,,,,,,,,,,,,,,,,,,,,,,,,,,,,,,,,,,,,,,,,,,,,,,,,,,,,,,,,,,,,,,,,,,,,,,,,,,,,,,,,,,,,,,,,,,,,,,,,,,,,,,,,,,,,,,,,,,,,,,,,,,,,,,,,,,,,,,,,,,
forecast2016,2016-02-07,1,,,,1.0,,,,,,,,,,,,,,,,,,,,,,,,,,,,,,,,,,,,,,,,,,,,,,,,,,1.0,,,,,,,,,,,,,,,,,,,,,,,,,,,,,,,,,,,,,,,,,,,,,,,,,,,,,,,,,,,,,,,,,1.0,,,,,,,,,,,,,,,,,,,,,,,,,,,,,,,,,,,,,,,,,,,,,,,,,,,,,,,,,,,1.0,,,1.0,,,,,,,,,,,,,,,,,,,,,,,,,,,,,,,,,,,,,,,,,,,,,,,,,,,,,,,,,,,,,,,,,,,1.0,,,,,,,,,,,,,,,,,,,,,,,,,,,,,,,,,,,,,,,,,,,,,,,,,,,,,,,,,,,,,1.0,,,,,,,,,,,,,
forecast2016,2016-02-08,10,1.0,,,,,,,2.0,1.0,,,,,3.0,,,,1.0,2.0,,1.0,,,,,1.0,1.0,,,,,,,3.0,,,,1.0,,,,,,,2.0,,,1.0,,,3.0,,2.0,,2.0,,2.0,1.0,3.0,1.0,,,,,,,1.0,1.0,,,4.0,,,,1.0,,,,1.0,,2.0,,,,,,,2.0,,,,,,,,,,,,,,1.0,,,,,,,,,,,,,,,,,1.0,,1.0,,,,,1.0,,,,1.0,,,,,,,1.0,,,,,,,,,,1.0,,1.0,4.0,,,,,,,,,,3.0,,,,,,,1.0,,,1.0,,2.0,2.0,,,,,2.0,,,1.0,,,,,,,,,,2.0,,,,,,,,,,,,,,,,,,,1.0,,,,,2.0,3.0,,,,,,,,,,,,,,,,,,,,1.0,,,,,3.0,2.0,,,,,,,3.0,2.0,,,,,,,,,,,,,1.0,,,,,,,,,,,,,,,,,,,,,,,,,,,,,,,,,,,,,1.0,,,,,,,,,2.0,,,1.0,1.0,1.0,,,,,,,,
forecast2016,2016-02-09,7,,,,,,,,,,,,,,1.0,,,,,1.0,,1.0,,,,,,,,,,,,,,,,,,,,,,,,,,,,,,,,1.0,1.0,,,,1.0,,,,,,,,,,1.0,,,,,,,,,,,1.0,,,,,,,,,,,,,,,,,,,,,,,,,,,,,,,,,,,,,,,,1.0,,,,,,,,,,,,,,,,,,,,,,,,,,,,,,,1.0,,1.0,,,1.0,,,,,,,,,,,,,,,,,,,,,,,,,,,,,,,,,,,,,,,,,,,,,,,,,1.0,,,,,,,,,,,,,,,,,,,,,,,,,,,,,,,,,1.0,,,,,,,,,,,,,,,,,,,,,,,,,,,,,,,,,,,,,,,,,,,,,,,,,,,,,,,,,1.0,,,,,,,,,,,,,,,1.0,,,1.0,,1.0,,,,,,,,
forecast2016,2016-02-10,8,,,1.0,1.0,,,1.0,1.0,,,,,,,,,1.0,1.0,1.0,,1.0,1.0,,,,,2.0,,,,,,,1.0,1.0,,1.0,2.0,,1.0,,,,1.0,,,,2.0,1.0,,,,,3.0,,,,1.0,1.0,,,,,,,,,,,,4.0,,,,,,,,,,,,1.0,,,,,,,,,,,1.0,,,,,,,,,,,,2.0,,,,,,,1.0,,,,,,,1.0,,,,,1.0,1.0,,,,,,,,,1.0,,,,1.0,,,,,,,,,,2.0,3.0,,,1.0,1.0,1.0,,,,,,,,,,,,1.0,,,,,,1.0,,,,,,,,,,,,,,,,,1.0,,,,,,,1.0,,,,,1.0,,,,,,1.0,,1.0,1.0,,,,,1.0,,,,,,,,,,,,,,,,,,1.0,,1.0,,,,,3.0,,,,,,,2.0,4.0,,,,,,,,,,,,,,1.0,,,,,,,,,1.0,,,,,,,,,,,,,,,,,,,,,,,,,,,,,,,,,,,,,1.0,,,,,1.0,,,,,,,,
forecast2016,2016-02-11,1,1.0,,,,,,,1.0,,,1.0,,,,,,,,,,,1.0,,,,,,,,,,,,1.0,,,,,,,,,,,,1.0,,,,,,,1.0,,,1.0,1.0,,,,,,,,,,,1.0,,,1.0,,,,,,,,,,,,,,,,,,,,,,1.0,,,,,,,,,1.0,,,,,,,,,,,,,,,,,,,,,,,,,,,,,,,,,,,,,,,,,,,,1.0,,,,,,,,,,,,,,,,,,,,,,,,,,,,,,1.0,,1.0,,,,,,,,,,,,,,,1.0,1.0,,,1.0,,,,,,,,,,,,,,,,,,,,,,,,,,,,,,,1.0,,,1.0,,,,,,1.0,,,,,,,,,,,,,,,,,,,,,,,,,,,,,,,,,,,,,,,,,,,,,,,,,,,,,,,,,,,,,,,,,,,,,,,,,,,,,1.0,,,,,,,,
forecast2016,2016-02-13,10,1.0,1.0,,1.0,,,1.0,2.0,,,,,,1.0,,,,,2.0,,3.0,1.0,1.0,,1.0,,,,,1.0,,,,,,1.0,,2.0,,,,,3.0,1.0,,,,2.0,,2.0,1.0,,1.0,,,,,1.0,,,,,1.0,1.0,,,,1.0,1.0,,1.0,,,,1.0,,,,,,,,,,,,,,,,,,,,,,,,,,,1.0,,,,1.0,,,,,,1.0,,,,,,,1.0,,1.0,,,1.0,1.0,2.0,,1.0,,1.0,,,,,,,,,1.0,,,,,,,1.0,,,,1.0,1.0,,1.0,1.0,,1.0,,,1.0,,,,,,,,,,,,,,1.0,,,,,,,,,,,,,,,1.0,,,,,1.0,,,,1.0,,,,,,,,,,,,,,,1.0,1.0,,,,,,,,,,,1.0,,,,1.0,,,,,,,,2.0,,,,,2.0,5.0,,,1.0,,,1.0,1.0,,1.0,,,1.0,,,,,,,,,1.0,,,1.0,1.0,,,,,,,,,,,,,,,,,,,,,,,,,,,,,,,,,,,,,,,,,,,,,,,,,,,,,,,
forecast2016,2016-02-14,5,,,,,,,,1.0,,,,,,1.0,,,,,,,,,,,,,,,,,,1.0,,1.0,,1.0,,1.0,,,,1.0,,1.0,,1.0,,1.0,,,,,1.0,,,,,,,,,,,,,,,1.0,,1.0,,,,,1.0,1.0,,,,,,,,,,,,,,,,,,,,,,,,1.0,,,,,,,,,,,,1.0,,1.0,,,,,,,,,,,,,1.0,,,,,,,,,,,,,,,,,,,,1.0,,,,,,,,,,,,1.0,,,,,,,,,,,,,,,,,,,,,,,,,,,,,,,,,,,1.0,,,1.0,,,,,,,,,,,,,1.0,,,,,,,,,,,,,,,,,,,,,,,,,,,,,,,2.0,,,,,,,,2.0,,,,,,,,,,,,,,,,,,,,,,,,,,,,,,,,,,,,,,,,,,,,,,,,,,,,,,,,,,,,,,,,,,,,,,,,,
forecast2016,2016-02-15,9,1.0,,,1.0,,,,1.0,,,,,,,,,,,,,,1.0,,1.0,2.0,,,,2.0,,,,,1.0,,,,,,,1.0,,,2.0,1.0,1.0,,,,,1.0,,,2.0,,,,3.0,,,,,,,,,,,,1.0,,,,,,,,,1.0,,,,,,,,,,,,,,,,,,,,,1.0,,,,,,1.0,,,,,,,,,,,,1.0,,,,,,,1.0,,,1.0,,1.0,,,,,,,,,,,,,,,,,,,,1.0,,,,,,,,1.0,,2.0,,,,,,,,,,1.0,,1.0,1.0,,,,,,,,,,,,,,,,,2.0,,,,1.0,,,,,,,,,,1.0,,,,,,,,,1.0,,,,,,,,,,,,,,,,,,,,,,,1.0,,,,,1.0,,,,,,,,4.0,,,,,,,,,,,,,,,2.0,,,,,,,,,,,,,,,,,,,,,,,,,,,,,,,,,,,,,,,,,,,,,,,,,,,,,,,,,,
forecast2016,2016-02-16,3,,,,,,,,,,1.0,,,,,,,,,,,,,,,,,,,,,,,,,,,,,,,,,,,,,,,,,1.0,,,,1.0,,,,,1.0,,,,,,1.0,,,,,1.0,,,,,,,1.0,,,,,,,,,,,,,,,,,,,,1.0,,,,1.0,,,,,,,,,,,,,,,,,,,,,,,,,,,,,,,,,,,,,,,,,,,,,1.0,,,1.0,,,,,,,,,1.0,,,,,,,,,,,,,,,,,,,,,,,,,,,,,,,,,,,,,,,,,,,,,,,,,,,,,,,,,,,,,,,,,,,,,,,,,,,,,,,,,,,,,,,,,,,,,,,,,,,,,,,,,,,,,,,,,,,,,,,,,,,,,,,,,,,,,,,,,,,,,,,,,,,,,,,,,,,,,,,,,,,
forecast2016,2016-02-17,3,,,,,,,,1.0,,,,,,,,,,,,,,,,,,,,,1.0,,,,,,,,,,,,,,,,,,,,,,,,,,,,,,,,,,,,,,,,,,,,,,,,,,,,,,,,,,,,,,,,,,,,,,,,,,,,,,,,,,,,,,,,,,,,,,,,,,,,,,,,,,,,,,,,,,,,,,,,,,,,,,,,,,,,,,,,,,,,,,,,,,,,,,,,,,,,,,,,,,,,,,,,,,,,,,,,,,,,,,,,,,,,,,,,,,,,,,,,,,,,,,,,,,,,,,,,,,,,1.0,,,,1.0,,,,,,,,,,,,,,,,,,,,,,,,,,,,,,,,,,,,,,,,,,,,,,,,,,,,,,,,,,,,,,,,,,,,,
forecast2016,2016-02-18,3,,,,,,,,,,,,,,,,,,,,,,,,,,,,,,,,,,,,,,,,,,,1.0,,,,,,,,,,,,,,,,,,,,,,,,,,,,,,,,,,,,,,,,,,,,,,,,,,,,,,,,,,,,,,,,,,,,,,,,,,,1.0,,,,,,,,,,,,,,,,,,,,,1.0,,,,,,,,,,,1.0,,,,,,,,,,,,,,,,,,,,,,,,,,,,,,,,,,,,,,,,,,,,,,,,,,,,,,,,,,,,,,,,,,,,,,,,,,,,,,,,,,,,,,,,,,,,,,,,,,,,,,,,,,,,,,,,,,,,,,,,,,,,,,,,,,,,,,,,,,,,,,,,,,,,,,,,,,,,,,,,,,,,2.0,,,,,,,,
forecast2016,2016-02-19,5,1.0,,,1.0,,1.0,1.0,2.0,,1.0,,,2.0,1.0,,,,2.0,,1.0,,1.0,1.0,,,,,,1.0,1.0,,,,1.0,,,,,,,1.0,,1.0,3.0,1.0,,,2.0,,1.0,,,1.0,2.0,1.0,,,,2.0,,,,,,,,,,1.0,,3.0,,,,,2.0,,,,,1.0,,,,,,,,,,,,1.0,,,,,,,1.0,,,,,,1.0,,,,,,,,1.0,,,1.0,,,,1.0,,,,,1.0,,,,,,,,,,,1.0,,,,,,,,,1.0,,,,1.0,,,,2.0,,,,1.0,1.0,2.0,1.0,,,,,,1.0,,,,,,1.0,,,,,2.0,,,,,1.0,,,,1.0,,1.0,,,,,,,,,,,,,,,,,,,,,,,,1.0,,1.0,,,,,,,,,,,,,,,,,,,2.0,,2.0,3.0,,,,1.0,,,1.0,,,,1.0,1.0,,,,,,,,,,,,,,,,,,,,,,,,,,,,,,,,,,,,,,,,,,,,,,,,,,,,,,,,,,,,,,,,,1.0,,,,,,,,
forecast2016,2016-02-20,6,2.0,,,1.0,,,1.0,1.0,,,,,,1.0,,,,,,,,,,1.0,,,,,,,,,,1.0,,,,,,,,,1.0,1.0,,,,,,,,,2.0,2.0,,,,,,,,,,,,,,,1.0,,1.0,,,,1.0,,,,,,1.0,,,,1.0,,,,,,,,1.0,,,,,,,,,,,,,,,,,,,1.0,,,,,,,1.0,,2.0,,,,1.0,2.0,,,,,,,,,,,,,1.0,,,,,,,,,,,1.0,,,,,,,,2.0,,,,,,,,,,,,,,,1.0,,1.0,,,2.0,,,,,,,,,,1.0,1.0,,,,,,,,,,,,,,1.0,,,,,,,,,,1.0,,,,,,,,,,,,,,,,,,,,,,,1.0,,,,,4.0,,,,,,,,3.0,,,,,,,,,,,,,,,,,,,,,,,,,,,,,,,,,,,,,,,,,,,,,2.0,,,,,,,,,,,,,,,3.0,,,2.0,,3.0,,,,,,,,
forecast2016,2016-02-22,3,,,,,,,,1.0,,,,,,,,,,,,,,,,,,,,,1.0,1.0,,,,,,,,,,,,,1.0,,,,,,,,,,,,,,,,,,,,,,,,,1.0,,,1.0,,,,,,,,,,1.0,,,,,,,,,,,,,,,,,,,,1.0,,,,,,,,,,,,,,,,,,,,,,,,,1.0,,,,,,,,,,,,,1.0,,,,,,,,,,,1.0,,,,,,,,,,,,,,,,,,,,,,,1.0,,,,,1.0,,,,,,,,,,,,,,,,,,,1.0,,,,,,,,,,,,,,,,,,,,,,,,,,,,,,,,,,,,,,,,,,,,1.0,,,,,,,,1.0,,,,,,,,,,,,,,,,,,,,,,,,,,,,,,,,,,,,,,,,,,,,,,,,,,,,,,,,,,,,,,,,,,,,,,,,,
forecast2016,2016-02-23,11,3.0,,,4.0,,,3.0,,,,,,1.0,,,,,2.0,,,3.0,2.0,1.0,2.0,1.0,,1.0,,1.0,,,,,1.0,,,,,1.0,,,1.0,,,2.0,,,3.0,1.0,1.0,1.0,,,1.0,,,,,1.0,1.0,,,,,,1.0,,4.0,2.0,,3.0,,,,1.0,2.0,1.0,,,,1.0,,,,,,,,,,,,,,,,,,,,,2.0,,1.0,,2.0,,,,,,,,1.0,,1.0,1.0,,1.0,,,,,,1.0,2.0,,,,,,,,,,,,,1.0,,,,,,,,,,,3.0,,,1.0,,,,,,1.0,2.0,1.0,,,,,,1.0,,1.0,,,1.0,2.0,1.0,,,,2.0,1.0,,,,,,,,,,,,,,,,,,1.0,,,,,,,,,1.0,,,,,2.0,,1.0,,1.0,,,,,,,,,,1.0,,,,,,,,,,,,,1.0,,,3.0,,,1.0,,,,1.0,3.0,,,,,,,,,,,,,,,,,,,,,,,,,,,,,,,,,,,,,,,,,,,,,,,,,,,,,,,,,,,,1.0,,,1.0,,1.0,,,,,,,,
forecast2016,2016-02-24,1,1.0,,,,,,,,,,,,,,,,,,,,,,,,,,,,,,,,,,,,,,,,,,,,,,,,,,,,,1.0,,,,,1.0,,,,,,,,,,,,,,,,,,,,,,,,,,,,,,,,,,,,,,,,,,,,,,,,,,,1.0,,,,,,1.0,,,,,,,,,,,,,,1.0,,,,,,,,,,,,1.0,,,,,,,,1.0,,,,,,,,1.0,1.0,,,,,,,,,,,,,,,,,,,1.0,,,,,,,,,,1.0,,,,,,,,,,,,,,,,,,,,,,,,,,,,,,,,,,,,,,,,,,,,,,,,,,,,,,,,,,,,,,,,,,,,,,,,,,,,,,,,,,,,,,,,,,,,,,,,,,,,,,,,,,1.0,,,,,,,,,,,,,,,1.0,,,,,1.0,,,,,,,,
forecast2016,2016-02-25,1,,,,,,,,,,,,,,,,,,,,,,1.0,,,,,,,,,,,,,,,,,,,,,,,,,,1.0,,,,,,,,,,,,,,,1.0,,,,,1.0,,,,,,,,,,,,,,,,,,,,,,,,,,,,,,,1.0,,,,,,,,,,,,,,,,,,,,,,,,,,,,,,,1.0,,,,,,,,,,,,,,,,,,,,,,,,,,,,,,,,,,,,,,,,,,1.0,,,,,,,,,,,,,,,,,,,,,,,,,,,,,,,1.0,,,,,,,,,,,,,,,,,,,,,,,,,,,,,,,,,,,,,,1.0,1.0,,1.0,,,,,,,,,,,,,,,,,,,,,,,,,,,,,,,,,,,,,,,,,,,,,,,,,,,,,,,,,,,,,,,,,,,,,,,,,,,,,,
forecast2016,2016-02-26,4,,1.0,1.0,2.0,,,,,,,,,,1.0,,,,,,,,1.0,,1.0,,,1.0,,1.0,2.0,,1.0,,1.0,1.0,,,,,,,,,,,,,,,1.0,1.0,,1.0,,1.0,,1.0,,1.0,,,,,,,,,,1.0,,1.0,,,1.0,1.0,,1.0,,,,,,,,,,,,,,,,1.0,,1.0,,,,,,,,,,,2.0,,,,,,,,,,,,,,,1.0,,,,2.0,1.0,,,,,,,,,1.0,1.0,,,1.0,,,1.0,,,,,,,,2.0,,,,1.0,,,1.0,1.0,,1.0,,,,,,,,,,,,1.0,2.0,,,,,2.0,,,,,,,,,,,,,,1.0,,1.0,,,,,,,,1.0,,,,,,,,,,,2.0,,,,,,,,,1.0,,,,,,,,,,,,1.0,,,,,,,1.0,,,,,,,,1.0,1.0,,,,,,,,,,,,,,,,,,,,,,,,,,,,,,,,,,,,,,,,,,,,,,,,,,,,,,,,,,,2.0,,,,,2.0,,,,,,,,
forecast2016,2016-02-27,1,,1.0,1.0,,,,,,,,,,,1.0,,,,,,,,,,,,,,,,,1.0,,,,,,,,,,,,,,,,,,,,,,1.0,,,,,,,1.0,,,,,,,,1.0,,,1.0,,,,,,,,,,,,,,,,,,,,,,,,,,,,,,,,,,,,,,,,,,,,,,,,,,,,,,,,,,,,,,,,,,,,,,,1.0,,,,,1.0,,,,,,,1.0,,,,,,1.0,,,,,,,,,,,,,,,,,,,,,,,,,,,,,,,,,,,,,,,,,,,,,,,,,,,,,,,,,,,,,,,,,,,,,,,,,,1.0,,,,,,,,,,,,,,,,,,,,,,,,,,,,,,,,,,,,,,,,,,,,,,,,,,,,,,,,,,,,,,,,,,,,,,,,,,,,,,,,,,,,,,,,
forecast2016,2016-02-28,14,3.0,,,1.0,,,2.0,1.0,,,,,,3.0,,,1.0,3.0,,,1.0,,,,2.0,,,,1.0,,,,,,,,,,,1.0,1.0,,,,,,1.0,,,3.0,,,,1.0,1.0,,,,2.0,2.0,,,,,,,1.0,,1.0,,1.0,,,,1.0,2.0,1.0,,,,,,1.0,,,,,1.0,,,,,,1.0,1.0,,,,,1.0,,,,1.0,,,,,1.0,,,1.0,,,,1.0,,1.0,,,2.0,1.0,,,2.0,,,,,,,,,,,,2.0,,,,,,,,,,1.0,,,3.0,1.0,,,1.0,,,,,2.0,,,,,,,,1.0,,,,,3.0,,,,,,3.0,,,,,,,,,,,,1.0,,,1.0,1.0,,,2.0,,,,,,1.0,,,1.0,,,,,,,,,,1.0,,,,,,,,,,,,1.0,,,1.0,,,1.0,,,2.0,,,,3.0,,,,,,,1.0,4.0,,,,2.0,,,,,,,,,,,,,,,,,,,,,,,,,,,,,,,,,,,,,,,,,1.0,,,,,,,,,,,,,,,,,,1.0,,,,,,,,,,
forecast2016,2016-02-29,9,1.0,,1.0,2.0,,1.0,1.0,3.0,1.0,,,,,2.0,,,1.0,,,,,1.0,1.0,,,,,,2.0,,,,,1.0,,,1.0,,,,,,1.0,,,,1.0,2.0,2.0,1.0,,,,1.0,,1.0,1.0,2.0,,1.0,,,,,,,1.0,1.0,1.0,,1.0,,,,,,,,,,1.0,,,,,,,,,,,,,,1.0,,,,,,,,,,,1.0,,,,1.0,,1.0,1.0,1.0,,1.0,2.0,,,1.0,4.0,1.0,,,1.0,,,,,1.0,,,,,,,1.0,1.0,,,,1.0,,,,,1.0,,,2.0,,,,,,,,,1.0,1.0,,,,,,,,,,,,1.0,1.0,,,,,3.0,,,,,1.0,,,,1.0,1.0,,,,1.0,,,,,,,,,,,,,,,,,,,1.0,,2.0,,1.0,,,,,,,,,,1.0,,,,,,,,,,,,,,,,5.0,,,,,,,2.0,5.0,,,,,,,,,,,,,,1.0,,1.0,,,,,,,,,,,,,,,,,1.0,,,1.0,,,,,1.0,,,,,,,,,,,,,,,,,,,2.0,,,,,2.0,,,,,,,,
forecast2016,2016-03-01,15,2.0,,1.0,1.0,1.0,,,2.0,,,,1.0,1.0,3.0,,,,,,,,2.0,,1.0,1.0,,1.0,,1.0,1.0,,1.0,,2.0,,1.0,,1.0,,,,,2.0,1.0,1.0,2.0,,,,,,,2.0,,1.0,,1.0,1.0,,1.0,,,,,,,,,1.0,,2.0,,,,1.0,,1.0,1.0,1.0,,1.0,,1.0,,,,,,,,,,1.0,,1.0,,,,1.0,1.0,,,,,,1.0,,,,,,1.0,,,,,,1.0,,1.0,,,,,,1.0,,,1.0,1.0,,1.0,,,1.0,,,,1.0,,,,,,,,,,,1.0,,,,,,,,1.0,,2.0,,,,,,,1.0,,,,,1.0,,2.0,1.0,,1.0,1.0,,,,1.0,,,,,,,1.0,3.0,,,,1.0,,,,,,,,,,,,1.0,,,,,1.0,,2.0,,1.0,1.0,,,,,,,,,,,,,,,1.0,,,,,,,,,,5.0,,,,,,,,4.0,3.0,,,,,,,,,,,,,2.0,,1.0,,,,,,,,,,,,,,,,,,,1.0,,,,,,,,,,1.0,,,,,,,,,,,,,,,,,,,,,,,,,,,,
forecast2016,2016-03-02,13,,1.0,,,,,1.0,1.0,,,,,,3.0,,,3.0,1.0,,,3.0,1.0,,1.0,,,1.0,,2.0,2.0,1.0,2.0,2.0,,,,1.0,2.0,,1.0,1.0,,2.0,,,1.0,,1.0,2.0,1.0,,,2.0,2.0,,,2.0,,,2.0,,,,,1.0,,1.0,1.0,,,2.0,,,,1.0,,,1.0,,,1.0,,1.0,,1.0,,,,,,,,,1.0,1.0,,,,,,,,,,,2.0,,,,,,1.0,,,1.0,,,,,2.0,1.0,,,1.0,,,,,,,,,,,1.0,,,,1.0,,,1.0,,,,,1.0,,,2.0,,,,2.0,,,,1.0,,2.0,,1.0,1.0,,,,2.0,,,,,2.0,2.0,,,,,2.0,1.0,,,,,,,,,1.0,,2.0,1.0,1.0,,1.0,,,1.0,,,,,,,1.0,,,,,,,1.0,,,,,,,,,,,,,,,,,,,,1.0,,,2.0,,2.0,1.0,,,,4.0,1.0,,,,,,2.0,4.0,,,,1.0,,,1.0,,,,,,,,2.0,,,,,,,,,,,,,,,,,,,1.0,,,,,,,,,2.0,,3.0,,,,,,,,,,,,,,,2.0,,,1.0,,1.0,,,,,,,,
forecast2016,2016-03-03,2,2.0,,,,,,1.0,,,,,,,1.0,,,,,,,1.0,,,,,,,,,,,,1.0,,,,,,,,,,,,,,,,,,,,,,,,,,,,,,,,,,,1.0,,,,,,,,,,,,,,,,,,,,,,,,,1.0,,,,,,,,,,,,,,,,,,,,,,,,1.0,,,,,,,,,2.0,,,,,,,,,,,,,,,,,,,,,,,,1.0,,,,,,,,,1.0,1.0,,,,,,,1.0,,,,,,,,,,,1.0,,,,,,,,,,,,,,,,,,,,,,,,,,,,,,,,,,,,,,,,,,,,,,,,,,,,,,,,,,,,,,,,,,,,,,1.0,1.0,,,,1.0,,,,,,,,,,,,,,,,,,,,,,,,,,,,,,,,,,,,,,,,,1.0,,,,,,,,,,,,,,,1.0,,,1.0,,1.0,,,,,,,,
forecast2016,2016-03-04,2,,,,,,,1.0,1.0,,,,,,,,,1.0,,,,1.0,,,,1.0,,,,,1.0,,,,,,,,,,,1.0,,,,,,,1.0,,,,,,,,,,,,,,,,,,,,,,,,,,,1.0,,,,,,,,,,,,,,,,,,,,,,,,,,,,,,,1.0,,,,,,,,,,,,,,,1.0,,,,,1.0,,,,,,,,,,,,,,,,,,,,,,,,,,,,,,,,,,,,,,,,,,,,,,1.0,,,,,,2.0,,,,,,,,,,,,,,,,,,,,,,,,,,,,,,,,,,,,,,,,,,,,,,,,,,,,,,,,,,,,,,,,,,,,,,,,,,,1.0,,,,,,,,,,,,,,,,,,,,,,,,,,,,,,,,,,,,,,,,,,,,,,,,,,,,,,,,,,,2.0,,,,,,,,,,
forecast2016,2016-03-05,2,,,,1.0,,,1.0,,,,,,1.0,,,,,,,,,,,1.0,,,,,1.0,2.0,,,,1.0,,,,1.0,,,,,1.0,,,,,,,,,,,,,,,,1.0,1.0,,,1.0,,,,,,,,,,,,2.0,,,,,,,,,,,,,,,,,,,,,,,,1.0,,,,,,,1.0,,,,,,,,,,,,,,,1.0,,,,,,,,,,,,,,,,,,,,,,,,,,,,,,,,,,,,,,,,,1.0,1.0,,,,,,,,,,,,,,,1.0,,,,,,,,,,,,,,,,,,,,,,,,,1.0,,,,,,,,,,,,,,,,,,,,,,,,,,,,,,,,,,,,,,,,,,,,,,2.0,,,,,,,,,,,,,,1.0,,,,,,,,,,,,,,,,,,,,,,,,,,,,,,,2.0,,,,,,,,,,,,,,,1.0,,,,,,,,,,,,,
forecast2016,2016-03-08,2,,,,1.0,,,,1.0,,,,,1.0,1.0,,,,,1.0,,,,,1.0,1.0,,,,,,,1.0,,,,,,,,1.0,,,2.0,,,,,,,,,,,,,,,,,1.0,,,,,,,,,,1.0,1.0,,,,1.0,,,,,,1.0,,,,,,,,,,,1.0,,,,,,,1.0,,,,,,,1.0,,,,,,1.0,,,,1.0,,,,,,,,,,,,,,,,,,,,,,,,,,1.0,,,,,,,,,,1.0,,,,,,,,1.0,,,,,,,,,,,,,1.0,1.0,,,,,1.0,,,,,,,,1.0,,,,,,,,,,1.0,,,,,,,,,,,,,,,,,,,,,,,,,,,,,,,,,,,,,,,,1.0,,,,1.0,,,,,,,,,,,,,,,,,,,,,,,,,,,,,,,,,,,,,,,,,,,,,,,,,1.0,,,,,,,,,,,,,,,,,,,,,,,,,,,,,,,,
forecast2016,2016-03-09,5,,,,1.0,,,,1.0,,,,,,1.0,,,,,2.0,,,1.0,,,1.0,,,,,,,,,,,,,,,,,,,,,,,1.0,,1.0,,,,,,,,,,,,,,,,,,,1.0,,1.0,,,,,,,,1.0,,,,,,,,,,,,,,,,,,,,,,,,,,,,,,,,,,,,,,1.0,,,,2.0,,,,,,,,,,,,,,,,,,,,,,,,,,,,,,,,,,,,,,,1.0,,,,,,,,,,,,,,,,,,,,,,,,,,,,,,,,1.0,,,,,,,,,,,,,,,,,,,,,,,,,,,,,,,,,,,,,,,,,,,,,,,,,,,,,,,,,1.0,,,,,,,,,,,,,,,,1.0,,,,,,,,,,,,,,,,,,,,,,,,,,,,,,,,,,,,,,,,,,,,,,,,,,,,,,,,,
forecast2016,2016-03-10,3,,,,,,,,,,,,,,1.0,,,,,,,,,,,,,,,,1.0,,,,,,,,,,,,,,,1.0,,,,,1.0,,,,1.0,,,1.0,,,,,,,,,,,,,,,,,,,,,,,,,,,,,,,,,,,,,,,,1.0,,,,,,,,,,,,,,,,,,,,,,1.0,,,,,,,,,,,,,,,,,,,,,,,,,,,,1.0,,,,,,,,,,,,,,,,,,,,,,,,,,,,,,,1.0,,,,,,,,,,,,,,,,,,,,,,,,,,,,,,,,,,,,,,,,,,,,,,,,,,,,,,,,,,,1.0,,,,2.0,,,,,,,,3.0,,,,,,,,,,,,,,,,,,,,,,,,,,,,,,,,,,,,,,,,,,,,1.0,,,,,,,,,,,,,,,,1.0,,,1.0,,1.0,,,,,,,,
forecast2016,2016-03-11,1,1.0,,,,,,,,,,,,,1.0,,,,,,,,,,,,,,,,1.0,,,,,,,,,,,,,,1.0,,,,,,1.0,,,,1.0,,,,,1.0,1.0,,,,,,,,,,,,,,1.0,1.0,,,,,,,,,,,,,,,,,,,,,,,,,,,,,,,1.0,,,,,,,,,,,,,,,1.0,,,,,,,,,,,,,,,,,,,,,,,,,,1.0,,,,,,,1.0,,,,,,,,,,,,,,,,,,,,,,,,1.0,,,,,,,,,,,,,,1.0,,,,,,,,,,,,,,,,,,,,,,,,,,,,,,,,,,,,,,,,,,1.0,,,,,,,1.0,,,,,,,,1.0,,,,,,,,,,,,,,,,,,,,,,,,,,,,,,,,,,,,,,,,,,,,,,,,,,,1.0,,,,,,,,,,,,,,,,,,,,,,
forecast2016,2016-03-12,10,1.0,,,1.0,,,1.0,2.0,,,,,,1.0,,,1.0,,,,1.0,1.0,,3.0,1.0,,,,2.0,1.0,,,1.0,,,,,1.0,,,,,,,,1.0,,1.0,1.0,,,,1.0,,,,,,1.0,,,,,,,,,,1.0,,,,,,,,,,,,,,,,,,,,,,,,,,1.0,,,1.0,,,,1.0,,,,,,,,,,,,,,,,,,,,,,,,2.0,,,,,,,,,,,,,,,,,,,,,1.0,,,2.0,1.0,,,,,,,,1.0,1.0,,,,,1.0,,,,,,,,1.0,,,,,,,,,,,,,,,1.0,,,,1.0,,,,,,,,,,,,,,,,,,,,,,,,,,,,,,,,,,,,,,,,,,,,1.0,,,,,3.0,,,,,,,,4.0,1.0,,,,,,,,,,,,,1.0,,,,,,,,,,,,,,,,,,,,,,,,,,,,,,,,,,,,,,,,,,,,,,,,,,,,,,,,,,,
forecast2016,2016-03-14,1,,,,1.0,,,,,,,,,,,,,,,,,,,,,,,,,,,,,,,,,,,,,,,,,,,,,,,,,,,,,,,,,,,,,,,,,,,,,,,,,,,,,,,1.0,,,,,,,,,,,,,,,,,,,,,,,1.0,,,,,,,1.0,,,,,,,,,,,,,,,,,,,,,,,,,,,,,,,,,,,,,1.0,,,,,,,,,,,,,,,,,,,,,,,,,,,,,,,,,,,,,,,,,,,,,,,,,,,,,,,,,,,,,,,,,,,,,,,,,,,,,,,,,,,,,,,,,,,,,,,,,,,,,,,,,,,,,,,,,,,,,,,,,,,,,,,,,,,,,,,,,,,,,,,,,,,,,,,,,,,,,,,,,,,,,,,,,,,,
forecast2016,2016-03-15,3,1.0,,,,,,,1.0,,1.0,,,,1.0,,,,1.0,,,1.0,1.0,,,,1.0,,,1.0,,,,,1.0,,,,1.0,,,,1.0,1.0,1.0,1.0,1.0,,1.0,1.0,1.0,1.0,,,1.0,1.0,,,1.0,1.0,1.0,,,,,,,,,,,,,,,,,,,,,,,,,,,,,,,,,,,,,,,,,,1.0,,1.0,,,,,1.0,,,,,,,,,,,,,,,1.0,,,,,,,,,,,1.0,,,,,,,,,,,,1.0,,,2.0,,,,,,,,,1.0,,,,,,,,,,,,,,,,,,,2.0,,,,,,,,,,,,,,1.0,,,,,,,,,,,,,1.0,,,,,,,,1.0,,,1.0,,,,,,,,,1.0,,,,,,,,,,,1.0,,,,,1.0,,,,,,,,1.0,,,,1.0,,,,,,,,,,,,,,,,,,,,,,,,,,,,,,,,,,,,,,,,,,,,,,,1.0,,,,,,,,,2.0,,,,,2.0,,,,,,,,
forecast2016,2016-03-16,1,,,,1.0,,1.0,1.0,,,,,,,1.0,,,,,,,,,,,,,,,,,,,,,,,,,,,,,,,,,,,,,1.0,,,,,,,,,,,,,,,,,,,,,,,,,,,,,,,,,,,,,,,,,,,,,,,,,,,,,,,,,,,,,,,,,,,,,,,,,,,,,,,,,,,,,,,,,,,,,,,,,,,,,,,,,,,,,,,,,,,,,,,,,,,,,,,,,,,,,,,,,,,,,,,,,,,,,,,,,,,,,,,,,,,,,,,,,,,,,,,,,,,,,,,,,,,,,,,,,,,,,,1.0,,,,,,,,,,,,,,,,,,,,,,,,,,,,,,,,,,,,,,,,,,,,,1.0,,,,,,,,,,,,,,,,,,,,,,,,,,,,
forecast2016,2016-03-18,1,1.0,,,,,,1.0,,,,,,,,,,,,,1.0,,,,,,,,,,,,,,1.0,,,,1.0,,,,,,,,,,,,1.0,,,,,,,,1.0,,,,,,,,,,,1.0,,,,,1.0,,1.0,,,,,,,1.0,,,,,,,,,,,,,,,,,,,,,,,,,,,,,,,,,,,,,1.0,,,,,,,,,,,,,,,,,,,,,,,,,,,,,,1.0,,,,1.0,,,,,,,,,,,,,,,,,,1.0,1.0,,,,,1.0,,,,,,,,,,,,,,,,,,,,,,,,,1.0,,,,,,,,,,,,,,,,,,,,,,,,,,,,,,,,,,,,,,1.0,,,,,,,,1.0,1.0,,,1.0,,,,,,,,,,1.0,,,1.0,1.0,,,,,,,,,,,,,,,,,,,,,,,,,,,,,,,,,1.0,,,,,,,,,,,,,,1.0,,,,,,,,
forecast2016,2016-03-20,1,,,,,,,1.0,,,,,,,,,,,,,,,,,,,,,,,,,,,,,,,,,,,,,,,,,,,,,,,,,,,,1.0,,,,1.0,,,,,,,,,,,,,,,,,,,,,,,,,,,,,,,,,,,,,,,,,,,,,,,,,,,,,,,,,,,,,,,,,,,,,,,,,,,,,,,,,,,,,,,,,,,,,,,,,,,,,,,,,,,,,,,,,,,1.0,,,,,,,,,,,,,,,,,,,,,,,,,,,,,,,,,,,,,,,,,,,,,,,,,,,,,,,,,,,,,,,,,,,,,,,,,,,,,,,,,,,,,,,,,1.0,,,,,,,,,,,,,,,,,,,,,,,,,,,1.0,,,,,,,,,,,,,,,,,,,,1.0,,,,,,,,
forecast2016,2016-03-21,12,2.0,1.0,,2.0,,,1.0,3.0,,,,,1.0,2.0,,,1.0,,1.0,,3.0,,1.0,1.0,1.0,,,,,,,,,,,,1.0,,1.0,,1.0,1.0,1.0,,,,,1.0,,,1.0,,1.0,2.0,,,2.0,1.0,2.0,1.0,,,,,,,,,,,2.0,,,,,,,,,,1.0,,,,,,,,,,,,,1.0,,,,,1.0,1.0,,,,,,2.0,,,,,,1.0,,,,,,,,,,,,,,2.0,,1.0,,,,,,,,,,,,,,,,,,,,,,4.0,,,,2.0,,,,,1.0,2.0,,1.0,,,,,1.0,,1.0,,,2.0,1.0,,,,,6.0,1.0,,1.0,,,,,,,,,,,,,,,,1.0,,,,,,,1.0,,1.0,,,,,,,,,3.0,,,1.0,,,,,,,,,,,,,,,,,,,,,,,3.0,1.0,,,,,,,3.0,1.0,,,,,,,,,,,,,1.0,,,1.0,2.0,,,,,,,,,,,,,,,1.0,,,,,,,,,,,,5.0,,,2.0,,,1.0,,,,,,,,,1.0,,,,,4.0,,,,,,,,
forecast2016,2016-03-22,2,1.0,,,,,,,1.0,,,,,,,,,,,,,,,,1.0,,,,,,,,,,1.0,,,,,,,,,,,,,,,,,,,,,,,,,,,,,,,,,,,,,,,,,,,,,1.0,,,,,,,,,,,,,,,,,,,,,1.0,,,,,,,,,,,,,,,,,,,,,,,,,,,,,,,,,,,,,,,,,,1.0,,,,,,,,1.0,,,1.0,1.0,,,,1.0,,,,,,,,,,,,,,,1.0,,,,,,,,,,,,,,,,,,,1.0,,,,,,,,,,,,,,,,,,,,,1.0,,,1.0,,,,,,,,,,,,,,,,,,,,,,,,,,,,,,,,,,,,,,,,,,,,,,,,,,,,,,,,,,,,,,,,,,,,,,,,,,,,,,,,,,,,,,,,,,,,,,,,,,,,,,,,,,
forecast2016,2016-03-23,4,,,,,,,,,,,,,,,,,,,,,,,,,,,,,,,,,,,,,,,,,,,1.0,1.0,,,,,,3.0,,,,1.0,1.0,,,,1.0,,,,,,,1.0,,1.0,,,,,,,,,,,,,,,,,,,,,,,,,,,,,,,,,,,,,,,,,,,,,,,,,,,,,,,,,,,,,,,,,,,,,,,,,,,,,,,,,,1.0,,,,1.0,,,,2.0,,,,,,,,,,,,,,,,,,,,,,,,,,,,,,,,,,,,,,,,,,,,,,,,,,,,,,,,,,,,,,,,,,,,,,,,,,,,,,,,,,,2.0,,,,,,,,3.0,,,,,,,,,,,,,,,,,,,,,,,,,,,,,,,,,,,,,,,,,,,,,1.0,,,,,,,,,,,,,,,,,,,,,,,,,,,,
forecast2016,2016-03-24,2,,,,,,,,,,,,,,,,,,,,,,,,,,,,,,,,,,,,,,,,,,,,,,,,,,,,,,,,,,,,,,,,,,,,1.0,,,,,,,,,,,,,,,,,,,,,,,,,,,,,,,,,,,,,,,,,,,,,,,,,,,,,,,,,,,,,,,,,,,,,,,,,,,,,,,,,,1.0,,,,,,,,,,,,,,,,,,,,,,,,,,,,,,,,,,,,,,,,,,,,,,,,,,,,,,,,,,,,,,,,,,,,,,,,,,,,,,,,,,,,,,,,,,,,,,,,,,,,,,,,,,,,,,,,,,,,,,,,,,,,,,,,,,,,,,,,,,,,,,,,,,,,,,,,,,,,,,,2.0,,,,,,,,,,,,,
forecast2016,2016-03-25,3,,,,,,,,,,,,,,,,,,,,,,,,,,,,,,,,,,,,,,1.0,,,,,,1.0,,,,,1.0,,,,,,,,,,1.0,1.0,,,,,,,,1.0,,,,,,,,,,,,,,,,,,,,,,,,,,,,,,,,,,,,,,,,,,,,,,1.0,,,,,,,,,,,,,,,,,,,,,,,,,,,,,,,,,,,,,,,,,,,,,,,,,,,,,,,,,,,,,,,,,,,,,,,,,,1.0,,,,,,,,,,,,,,,,,,,,,,,,,,,,,,,,,,,,,,,,,,,,,,,,,,,,,1.0,,,,,,,,1.0,,,,,,,,,,,,,,,,,,,,,,,,,,,,,,,,,,,,,,,,,,,,,1.0,,,,,,,,,,,,,,,,,,,,,,,,,,,,
forecast2016,2016-03-26,1,,,,,,,,1.0,,,,,,,,,,,,,,,,,,,,,,,,,,,,,,,,,,,,,,,,,,,,,,,,,1.0,,,,,,,,,,,,,,,,,,,,,,,,1.0,,,,,,,,,,,,,,,,,,,,,,,,,,,,,,,,,,,,,,,,1.0,,,,,,,,,,,,,,,,,,,,,,,,,,,,,,,,1.0,,,,,,,,,,,,,,,,,,,,,,,,,1.0,,,,,,,,,,,,,,,,,,,,,,,,,,,,,,,,,,,,,,,,,,,,,,,,,,,,,,,,,,,,,,,,,,,,,,,,,,,,,,,,,,,,,,,,,,,,,,,,,,,,,,,,,,,,,,,,,,,,1.0,,,,,,,,,,,,,,,,,,,,,,,,,,,,
forecast2016,2016-03-27,4,1.0,1.0,1.0,,,,,1.0,,,,,,1.0,1.0,,,1.0,,,,,,1.0,,,,,1.0,,1.0,1.0,,,,,,,,1.0,1.0,,,,,1.0,,,,1.0,1.0,,1.0,,,,,,1.0,,,,,1.0,,,,,,,1.0,,,,,,,,,1.0,1.0,,1.0,,1.0,,,,,,,,,,,,,,,,1.0,,,,,,,,1.0,,,1.0,,,1.0,1.0,,,,,,,,,,1.0,,,,,,,,,,,1.0,,,,1.0,,,1.0,,,,1.0,,3.0,,,,,,,,,,1.0,,,1.0,,,,,,1.0,,,1.0,,,,,,1.0,,,,,,,,,,1.0,1.0,,,,,,,,,,,,,1.0,1.0,1.0,,,,,,,,,,,,,,,,,1.0,1.0,,,,,,,,,,,,,,,,,1.0,,1.0,,,,,,,,1.0,1.0,,,,,1.0,,,,,,,,,,,,,,,,1.0,,,,,,,,,,,,,,1.0,,,,,,,,,,,,,,,,,,,,,,,,,,,,,1.0,,,,,,,,
forecast2016,2016-03-28,3,1.0,,,,,,1.0,,,,,,,1.0,,,1.0,,,,,,,,,,1.0,,,,,,,,,,,,,,,,,,,,,,,,,,,,,1.0,,,,,,,,,,,,,,,,,,,,,,,,,,,,,,,,,,,,,1.0,,,,,,,,,,,,,,,,,,,,,,,,,,,,,,,,1.0,,,,,,,,,,,,,,,,,1.0,,,,,,,,,,,1.0,,,,,,,1.0,,,,,,,,,,1.0,,,,,,,,,,,,,,,,,,,,,,,,,,,,,,,,,,,,,,,,,,,,,1.0,,,,,,,,,,,,,,,,,,,,,,,,,,1.0,,,,,,,,1.0,1.0,,,,,,,,,,,,,,,,,,,,,,,,,,,,,,,,,,,,,,,,,,,,2.0,,,,,,,,,,,,,,,,,,,,,,,,,,,,
forecast2016,2016-03-29,1,1.0,,,,1.0,,,,,,,,,1.0,,,,,,,,,,,1.0,,,,1.0,1.0,,,,1.0,,,,,,,,,,,1.0,,,,,,,,,,,,,,1.0,,,,,,,,,,,,,,,,,,,,,,,,1.0,,,,,,,,,,,,,,,,,,,,,,,,,,,1.0,,,,,,,,,,,,,,,,,,,,,,,,,,,,,,,,,,,,,,,,,,,,1.0,,,,1.0,,1.0,,,,,,,,,,,,,1.0,,,,,,,,,,,,,,,,,,,,,,,,,,,,,,,,,,,,,,,,,,,,,,,,,,,,1.0,,,,,,,,,,,1.0,,,,,1.0,1.0,,,,,,,1.0,,,,1.0,,,,,,,,,,,,,,,,,,,,,,,,,,,,,,,,,,,,,,,,,1.0,,,,,,,,,,,,,,,,,,,,,,,,,,,,
forecast2016,2016-03-30,4,1.0,,,2.0,,,1.0,1.0,1.0,,,,,2.0,,,,,,,,,,1.0,,,,,2.0,2.0,,,,1.0,,,,1.0,,1.0,,,,,,,,2.0,1.0,,1.0,,,2.0,,1.0,1.0,,1.0,1.0,,,1.0,,,,,,1.0,,2.0,,,,1.0,,,,,,,,,,,,,,,,,1.0,,1.0,,,,,,,,,,,,,,,,,,,,,,1.0,,,,,1.0,1.0,,,,1.0,,,,,,,,,1.0,,,,,,,,,,,,1.0,,,1.0,,,,2.0,,,,,,2.0,,,,,,,,,,,,2.0,2.0,,,,1.0,1.0,,,,,,,,,,1.0,1.0,,,,,,,,1.0,,,,,,,,,1.0,,,,1.0,,,,,2.0,,,,,,,,,,,,,,,,,,,1.0,,,,,,,3.0,,,,,,,1.0,3.0,,,,,,,,,,,,,,,,,,,,,,,,,,,,,,,,,,,,,,,,,,,,,2.0,,,,,,,,,,,,,,,,,,,,1.0,,,,,,,,
forecast2016,2016-03-31,7,4.0,,,,,,1.0,2.0,,,,,,,,,,1.0,,,2.0,1.0,,,,,,,1.0,1.0,1.0,,,3.0,1.0,1.0,,,,,,1.0,,,,1.0,,1.0,,1.0,1.0,,1.0,6.0,,,,1.0,1.0,,,,,,,,1.0,1.0,,,1.0,,,,1.0,1.0,,,,,1.0,,2.0,,,,,,,,,,2.0,,,,,,3.0,,,2.0,,,,1.0,,,,,,1.0,,,,,1.0,,,3.0,2.0,,,,,,,,,,,,,,,1.0,1.0,,,,,,,,,,,,,,,,1.0,,2.0,1.0,,1.0,,3.0,1.0,,1.0,,,,,,,,,,,,1.0,,,,,,,,,,,,,,,,,,,,,,,,,,,,,,,,,,,1.0,,,1.0,,,,,,,,,,,,,,,,,,,,,,,,,,,,6.0,,,,,,,3.0,4.0,1.0,,,,1.0,,,,,,,,,1.0,,,,,,,,,,,,,,,,,,,,,,,,,,,,,,,,,,,,,,,,,,,,,,,,,,,,,,,,,,,
forecast2016,2016-04-01,1,,,,1.0,,,,,,1.0,,,,1.0,,,,,,,,,,,,,,,,1.0,,,,,,,,,,,,,,,,,,,,,,,,,,,,,,,,,,,,,,,,,,,,,,,,,,,1.0,,,,,,,,,,,,,,,,,,,,,,,,,1.0,,,,,,,,,,,,1.0,,,,,,,,,,,,,,,,,,,1.0,,,,,,1.0,,,,,,,,,,,,,,,,,1.0,,,,,,,,,,,,,,,,,1.0,,1.0,,,,,,,,,1.0,1.0,,,,,,,,,,,,,,,,,,,,,,,,,,,1.0,,,,,,,,,,,,,,,,,,,,,,,,,1.0,,,,,,,1.0,,,,,,,,,,,,,,,,,,,,,,,,,,,,,,,,,,,,,,,,,,,,1.0,,,,,,,,,,,,,,,,,,,,,,,,,,,,,,
forecast2016,2016-04-03,1,,,,,,,,,,,,,,,,,,,,,,,,,,,,,,,,,,,,,,,,,,,,,,,,,,,,,,,,,,1.0,,,,,,,,,,,,,,,,,,,,,,,,,,,,,,,,,,,,,,,,,,,,,,,,,,,,,,,,,,,,,,,,,,,,,,,,,,,,,,,,,,,,,,,,,,,,,,,,,,,,,,,,,,,,,,,,,,,,,,,,,,,,,,,,,,,,,,,,,,,,,,,,,,,,,,,,,,,,,,,,,,,,,,,,,,,,,,,,,,,,,,,,,,,,,,,,,,,,,,,,,,,,,,,,,,,,,,,,,,,,,,,,,,,,,,,,,,,,,,,,,,,,,,,,,,,,,,,,,,,,,,,,
forecast2016,2016-04-05,1,,,,,,,,,,,,,,1.0,,,,,,,,,,1.0,,,,,,,,,,,,,,,,,,,,,,,,,,,,,,,,,,,,,,,,,,,,,,,,,,,,,,,,,,,,,,,,,,,,,,,,,,,,,,,,,,,,,,,,,,,,,,,,,1.0,,,,,,,,,,,,,,,,,,,,,,,,,,,,,,,,,,,,,,,,,,,,,,,,,,,,,,,,,,,,,,,,,,,,,,,,,,,,,,,,,,,,,,,,,,,,,,,,,,,,,,,,,,,,,,,,,,,,,,,,,,,,,,,,,,,,,,,,,,,,,,,,,,,,,,,,,,,,,,,,,,,,,,,,,,,,,,,,,,,,,,,,,,,,,,,,,,,,,,,,,
forecast2016,2016-04-08,7,,,,,,,,,,,,,,,,,,,,,,,,,,,,,,,,,,1.0,,,,,,1.0,1.0,1.0,,,,,,1.0,,,1.0,,,,,,,1.0,,,,,,,,,,,,,,,,,,,3.0,,,,,,,,,,,,,,,,,,,,,,,2.0,,,,,,,,,,,,,,,,,,,,,,,,,,,,,,,,,,,,,,,,,,,,,,,,,,4.0,,,,,,,,,,,,,,,,,,,,,,1.0,,,,,,1.0,,,,,,,,,,,,,,,,1.0,,,,,,,,,,,,,,,,,,,,,,,,,,,,,,,,,,,,,,,,,,1.0,,,,,1.0,,,,,,,,,,,,,,,,,,,,,,,,,,,,,,,,,,,,,,,,,,,,,,,,,,,,,1.0,,,,,,,,,,,,,,,,,,,,,,,,,,,,
forecast2016,2016-04-09,1,,,,,,,,,,,,,,,,,,,,,,,,,,,,,,,,,,,,,,,,,,,,,,,,,,,,,,,,,,,,,,,,,,,,,,,,,,,,,,,,,,,,,,,,,,,,,,,,,,,,,,,,,,1.0,,,,,,,,,,,,,,,,,,,,,,,,,,,,,,,,,,,,,,,,,,,,,,,,,,,,,,,,,,,,,,,,,,,,,,,,,,,,,,,,,,,,,,,,,,,,,,,,,,,,,,,,,,,,,,,,,,,,,,,,,,,,,,,,,,,,,,,,,,,,,,,,,,,,,,,,,,,,,,,,,,,,,,,,,,,,,,,,,,,,,,,,,,,,,,,,,,,,,,,,,,,,,,,,,,,,,,,,
forecast2016,2016-04-11,1,1.0,,,,1.0,,,,,,,,,1.0,,,,,,,,,,,1.0,,,,1.0,1.0,,,,1.0,,,,,,,,,,,1.0,,,,,,,,,1.0,,,,,1.0,,,,,,,,,,,,,,,,,,,,,,,,1.0,,,,,,,,,,,,,,,,,,,,,,,,,,,1.0,,,,,,,,,,,,,,,,,,,,,,,,,,,,,,,,,,,,,,,,,,,,1.0,,,,1.0,,1.0,,,,,,,,,,,,,1.0,,,,,,,,,,,,,,,,,,,,,1.0,,,,,,,,,,,,,,,,,,,,,,,,,,,,,,,1.0,,,,,,,,,,,1.0,,,,,1.0,,,,,,,,1.0,1.0,,,1.0,,,,,,,,,,1.0,,,,,,,,,,,,,,,,,,,,,,,,,,,,,,,1.0,,,,,,,,,,,,,,,,,,,,,,,,,,,,
forecast2016,2016-04-12,1,1.0,,,,,,,,,,,,,,,,,,,,,,,,,,,,,,,,,,,,,,,,,,,,,,,,,,,,,,,,,,,,,,,,,,,,,,,,,,,,,,,,,,,,,,,,,,,,,,,,,,,,,,,,,,,,,,,,,,,,,,,,,,,,,,,,,,,,,,,,,,,,,,,,,,,,,,,,,,,,,,,,,,,,,,,,,,,,,,,,,,,,,,,,,,,,,,,,,,,,,,,,,,,,,,,,,,,,,,,,,,,,,,,,,,,,,,,,,,,,,,,,,,,,,,,,,,,,,,,,,,,,,,,,,,,,,,,,,,,,,,,,,,,,,,,,,,,,,,,,,,,,,,,,,,,,,,,,,,,,,,,,,
forecast2016,2016-04-13,1,,,,,,,,,,,,,,,,,,,,,,,,,,,,,,,,,,,,,,,,,,,,,,,,,,,,,,,,,,,,,,,,,,,,,,,,,,,,,,,,,,,,,,,,,,,,,,,,,,,,,,,,,,,,,,,,,,,,,,,,,,,,,,,,,,,,,,,,,,,,,,,,,,,,,,,,,,,,,,,,,,,,,,,,,,,,,,,,,,,,,,,,,,,,,,,,,,,,,,,,,,,,,,,,,,,,,,,,,,,,,,,,,,,,,,,,,,,,,,,,,,,,,,,,,,,,,,,,,,,,,,,,,,,,,,,,,,,,,,,,,,,,,,,,,,,,,,,,,,,,,,,,,,,,,,,,,,,,,,,,,,
forecast2016,2016-04-16,1,,,,,,,,,,,,,,,,,,,,,,,,,,,,,,,,,,,,,,,,,,,,,,,,,,,,,,,,,,,,,,,,,,,,,,,,,,,,,,,,,,,,,,,,,,,,,,,,,,,,,,,,,,,,,,,,,,,,,,,,,,,,,,,,,,,,,,,,,,,,,,,,,,,,,,,,,,,,,,,,,,,,,,,,,,,,,,,,,,,,,,,,,,,,,,,,,,,,,,,,,,,,,,,,,,,,,,,,,,,,,,,,,,,,,,,,,,,,,,,,,,,,,,,,,,,,,,,,,,,,,,,,,,,,,,,,,,,,,,,,,,,,,,,,,,,,,,,,,,,,,,,,,,,,,,,,,,,,,,,,,,
forecast2016,2016-04-19,13,,1.0,,,,,,2.0,1.0,,,,,3.0,,,,1.0,,,,,,,1.0,,1.0,,,,1.0,2.0,,2.0,1.0,,1.0,,,1.0,1.0,2.0,1.0,,,2.0,,1.0,1.0,1.0,3.0,,2.0,1.0,1.0,,2.0,,3.0,2.0,,,,1.0,,,,,1.0,,4.0,,,,,,1.0,,,,,,,1.0,,,,,,,,,,1.0,,,,,,,,,,,1.0,,,,,,,,,,,,1.0,,,,,,,,,4.0,,,,,,,1.0,,,1.0,,,,,,,,,,,2.0,,1.0,4.0,1.0,,,,,,,,,4.0,,,,,1.0,,1.0,,,,,3.0,1.0,,,,,4.0,1.0,,,1.0,,,,,,,2.0,1.0,,,,1.0,,,2.0,,,,,,,,,2.0,,,,3.0,,,,,3.0,2.0,,,,,,,,,1.0,,,1.0,,,,,,,,1.0,1.0,1.0,,,4.0,,,1.0,,,,,4.0,,,,,,,,,,,,,,1.0,,,,,,,,,,,,,,,,,,,,,,,,,,,,,,,1.0,,,,,,1.0,,,,,,,,,,,,,,4.0,,,,,,,,
forecast2016,2016-04-20,3,,,,,,,,,,,,,,,,,,,,,1.0,,,,,,,,,,,,,,,,1.0,,,,,,,,,,,,,,,,,,,,,,1.0,,,,,,,,,,1.0,,,,,,,,,1.0,,,,,,,,,,,,,,,,,,,,,,,,,,,,,,,,1.0,,,,1.0,,,,,,,,,,,,1.0,,,,,,,,,,,,,,,,,,,,,,,,1.0,,,,,,,,,,1.0,,,,,,,,,,,,,1.0,,,,,,,,,,,,,,,1.0,,,,,,,,,,,,,,,,,,,,,,,,,,,,,,,,,,,,,,,,,,,,,,,,,,,,,3.0,,,,,,,,1.0,,,,,,,,,,,,,,,,,,,,,,,,,,,,,,,,,,,,,,,,,,,,,,,,,,,,,,,,,,,,,,,,,,,,,,,,,
forecast2016,2016-06-28,2,,,,,,,,,,,,,,,,,,,,,1.0,,,,,,,,,,,,,,,,,,1.0,,,1.0,1.0,,,,,1.0,,,,,,,,,,,,,,,,,,,,,,,,,,,,,,,,,1.0,,,,,,,,,,,,,,,,,,,,,,,,,,,,,,,,,,,,,,,,,,,,,,,,,,,,,,,,,,,,,,,,,,,,,,,,,,,,,,,,,,,,,,,,,,,,,,,,,1.0,,,,,,,,,,,2.0,,,,,,,,,,,,,,,,,,,,,,,,,,,,,,,,,,,,,,,,,,,,,,,,,,,,1.0,,,,,,,,,,,,,,,,,,,,,,,,,,,,,,,,,,,,,,,,,,,,,,,,,,,,,,,,,,,,,,,,,,,,,,,,,,,,,,,,,
forecast2016,2016-06-29,4,,,,1.0,1.0,,,,,,,,,1.0,,,,,1.0,,,,,,,,,,,,,,,1.0,,,,,,,,,1.0,,,,,,,,1.0,,2.0,,,,,,1.0,1.0,,,,,,,,,,,1.0,,,,,,,,,,,,,,,,,,,,,,,1.0,,,,,,,,,,,,,,,,,,1.0,,,,,,,,,,,,,1.0,,,,,,,,,,,,,,,,,,,,,,1.0,,,1.0,,,,1.0,,,,,,,,,,,,,,,,,,1.0,,,,,,2.0,,,,,,,,,,1.0,,,,,,,,,,,,,,,,,,,,,,1.0,,,,,,1.0,,,,,,,,,,,,,,,,,,,,,,,,,3.0,1.0,,,,,,,,,,,,,,,,,,,,,1.0,,,,,,,,,,,,,,,,,,,,,,,,,,,,,,,,,,,,,1.0,,,,,,,,,,,,,,,,,,,,,,
forecast2016,2016-06-30,1,,,,,,,,,,,,,,,,,,,,,,,,,,,,,,1.0,,,,,,,,,,,,,,,,,,,,,,,,,,,,,,,,,,,,,,,,,,,,,,,,,,,,,1.0,,,,,,,,,,,,,,,,,,,,,,,,,,,,,,,,,,,,,,,,,,,,,,,,,,,,,,,,,,,,,,,,,,,,,,,,,,,,,,,,,,,,,,,,,1.0,,,,,,1.0,,,,,,,,,,,,,,,,,,,,,,,,,,,,,,,,,,,,,,,,,,,,,,,,,,,,,,,,,,,,,,,1.0,,,,,,,,,,,,,,,,,,,,,,,,,,,,,,,,,,,,,,,,,,,,,,,,,,,,,,,,,,,,,,,,,,,,,,,,,,,,,,,,,
forecast2016,2016-07-06,1,,,,1.0,,,,,,,,,,1.0,,,,,,,,,,,,,,,,,,,,,,,,,,,,,,,,,,,,,,,,1.0,1.0,,,,1.0,1.0,,,,,,,,,,,1.0,,,,1.0,,,,,,,,1.0,,,,,,,,,,,,,,,,,,,,,,,,,,,,,,,,,,,,,,,,,,,,,,,,,,,,,,,,,,,,,,,,,,,1.0,,,,,,,,,,1.0,,,,,,,1.0,,,,,1.0,1.0,,,,,1.0,,,,,,,,,,,,,,,,,,,,,,,,,,,,,,,,,,,,,1.0,,,1.0,,,,,,,1.0,,,,,,,,,,,,1.0,,,,1.0,,,,,,,,1.0,,,,,,,,,,,,,,1.0,,,,,,,,,,,,,,,,,,,,,,,,,,,,,,,,,,,,,1.0,,,,,,,,,,,,,,,,,,,,,,
forecast2016,2016-07-11,1,,,,,,,,,,,,,,,,,,,,,,,,,,,,,,1.0,,,,,,,,1.0,,,,,,,,,,,,,,,,,,,,,,1.0,,,,,,,,,,,,,,,,,,,,,,,,,,,,,,,,,,,,,,,,,,,,,,1.0,,,,,,,,,,,,,,1.0,,,,,,1.0,,,,,,,,,,,,,1.0,,,,,,,,1.0,,,1.0,,,,,,,,,,,,,,,,,,,,,,,,,,,,1.0,,,,,,,,,,,,,,,,,,,,,,,,,,,,,,,,,,,,,1.0,,,,,,,,,,,,,,,,,,,,,,,,,,1.0,,,,,,,,,,,,,,,,,,,,,,,,,,,,,,,,,,,,,,,,,,,,,,,,,,,,,,,,,,,,,,,,,,,,,,,,,,,,,,,,,
forecast2016,2016-07-12,1,,,,,,,,,,,,,,,,,,,,,,,,,,,,,,,,,,,,,,,,,,,,,,,,,,,,,,,,,,,,,,,,,,,,,,,,,,,,,,,,,,,,,,,,,,,,,,,,,,,,,,,,,,,,,,,,,,,,,,,,,,,,,,,,,,,,,,,,,,,,,,,,,,,,,,,,,,,,,,,,,,,,,,,,,,,,1.0,,,,,,,,,,,,,,,,,,,,,,,,,,,,,,,,,,,,,,,,,,,,,,,,,,,,,,,,,,,,,,,,,,,,,,,,,,,,,,,,,,,,,,,,,,,,,,,,,,,,,,1.0,,,,,,,,,,,,,,,,,,,,,,,,,,,,,,,,,,,,,,,,,,,,,,,,
forecast2016,2016-07-13,1,,,,,,,,,,,,,,,,,,,,,,,,,,,,,,,,,,,,,,,,,,,,,,,,,,,1.0,,,,,,,,,,,,,,,,,,,,,,,,,,,,,,,,,,,,,,,,,,,,,,,,,,,,,,,,,,,,,,,,,,,,,,,,,,,,,,,,,,,,,,,,,,,,,,,,,,,,,,,,,,,,,,,,,,,,,,,,,,,,,,,1.0,,,,,,,,,,,,,,,,,,,,,,,,,,,,,,,,,,,,,1.0,,,,,,,,,,,,,,,,,,,,,1.0,,,,,1.0,,,,,,,,,,,,,,,,,,,,,,,,,,,,,,,,,,,,,,,,,,,,,,,,,,,,,,,,,,,,,,,,,,,,,,,,,,,,,,,,,
forecast2016,2016-08-06,2,1.0,,,,,,,,,,,,,,,,,,,,,,,,,,,,,,,,,,,,,,,,1.0,,,,,,,,,,,,1.0,1.0,,,,,,,,,,,,,,,,,,,,,,,,,,,,,,,,,,,,,,,,,,,,,,,,,,,,,,,,,,,,,,,,,,,,,,,,,,,,,,,,,,,,,,,,,,,,,,,,,,,,,,,,,,,,,,,,,,,,,,,,,,,,1.0,,,,,,,,,,,,,,,,,,,,,,,,,,,,,,,,,,,1.0,,,,,,,,,,,,,,,,,,,,,,,,,,,,1.0,,,,,,,,,,,,,,,,,,,,,,,,1.0,,,,,,,,,,,,,,,,,,,,,,,,,,,,,,,,,,,,,,,,,,,1.0,,,,,,,,,,,,,,
forecast2016,2016-09-28,1,,,,,,,,,,,,,,,,,,,,,,,,,,,,,,,,,,,,,,,,,,,,,,,,,,,,,,,,,,,,,,,,,,,1.0,,,,,,,,,,,,,,,,,,,,,,,,,,,,,,,,,,,,,,,,,,,,,,,,,,,,,,,,,,,,,,,,,,,,,,,,,,,1.0,,,,,,,,1.0,,,,,,,,,,,,,,,,,,,,,,,,,,,,,,,,,,,,,,,,,,,,,,,,,,,,,,,,,,,,,,,,,,,,,,,,,,,,,,,,,,,,,,,,,,,,,,,,,,,,,,,,,,,,,,,,,,,,,,,,,,,,,,,,,,,,,,,,,,,,,,,,,,,,,,,,,,,,,,,,,,,,,,,,,,,,
forecast2016,2016-10-09,1,,,,,,,,,,,,,,,,,,,,,,,,,,,,,,,,,,,,,,,,,,,,,,,,,,,,,,,,,,,,,,,,,,,,,,,,,,,,,,,,,,,,,,,,,,,,,,,,,,,,,,,,,,,,,,,,,,,,,,,,,,,,,,,,,,,,,,,,,,,,,,,,,,,,,,,,,,,,,,,,,,,,,,,,,,,,,,,,,,,,,,,,,,,,,,,,,,,,,,,,,,,,,,,,,,,,,,,,,,,,,,,,,,,,,,,,,,,,,,,,,,,,,,,,,,,,,,,,,,,,,,,,,,,,,,,,,,,,,,,,,,,,,,,,,,,,,,,,,,,,,,,,,,,,,,,,,,,,,,,,,,
